run_id,stream_id,profile,scope,config_id,config_key,bootstrap_group_key,design,n_bootstraps,possessions_per_bootstrap,samples_per_possession,is_baseline,is_individual_profile_like,bootstrap_seed,null_seed,simulation_tag,sweep_tag,sweep_design_version,seed_policy_version,map_estimator,source_possessions,status,elapsed_seconds,lambda_qut,lambda_max_obs,lambda_ci_low,lambda_ci_high,lambda_ci_width,lambda_bootstrap_mean,lambda_bootstrap_std,bootstrap_draws_requested,bootstrap_draws_successful,p_value,reject_qut,error
reference__full_game__b050_p01000_s150,reference__full_game__p01000_s150,reference,full_game,22,b050_p01000_s150,p01000_s150,full_factorial_nested_prefix,50,1000,150,False,False,12221624,675355214,games10_possessions92_source4370615271_grid20x10_trajectory142_outcome242_baseline0.10_mc100_alpha0.05_min100_profiles2b1671cb4b,games10_possessions92_source4370615271_grid20x10_trajectory142_outcome242_baseline0.10_mc100_alpha0.05_min100_profiles2b1671cb4b_plandc0cd9facf,factorial_nested_prefix_median_v1,sha256_slot_seed_v1,nested_prefix_median_v1,920,ok,39.29443700000047,14.60900632393309,53.23765625429131,48.8292520314052,60.825240421440206,11.99598839003501,55.24027998993893,3.7367639611396855,50,50,0.0,True,
reference__full_game__b100_p01000_s150,reference__full_game__p01000_s150,reference,full_game,37,b100_p01000_s150,p01000_s150,full_factorial_nested_prefix,100,1000,150,False,False,12221624,675355214,games10_possessions92_source4370615271_grid20x10_trajectory142_outcome242_baseline0.10_mc100_alpha0.05_min100_profiles2b1671cb4b,games10_possessions92_source4370615271_grid20x10_trajectory142_outcome242_baseline0.10_mc100_alpha0.05_min100_profiles2b1671cb4b_plandc0cd9facf,factorial_nested_prefix_median_v1,sha256_slot_seed_v1,nested_prefix_median_v1,920,ok,71.19662929999686,14.60900632393309,53.23765625429131,47.46732116989421,61.68097144042377,14.213650270529556,54.88408272143005,3.922279402888986,100,100,0.0,True,
reference__quarter_2__b050_p01000_s150,reference__quarter_2__p01000_s150,reference,quarter_2,22,b050_p01000_s150,p01000_s150,full_factorial_nested_prefix,50,1000,150,False,False,4158371063,1188420546,games10_possessions92_source4370615271_grid20x10_trajectory142_outcome242_baseline0.10_mc100_alpha0.05_min100_profiles2b1671cb4b,games10_possessions92_source4370615271_grid20x10_trajectory142_outcome242_baseline0.10_mc100_alpha0.05_min100_profiles2b1671cb4b_plandc0cd9facf,factorial_nested_prefix_median_v1,sha256_slot_seed_v1,nested_prefix_median_v1,230,ok,39.27729450000516,14.940096063705536,52.02356272386122,43.941230099226125,60.79522548049297,16.85399538126684,51.500595568933534,4.646117536915836,50,50,0.0,True,
reference__quarter_2__b100_p01000_s150,reference__quarter_2__p01000_s150,reference,quarter_2,37,b100_p01000_s150,p01000_s150,full_factorial_nested_prefix,100,1000,150,False,False,4158371063,1188420546,games10_possessions92_source4370615271_grid20x10_trajectory142_outcome242_baseline0.10_mc100_alpha0.05_min100_profiles2b1671cb4b,games10_possessions92_source4370615271_grid20x10_trajectory142_outcome242_baseline0.10_mc100_alpha0.05_min100_profiles2b1671cb4b_plandc0cd9facf,factorial_nested_prefix_median_v1,sha256_slot_seed_v1,nested_prefix_median_v1,230,ok,74.12499040000512,14.940096063705536,52.02356272386122,44.12602098423745,61.14952032685053,17.02349934261308,52.34117468705422,4.598092104093123,100,100,0.0,True,
reference__quarter_3__b050_p01000_s150,reference__quarter_3__p01000_s150,reference,quarter_3,22,b050_p01000_s150,p01000_s150,full_factorial_nested_prefix,50,1000,150,False,False,3544777503,3316198166,games10_possessions92_source4370615271_grid20x10_trajectory142_outcome242_baseline0.10_mc100_alpha0.05_min100_profiles2b1671cb4b,games10_possessions92_source4370615271_grid20x10_trajectory142_outcome242_baseline0.10_mc100_alpha0.05_min100_profiles2b1671cb4b_plandc0cd9facf,factorial_nested_prefix_median_v1,sha256_slot_seed_v1,nested_prefix_median_v1,230,ok,40.433756299995366,16.563594765535946,50.38609221531309,42.87240401423468,62.155499689384406,19.283095675149724,52.9145705871594,4.789215924275544,50,50,0.0,True,
reference__quarter_3__b100_p01000_s150,reference__quarter_3__p01000_s150,reference,quarter_3,37,b100_p01000_s150,p01000_s150,full_factorial_nested_prefix,100,1000,150,False,False,3544777503,3316198166,games10_possessions92_source4370615271_grid20x10_trajectory142_outcome242_baseline0.10_mc100_alpha0.05_min100_profiles2b1671cb4b,games10_possessions92_source4370615271_grid20x10_trajectory142_outcome242_baseline0.10_mc100_alpha0.05_min100_profiles2b1671cb4b_plandc0cd9facf,factorial_nested_prefix_median_v1,sha256_slot_seed_v1,nested_prefix_median_v1,230,ok,74.46829869999783,16.563594765535946,50.38609221531309,42.67689634142701,61.89451148480137,19.21761514337436,52.95286554809298,4.96602454496503,100,100,0.0,True,
reference__quarter_4__b050_p01000_s150,reference__quarter_4__p01000_s150,reference,quarter_4,22,b050_p01000_s150,p01000_s150,full_factorial_nested_prefix,50,1000,150,False,False,797757005,2519710476,games10_possessions92_source4370615271_grid20x10_trajectory142_outcome242_baseline0.10_mc100_alpha0.05_min100_profiles2b1671cb4b,games10_possessions92_source4370615271_grid20x10_trajectory142_outcome242_baseline0.10_mc100_alpha0.05_min100_profiles2b1671cb4b_plandc0cd9facf,factorial_nested_prefix_median_v1,sha256_slot_seed_v1,nested_prefix_median_v1,230,ok,40.075807399998666,16.480903115935927,62.27665452620256,55.07130868551732,73.18456748761207,18.113258802094748,63.99464892398857,4.818749818716618,50,50,0.0,True,
reference__quarter_4__b100_p01000_s150,reference__quarter_4__p01000_s150,reference,quarter_4,37,b100_p01000_s150,p01000_s150,full_factorial_nested_prefix,100,1000,150,False,False,797757005,2519710476,games10_possessions92_source4370615271_grid20x10_trajectory142_outcome242_baseline0.10_mc100_alpha0.05_min100_profiles2b1671cb4b,games10_possessions92_source4370615271_grid20x10_trajectory142_outcome242_baseline0.10_mc100_alpha0.05_min100_profiles2b1671cb4b_plandc0cd9facf,factorial_nested_prefix_median_v1,sha256_slot_seed_v1,nested_prefix_median_v1,230,ok,77.02208679999603,16.480903115935927,62.27665452620256,54.12573712303382,73.22088977474779,19.095152651713967,63.44141474793496,4.984061596422914,100,100,0.0,True,
reference__full_game__b050_p01000_s200,reference__full_game__p01000_s200,reference,full_game,23,b050_p01000_s200,p01000_s200,full_factorial_nested_prefix,50,1000,200,False,False,2165290739,455542881,games10_possessions92_source4370615271_grid20x10_trajectory142_outcome242_baseline0.10_mc100_alpha0.05_min100_profiles2b1671cb4b,games10_possessions92_source4370615271_grid20x10_trajectory142_outcome242_baseline0.10_mc100_alpha0.05_min100_profiles2b1671cb4b_plandc0cd9facf,factorial_nested_prefix_median_v1,sha256_slot_seed_v1,nested_prefix_median_v1,920,ok,41.9731391000023,15.064949385832051,54.28594933216305,48.71280468342686,64.1276625375952,15.41485785416834,56.595210402887886,3.9283893287973672,50,50,0.0,True,
reference__full_game__b100_p01000_s200,reference__full_game__p01000_s200,reference,full_game,38,b100_p01000_s200,p01000_s200,full_factorial_nested_prefix,100,1000,200,True,False,2165290739,455542881,games10_possessions92_source4370615271_grid20x10_trajectory142_outcome242_baseline0.10_mc100_alpha0.05_min100_profiles2b1671cb4b,games10_possessions92_source4370615271_grid20x10_trajectory142_outcome242_baseline0.10_mc100_alpha0.05_min100_profiles2b1671cb4b_plandc0cd9facf,factorial_nested_prefix_median_v1,sha256_slot_seed_v1,nested_prefix_median_v1,920,ok,75.20411480000803,15.064949385832051,54.28594933216305,49.248543138281335,64.31440580777618,15.065862669494848,56.74140723298518,3.881593789519739,100,100,0.0,True,
reference__quarter_1__b050_p01000_s200,reference__quarter_1__p01000_s200,reference,quarter_1,23,b050_p01000_s200,p01000_s200,full_factorial_nested_prefix,50,1000,200,False,False,3497043562,2451342709,games10_possessions92_source4370615271_grid20x10_trajectory142_outcome242_baseline0.10_mc100_alpha0.05_min100_profiles2b1671cb4b,games10_possessions92_source4370615271_grid20x10_trajectory142_outcome242_baseline0.10_mc100_alpha0.05_min100_profiles2b1671cb4b_plandc0cd9facf,factorial_nested_prefix_median_v1,sha256_slot_seed_v1,nested_prefix_median_v1,230,ok,39.937145499994585,16.69055741685807,67.63408882014205,60.50457232745112,76.979147308901,16.47457498144989,67.20517287895052,4.374804292550127,50,50,0.0,True,
reference__quarter_1__b100_p01000_s200,reference__quarter_1__p01000_s200,reference,quarter_1,38,b100_p01000_s200,p01000_s200,full_factorial_nested_prefix,100,1000,200,True,False,3497043562,2451342709,games10_possessions92_source4370615271_grid20x10_trajectory142_outcome242_baseline0.10_mc100_alpha0.05_min100_profiles2b1671cb4b,games10_possessions92_source4370615271_grid20x10_trajectory142_outcome242_baseline0.10_mc100_alpha0.05_min100_profiles2b1671cb4b_plandc0cd9facf,factorial_nested_prefix_median_v1,sha256_slot_seed_v1,nested_prefix_median_v1,230,ok,74.12651199999345,16.69055741685807,67.63408882014205,59.41979012807157,75.02568631063797,15.605896182566395,66.56875116327882,4.204642703675593,100,100,0.0,True,
reference__quarter_2__b050_p01000_s200,reference__quarter_2__p01000_s200,reference,quarter_2,23,b050_p01000_s200,p01000_s200,full_factorial_nested_prefix,50,1000,200,False,False,3531618443,190045426,games10_possessions92_source4370615271_grid20x10_trajectory142_outcome242_baseline0.10_mc100_alpha0.05_min100_profiles2b1671cb4b,games10_possessions92_source4370615271_grid20x10_trajectory142_outcome242_baseline0.10_mc100_alpha0.05_min100_profiles2b1671cb4b_plandc0cd9facf,factorial_nested_prefix_median_v1,sha256_slot_seed_v1,nested_prefix_median_v1,230,ok,39.84251079999376,14.454801008649802,54.289605189904535,44.40467492336905,63.67721003911645,19.2725351157474,54.50913169568992,4.945734664796047,50,50,0.0,True,
reference__quarter_2__b100_p01000_s200,reference__quarter_2__p01000_s200,reference,quarter_2,38,b100_p01000_s200,p01000_s200,full_factorial_nested_prefix,100,1000,200,True,False,3531618443,190045426,games10_possessions92_source4370615271_grid20x10_trajectory142_outcome242_baseline0.10_mc100_alpha0.05_min100_profiles2b1671cb4b,games10_possessions92_source4370615271_grid20x10_trajectory142_outcome242_baseline0.10_mc100_alpha0.05_min100_profiles2b1671cb4b_plandc0cd9facf,factorial_nested_prefix_median_v1,sha256_slot_seed_v1,nested_prefix_median_v1,230,ok,75.1907557999948,14.454801008649802,54.289605189904535,46.332702318592325,63.65209619575363,17.319393877161303,55.346083183965696,4.263907246746856,100,100,0.0,True,
reference__quarter_3__b050_p01000_s200,reference__quarter_3__p01000_s200,reference,quarter_3,23,b050_p01000_s200,p01000_s200,full_factorial_nested_prefix,50,1000,200,False,False,1074092448,111003399,games10_possessions92_source4370615271_grid20x10_trajectory142_outcome242_baseline0.10_mc100_alpha0.05_min100_profiles2b1671cb4b,games10_possessions92_source4370615271_grid20x10_trajectory142_outcome242_baseline0.10_mc100_alpha0.05_min100_profiles2b1671cb4b_plandc0cd9facf,factorial_nested_prefix_median_v1,sha256_slot_seed_v1,nested_prefix_median_v1,230,ok,39.49341980000463,17.2129486853317,62.97597505763135,41.10538416959359,62.68020338108064,21.574819211487046,54.10770056074174,5.37515460915725,50,50,0.0,True,
reference__quarter_3__b100_p01000_s200,reference__quarter_3__p01000_s200,reference,quarter_3,38,b100_p01000_s200,p01000_s200,full_factorial_nested_prefix,100,1000,200,True,False,1074092448,111003399,games10_possessions92_source4370615271_grid20x10_trajectory142_outcome242_baseline0.10_mc100_alpha0.05_min100_profiles2b1671cb4b,games10_possessions92_source4370615271_grid20x10_trajectory142_outcome242_baseline0.10_mc100_alpha0.05_min100_profiles2b1671cb4b_plandc0cd9facf,factorial_nested_prefix_median_v1,sha256_slot_seed_v1,nested_prefix_median_v1,230,ok,74.38685460000306,17.2129486853317,62.97597505763135,46.11479427151923,63.41199070125976,17.29719642974053,54.47369448239823,4.653667004985775,100,100,0.0,True,
reference__full_game__b050_p01000_s250,reference__full_game__p01000_s250,reference,full_game,24,b050_p01000_s250,p01000_s250,full_factorial_nested_prefix,50,1000,250,False,False,3331613232,805643234,games10_possessions92_source4370615271_grid20x10_trajectory142_outcome242_baseline0.10_mc100_alpha0.05_min100_profiles2b1671cb4b,games10_possessions92_source4370615271_grid20x10_trajectory142_outcome242_baseline0.10_mc100_alpha0.05_min100_profiles2b1671cb4b_plandc0cd9facf,factorial_nested_prefix_median_v1,sha256_slot_seed_v1,nested_prefix_median_v1,920,ok,42.46088180000697,17.008049874985254,51.87364019778688,50.494915123322365,65.60915452661558,15.11423940329322,58.04513733697068,4.412388155253527,50,50,0.0,True,
reference__full_game__b100_p01000_s250,reference__full_game__p01000_s250,reference,full_game,39,b100_p01000_s250,p01000_s250,full_factorial_nested_prefix,100,1000,250,False,False,3331613232,805643234,games10_possessions92_source4370615271_grid20x10_trajectory142_outcome242_baseline0.10_mc100_alpha0.05_min100_profiles2b1671cb4b,games10_possessions92_source4370615271_grid20x10_trajectory142_outcome242_baseline0.10_mc100_alpha0.05_min100_profiles2b1671cb4b_plandc0cd9facf,factorial_nested_prefix_median_v1,sha256_slot_seed_v1,nested_prefix_median_v1,920,ok,74.34720329999254,17.008049874985254,51.87364019778688,50.39283053764664,68.79917445980874,18.4063439221621,58.80538795530194,5.107302218900866,100,100,0.0,True,
reference__quarter_1__b050_p01000_s250,reference__quarter_1__p01000_s250,reference,quarter_1,24,b050_p01000_s250,p01000_s250,full_factorial_nested_prefix,50,1000,250,False,False,1213564615,1016114094,games10_possessions92_source4370615271_grid20x10_trajectory142_outcome242_baseline0.10_mc100_alpha0.05_min100_profiles2b1671cb4b,games10_possessions92_source4370615271_grid20x10_trajectory142_outcome242_baseline0.10_mc100_alpha0.05_min100_profiles2b1671cb4b_plandc0cd9facf,factorial_nested_prefix_median_v1,sha256_slot_seed_v1,nested_prefix_median_v1,230,ok,39.74783269999898,14.96605144252793,66.116000165852,60.06500431563905,76.54754931220941,16.48254499657036,67.50463597840312,4.817199515017256,50,50,0.0,True,
reference__quarter_1__b100_p01000_s250,reference__quarter_1__p01000_s250,reference,quarter_1,39,b100_p01000_s250,p01000_s250,full_factorial_nested_prefix,100,1000,250,False,False,1213564615,1016114094,games10_possessions92_source4370615271_grid20x10_trajectory142_outcome242_baseline0.10_mc100_alpha0.05_min100_profiles2b1671cb4b,games10_possessions92_source4370615271_grid20x10_trajectory142_outcome242_baseline0.10_mc100_alpha0.05_min100_profiles2b1671cb4b_plandc0cd9facf,factorial_nested_prefix_median_v1,sha256_slot_seed_v1,nested_prefix_median_v1,230,ok,71.54807829999845,14.96605144252793,66.116000165852,59.63300203813757,78.49853652777527,18.865534489637703,67.47332056514357,4.948813849145028,100,100,0.0,True,
reference__quarter_2__b050_p01000_s250,reference__quarter_2__p01000_s250,reference,quarter_2,24,b050_p01000_s250,p01000_s250,full_factorial_nested_prefix,50,1000,250,False,False,2896701537,2166196276,games10_possessions92_source4370615271_grid20x10_trajectory142_outcome242_baseline0.10_mc100_alpha0.05_min100_profiles2b1671cb4b,games10_possessions92_source4370615271_grid20x10_trajectory142_outcome242_baseline0.10_mc100_alpha0.05_min100_profiles2b1671cb4b_plandc0cd9facf,factorial_nested_prefix_median_v1,sha256_slot_seed_v1,nested_prefix_median_v1,230,ok,39.14478140000029,15.517709960181348,54.231702555468914,48.19942066140159,68.5852944905514,20.385873829149816,57.21354136235605,6.173578005296925,50,50,0.0,True,
reference__quarter_2__b100_p01000_s250,reference__quarter_2__p01000_s250,reference,quarter_2,39,b100_p01000_s250,p01000_s250,full_factorial_nested_prefix,100,1000,250,False,False,2896701537,2166196276,games10_possessions92_source4370615271_grid20x10_trajectory142_outcome242_baseline0.10_mc100_alpha0.05_min100_profiles2b1671cb4b,games10_possessions92_source4370615271_grid20x10_trajectory142_outcome242_baseline0.10_mc100_alpha0.05_min100_profiles2b1671cb4b_plandc0cd9facf,factorial_nested_prefix_median_v1,sha256_slot_seed_v1,nested_prefix_median_v1,230,ok,70.37345099999584,15.517709960181348,54.231702555468914,48.32075849842524,67.13037805974355,18.809619561318307,56.77047060174071,5.356439578670324,100,100,0.0,True,
reference__quarter_3__b050_p01000_s250,reference__quarter_3__p01000_s250,reference,quarter_3,24,b050_p01000_s250,p01000_s250,full_factorial_nested_prefix,50,1000,250,False,False,2701262546,518039835,games10_possessions92_source4370615271_grid20x10_trajectory142_outcome242_baseline0.10_mc100_alpha0.05_min100_profiles2b1671cb4b,games10_possessions92_source4370615271_grid20x10_trajectory142_outcome242_baseline0.10_mc100_alpha0.05_min100_profiles2b1671cb4b_plandc0cd9facf,factorial_nested_prefix_median_v1,sha256_slot_seed_v1,nested_prefix_median_v1,230,ok,40.51230179999948,14.963939883856956,58.38576598771088,46.85464957892833,66.45119826091327,19.59654868198494,57.17346167703925,5.879076444007416,50,50,0.0,True,
reference__quarter_3__b100_p01000_s250,reference__quarter_3__p01000_s250,reference,quarter_3,39,b100_p01000_s250,p01000_s250,full_factorial_nested_prefix,100,1000,250,False,False,2701262546,518039835,games10_possessions92_source4370615271_grid20x10_trajectory142_outcome242_baseline0.10_mc100_alpha0.05_min100_profiles2b1671cb4b,games10_possessions92_source4370615271_grid20x10_trajectory142_outcome242_baseline0.10_mc100_alpha0.05_min100_profiles2b1671cb4b_plandc0cd9facf,factorial_nested_prefix_median_v1,sha256_slot_seed_v1,nested_prefix_median_v1,230,ok,72.11085350000394,14.963939883856956,58.38576598771088,46.18756466764946,66.42966165413326,20.242096986483794,56.31828826377441,5.822739408515624,100,100,0.0,True,
reference__quarter_4__b050_p01000_s250,reference__quarter_4__p01000_s250,reference,quarter_4,24,b050_p01000_s250,p01000_s250,full_factorial_nested_prefix,50,1000,250,False,False,124805235,3319943964,games10_possessions92_source4370615271_grid20x10_trajectory142_outcome242_baseline0.10_mc100_alpha0.05_min100_profiles2b1671cb4b,games10_possessions92_source4370615271_grid20x10_trajectory142_outcome242_baseline0.10_mc100_alpha0.05_min100_profiles2b1671cb4b_plandc0cd9facf,factorial_nested_prefix_median_v1,sha256_slot_seed_v1,nested_prefix_median_v1,230,ok,40.455533499995,16.159067168200995,60.59758741687995,60.615466752449656,79.10366935742465,18.488202604975,68.71992172536521,5.501957796822246,50,50,0.0,True,
reference__quarter_4__b100_p01000_s250,reference__quarter_4__p01000_s250,reference,quarter_4,39,b100_p01000_s250,p01000_s250,full_factorial_nested_prefix,100,1000,250,False,False,124805235,3319943964,games10_possessions92_source4370615271_grid20x10_trajectory142_outcome242_baseline0.10_mc100_alpha0.05_min100_profiles2b1671cb4b,games10_possessions92_source4370615271_grid20x10_trajectory142_outcome242_baseline0.10_mc100_alpha0.05_min100_profiles2b1671cb4b_plandc0cd9facf,factorial_nested_prefix_median_v1,sha256_slot_seed_v1,nested_prefix_median_v1,230,ok,72.18180650000068,16.159067168200995,60.59758741687995,58.72431747827498,78.28809134452531,19.56377386625033,68.27133156242233,5.488155171608487,100,100,0.0,True,
reference__quarter_1__b050_p01000_s150,reference__quarter_1__p01000_s150,reference,quarter_1,22,b050_p01000_s150,p01000_s150,full_factorial_nested_prefix,50,1000,150,False,False,4050652992,2897343209,games10_possessions92_source4370615271_grid20x10_trajectory142_outcome242_baseline0.10_mc100_alpha0.05_min100_profiles2b1671cb4b,games10_possessions92_source4370615271_grid20x10_trajectory142_outcome242_baseline0.10_mc100_alpha0.05_min100_profiles2b1671cb4b_plandc0cd9facf,factorial_nested_prefix_median_v1,sha256_slot_seed_v1,nested_prefix_median_v1,230,ok,39.70626910000647,15.71165255396528,63.31636580195215,56.94593063358104,72.77872404640318,15.83279341282214,63.61470956470632,4.240434042806551,50,50,0.0,True,
reference__quarter_1__b100_p01000_s150,reference__quarter_1__p01000_s150,reference,quarter_1,37,b100_p01000_s150,p01000_s150,full_factorial_nested_prefix,100,1000,150,False,False,4050652992,2897343209,games10_possessions92_source4370615271_grid20x10_trajectory142_outcome242_baseline0.10_mc100_alpha0.05_min100_profiles2b1671cb4b,games10_possessions92_source4370615271_grid20x10_trajectory142_outcome242_baseline0.10_mc100_alpha0.05_min100_profiles2b1671cb4b_plandc0cd9facf,factorial_nested_prefix_median_v1,sha256_slot_seed_v1,nested_prefix_median_v1,230,ok,70.43484169999283,15.71165255396528,63.31636580195215,56.48499672198088,73.05180183829358,16.566805116312707,63.75537499670746,4.347596528610189,100,100,0.0,True,
reference__quarter_4__b050_p01000_s200,reference__quarter_4__p01000_s200,reference,quarter_4,23,b050_p01000_s200,p01000_s200,full_factorial_nested_prefix,50,1000,200,False,False,2788884382,4069042643,games10_possessions92_source4370615271_grid20x10_trajectory142_outcome242_baseline0.10_mc100_alpha0.05_min100_profiles2b1671cb4b,games10_possessions92_source4370615271_grid20x10_trajectory142_outcome242_baseline0.10_mc100_alpha0.05_min100_profiles2b1671cb4b_plandc0cd9facf,factorial_nested_prefix_median_v1,sha256_slot_seed_v1,nested_prefix_median_v1,230,ok,43.20705000000271,15.575106811958156,61.12331182683461,58.079526920534825,78.77430054278759,20.69477362225276,67.87037494921903,5.431012035201932,50,50,0.0,True,
reference__quarter_4__b100_p01000_s200,reference__quarter_4__p01000_s200,reference,quarter_4,38,b100_p01000_s200,p01000_s200,full_factorial_nested_prefix,100,1000,200,True,False,2788884382,4069042643,games10_possessions92_source4370615271_grid20x10_trajectory142_outcome242_baseline0.10_mc100_alpha0.05_min100_profiles2b1671cb4b,games10_possessions92_source4370615271_grid20x10_trajectory142_outcome242_baseline0.10_mc100_alpha0.05_min100_profiles2b1671cb4b_plandc0cd9facf,factorial_nested_prefix_median_v1,sha256_slot_seed_v1,nested_prefix_median_v1,230,ok,74.35753430000295,15.575106811958156,61.12331182683461,55.78741667418932,78.62413943633507,22.836722762145747,67.24158682986918,5.422943339259377,100,100,0.0,True,
reference__full_game__b050_p02500_s150,reference__full_game__p02500_s150,reference,full_game,3,b050_p02500_s150,p02500_s150,full_factorial_nested_prefix,50,2500,150,False,False,2793541587,1348583472,games10_possessions92_source4370615271_grid20x10_trajectory142_outcome242_baseline0.10_mc100_alpha0.05_min100_profiles2b1671cb4b,games10_possessions92_source4370615271_grid20x10_trajectory142_outcome242_baseline0.10_mc100_alpha0.05_min100_profiles2b1671cb4b_plandc0cd9facf,factorial_nested_prefix_median_v1,sha256_slot_seed_v1,nested_prefix_median_v1,920,ok,51.128326600002765,25.28509411151308,148.33677626493116,117.16471835446605,147.68141159403962,30.51669323957357,133.92373972698886,8.205681455498448,50,50,0.0,True,
reference__full_game__b100_p02500_s150,reference__full_game__p02500_s150,reference,full_game,9,b100_p02500_s150,p02500_s150,full_factorial_nested_prefix,100,2500,150,False,False,2793541587,1348583472,games10_possessions92_source4370615271_grid20x10_trajectory142_outcome242_baseline0.10_mc100_alpha0.05_min100_profiles2b1671cb4b,games10_possessions92_source4370615271_grid20x10_trajectory142_outcome242_baseline0.10_mc100_alpha0.05_min100_profiles2b1671cb4b_plandc0cd9facf,factorial_nested_prefix_median_v1,sha256_slot_seed_v1,nested_prefix_median_v1,920,ok,100.16334790000656,25.28509411151308,148.33677626493116,120.84517681008684,148.66185921469207,27.816682404605217,134.0267694394752,7.533823636172307,100,100,0.0,True,
reference__quarter_1__b050_p02500_s150,reference__quarter_1__p02500_s150,reference,quarter_1,3,b050_p02500_s150,p02500_s150,full_factorial_nested_prefix,50,2500,150,False,False,4052413110,2926092611,games10_possessions92_source4370615271_grid20x10_trajectory142_outcome242_baseline0.10_mc100_alpha0.05_min100_profiles2b1671cb4b,games10_possessions92_source4370615271_grid20x10_trajectory142_outcome242_baseline0.10_mc100_alpha0.05_min100_profiles2b1671cb4b_plandc0cd9facf,factorial_nested_prefix_median_v1,sha256_slot_seed_v1,nested_prefix_median_v1,230,ok,50.29384750000281,23.40532185145937,161.5558609525071,144.68935257334635,168.36207520848785,23.672722635141497,156.83164298022598,6.230607976136377,50,50,0.0,True,
reference__quarter_1__b100_p02500_s150,reference__quarter_1__p02500_s150,reference,quarter_1,9,b100_p02500_s150,p02500_s150,full_factorial_nested_prefix,100,2500,150,False,False,4052413110,2926092611,games10_possessions92_source4370615271_grid20x10_trajectory142_outcome242_baseline0.10_mc100_alpha0.05_min100_profiles2b1671cb4b,games10_possessions92_source4370615271_grid20x10_trajectory142_outcome242_baseline0.10_mc100_alpha0.05_min100_profiles2b1671cb4b_plandc0cd9facf,factorial_nested_prefix_median_v1,sha256_slot_seed_v1,nested_prefix_median_v1,230,ok,100.11907340000562,23.40532185145937,161.5558609525071,145.197951711317,169.30771720457244,24.10976549325545,157.74748876095362,6.230969531841827,100,100,0.0,True,
reference__quarter_2__b050_p02500_s150,reference__quarter_2__p02500_s150,reference,quarter_2,3,b050_p02500_s150,p02500_s150,full_factorial_nested_prefix,50,2500,150,False,False,839507654,4220458672,games10_possessions92_source4370615271_grid20x10_trajectory142_outcome242_baseline0.10_mc100_alpha0.05_min100_profiles2b1671cb4b,games10_possessions92_source4370615271_grid20x10_trajectory142_outcome242_baseline0.10_mc100_alpha0.05_min100_profiles2b1671cb4b_plandc0cd9facf,factorial_nested_prefix_median_v1,sha256_slot_seed_v1,nested_prefix_median_v1,230,ok,52.26648679999835,24.928783658278583,126.18032686906535,118.56185598315484,144.0697789249436,25.50792294178875,129.85634828749662,6.525822477419542,50,50,0.0,True,
reference__quarter_2__b100_p02500_s150,reference__quarter_2__p02500_s150,reference,quarter_2,9,b100_p02500_s150,p02500_s150,full_factorial_nested_prefix,100,2500,150,False,False,839507654,4220458672,games10_possessions92_source4370615271_grid20x10_trajectory142_outcome242_baseline0.10_mc100_alpha0.05_min100_profiles2b1671cb4b,games10_possessions92_source4370615271_grid20x10_trajectory142_outcome242_baseline0.10_mc100_alpha0.05_min100_profiles2b1671cb4b_plandc0cd9facf,factorial_nested_prefix_median_v1,sha256_slot_seed_v1,nested_prefix_median_v1,230,ok,103.32686300000114,24.928783658278583,126.18032686906535,118.7050414398816,144.58517520037717,25.880133760495557,130.26899475818774,6.503778278740972,100,100,0.0,True,
reference__quarter_3__b050_p02500_s150,reference__quarter_3__p02500_s150,reference,quarter_3,3,b050_p02500_s150,p02500_s150,full_factorial_nested_prefix,50,2500,150,False,False,3948530278,4066638074,games10_possessions92_source4370615271_grid20x10_trajectory142_outcome242_baseline0.10_mc100_alpha0.05_min100_profiles2b1671cb4b,games10_possessions92_source4370615271_grid20x10_trajectory142_outcome242_baseline0.10_mc100_alpha0.05_min100_profiles2b1671cb4b_plandc0cd9facf,factorial_nested_prefix_median_v1,sha256_slot_seed_v1,nested_prefix_median_v1,230,ok,54.9557911999982,24.293146925046376,137.68773362315062,118.42043022859016,143.3272494310614,24.90681920247125,130.3165156943668,6.945221807680339,50,50,0.0,True,
reference__quarter_3__b100_p02500_s150,reference__quarter_3__p02500_s150,reference,quarter_3,9,b100_p02500_s150,p02500_s150,full_factorial_nested_prefix,100,2500,150,False,False,3948530278,4066638074,games10_possessions92_source4370615271_grid20x10_trajectory142_outcome242_baseline0.10_mc100_alpha0.05_min100_profiles2b1671cb4b,games10_possessions92_source4370615271_grid20x10_trajectory142_outcome242_baseline0.10_mc100_alpha0.05_min100_profiles2b1671cb4b_plandc0cd9facf,factorial_nested_prefix_median_v1,sha256_slot_seed_v1,nested_prefix_median_v1,230,ok,107.77924470000109,24.293146925046376,137.68773362315062,118.6421811711339,144.4640064762479,25.821825305114004,130.45235031382146,6.981784977163896,100,100,0.0,True,
reference__quarter_4__b050_p02500_s150,reference__quarter_4__p02500_s150,reference,quarter_4,3,b050_p02500_s150,p02500_s150,full_factorial_nested_prefix,50,2500,150,False,False,2304242463,3984939213,games10_possessions92_source4370615271_grid20x10_trajectory142_outcome242_baseline0.10_mc100_alpha0.05_min100_profiles2b1671cb4b,games10_possessions92_source4370615271_grid20x10_trajectory142_outcome242_baseline0.10_mc100_alpha0.05_min100_profiles2b1671cb4b_plandc0cd9facf,factorial_nested_prefix_median_v1,sha256_slot_seed_v1,nested_prefix_median_v1,230,ok,54.04295909999928,24.11921837626091,155.27822931546467,148.32293222985018,178.448778262965,30.12584603311481,159.74945771898615,8.16450983409648,50,50,0.0,True,
reference__quarter_4__b100_p02500_s150,reference__quarter_4__p02500_s150,reference,quarter_4,9,b100_p02500_s150,p02500_s150,full_factorial_nested_prefix,100,2500,150,False,False,2304242463,3984939213,games10_possessions92_source4370615271_grid20x10_trajectory142_outcome242_baseline0.10_mc100_alpha0.05_min100_profiles2b1671cb4b,games10_possessions92_source4370615271_grid20x10_trajectory142_outcome242_baseline0.10_mc100_alpha0.05_min100_profiles2b1671cb4b_plandc0cd9facf,factorial_nested_prefix_median_v1,sha256_slot_seed_v1,nested_prefix_median_v1,230,ok,106.01785989999736,24.11921837626091,155.27822931546467,145.4774507203156,177.2235443825791,31.74609366226349,159.6144792145513,8.04673723212746,100,100,0.0,True,
reference__full_game__b050_p02500_s200,reference__full_game__p02500_s200,reference,full_game,4,b050_p02500_s200,p02500_s200,full_factorial_nested_prefix,50,2500,200,False,False,1250155092,2358757361,games10_possessions92_source4370615271_grid20x10_trajectory142_outcome242_baseline0.10_mc100_alpha0.05_min100_profiles2b1671cb4b,games10_possessions92_source4370615271_grid20x10_trajectory142_outcome242_baseline0.10_mc100_alpha0.05_min100_profiles2b1671cb4b_plandc0cd9facf,factorial_nested_prefix_median_v1,sha256_slot_seed_v1,nested_prefix_median_v1,920,ok,59.85238910000135,26.634205725599884,145.33317381975522,128.03457655811252,154.17511801837853,26.140541460266007,140.3799651981451,6.890210386595859,50,50,0.0,True,
reference__full_game__b100_p02500_s200,reference__full_game__p02500_s200,reference,full_game,10,b100_p02500_s200,p02500_s200,full_factorial_nested_prefix,100,2500,200,False,False,1250155092,2358757361,games10_possessions92_source4370615271_grid20x10_trajectory142_outcome242_baseline0.10_mc100_alpha0.05_min100_profiles2b1671cb4b,games10_possessions92_source4370615271_grid20x10_trajectory142_outcome242_baseline0.10_mc100_alpha0.05_min100_profiles2b1671cb4b_plandc0cd9facf,factorial_nested_prefix_median_v1,sha256_slot_seed_v1,nested_prefix_median_v1,920,ok,114.19241580000016,26.634205725599884,145.33317381975522,128.3486358221605,154.66353315901463,26.31489733685413,141.1136473805901,7.344374103995681,100,100,0.0,True,
reference__quarter_1__b050_p02500_s200,reference__quarter_1__p02500_s200,reference,quarter_1,4,b050_p02500_s200,p02500_s200,full_factorial_nested_prefix,50,2500,200,False,False,1981401840,3259433725,games10_possessions92_source4370615271_grid20x10_trajectory142_outcome242_baseline0.10_mc100_alpha0.05_min100_profiles2b1671cb4b,games10_possessions92_source4370615271_grid20x10_trajectory142_outcome242_baseline0.10_mc100_alpha0.05_min100_profiles2b1671cb4b_plandc0cd9facf,factorial_nested_prefix_median_v1,sha256_slot_seed_v1,nested_prefix_median_v1,230,ok,57.6564948999976,22.756713965387718,165.74282037656192,155.35983307666848,177.492501600843,22.13266852417453,165.74913374537675,5.888768956239226,50,50,0.0,True,
reference__quarter_1__b100_p02500_s200,reference__quarter_1__p02500_s200,reference,quarter_1,10,b100_p02500_s200,p02500_s200,full_factorial_nested_prefix,100,2500,200,False,False,1981401840,3259433725,games10_possessions92_source4370615271_grid20x10_trajectory142_outcome242_baseline0.10_mc100_alpha0.05_min100_profiles2b1671cb4b,games10_possessions92_source4370615271_grid20x10_trajectory142_outcome242_baseline0.10_mc100_alpha0.05_min100_profiles2b1671cb4b_plandc0cd9facf,factorial_nested_prefix_median_v1,sha256_slot_seed_v1,nested_prefix_median_v1,230,ok,114.23227329999918,22.756713965387718,165.74282037656192,151.90749730270272,177.99414553648492,26.0866482337822,165.2257758357335,6.718459999147871,100,100,0.0,True,
reference__quarter_2__b050_p02500_s200,reference__quarter_2__p02500_s200,reference,quarter_2,4,b050_p02500_s200,p02500_s200,full_factorial_nested_prefix,50,2500,200,False,False,3001684622,2725999971,games10_possessions92_source4370615271_grid20x10_trajectory142_outcome242_baseline0.10_mc100_alpha0.05_min100_profiles2b1671cb4b,games10_possessions92_source4370615271_grid20x10_trajectory142_outcome242_baseline0.10_mc100_alpha0.05_min100_profiles2b1671cb4b_plandc0cd9facf,factorial_nested_prefix_median_v1,sha256_slot_seed_v1,nested_prefix_median_v1,230,ok,56.322010399995634,26.29482486999036,153.20377657419849,120.66455664701968,150.6295330371547,29.964976390135007,138.0593781920414,8.007069599939795,50,50,0.0,True,
reference__quarter_2__b100_p02500_s200,reference__quarter_2__p02500_s200,reference,quarter_2,10,b100_p02500_s200,p02500_s200,full_factorial_nested_prefix,100,2500,200,False,False,3001684622,2725999971,games10_possessions92_source4370615271_grid20x10_trajectory142_outcome242_baseline0.10_mc100_alpha0.05_min100_profiles2b1671cb4b,games10_possessions92_source4370615271_grid20x10_trajectory142_outcome242_baseline0.10_mc100_alpha0.05_min100_profiles2b1671cb4b_plandc0cd9facf,factorial_nested_prefix_median_v1,sha256_slot_seed_v1,nested_prefix_median_v1,230,ok,111.06578849999823,26.29482486999036,153.20377657419849,118.64216144365516,153.03145946519967,34.38929802154452,137.4669869399363,8.82163179303333,100,100,0.0,True,
reference__quarter_3__b050_p02500_s200,reference__quarter_3__p02500_s200,reference,quarter_3,4,b050_p02500_s200,p02500_s200,full_factorial_nested_prefix,50,2500,200,False,False,531714605,4196104642,games10_possessions92_source4370615271_grid20x10_trajectory142_outcome242_baseline0.10_mc100_alpha0.05_min100_profiles2b1671cb4b,games10_possessions92_source4370615271_grid20x10_trajectory142_outcome242_baseline0.10_mc100_alpha0.05_min100_profiles2b1671cb4b_plandc0cd9facf,factorial_nested_prefix_median_v1,sha256_slot_seed_v1,nested_prefix_median_v1,230,ok,57.7563467,25.987988182978764,141.06586786844966,119.7197596295751,149.96408879258342,30.24432916300833,134.1383874034708,8.130881366963825,50,50,0.0,True,
reference__quarter_3__b100_p02500_s200,reference__quarter_3__p02500_s200,reference,quarter_3,10,b100_p02500_s200,p02500_s200,full_factorial_nested_prefix,100,2500,200,False,False,531714605,4196104642,games10_possessions92_source4370615271_grid20x10_trajectory142_outcome242_baseline0.10_mc100_alpha0.05_min100_profiles2b1671cb4b,games10_possessions92_source4370615271_grid20x10_trajectory142_outcome242_baseline0.10_mc100_alpha0.05_min100_profiles2b1671cb4b_plandc0cd9facf,factorial_nested_prefix_median_v1,sha256_slot_seed_v1,nested_prefix_median_v1,230,ok,113.26924260000123,25.987988182978764,141.06586786844966,120.29829860614102,151.1105643805495,30.812265774408488,134.41048791729125,8.160580487282115,100,100,0.0,True,
reference__quarter_4__b050_p02500_s200,reference__quarter_4__p02500_s200,reference,quarter_4,4,b050_p02500_s200,p02500_s200,full_factorial_nested_prefix,50,2500,200,False,False,1241465810,736434029,games10_possessions92_source4370615271_grid20x10_trajectory142_outcome242_baseline0.10_mc100_alpha0.05_min100_profiles2b1671cb4b,games10_possessions92_source4370615271_grid20x10_trajectory142_outcome242_baseline0.10_mc100_alpha0.05_min100_profiles2b1671cb4b_plandc0cd9facf,factorial_nested_prefix_median_v1,sha256_slot_seed_v1,nested_prefix_median_v1,230,ok,56.85814319999827,26.91304008357667,170.7505734465245,145.85820404349232,176.55529813853823,30.697094095045912,163.08383440838944,7.972162326749816,50,50,0.0,True,
reference__quarter_4__b100_p02500_s200,reference__quarter_4__p02500_s200,reference,quarter_4,10,b100_p02500_s200,p02500_s200,full_factorial_nested_prefix,100,2500,200,False,False,1241465810,736434029,games10_possessions92_source4370615271_grid20x10_trajectory142_outcome242_baseline0.10_mc100_alpha0.05_min100_profiles2b1671cb4b,games10_possessions92_source4370615271_grid20x10_trajectory142_outcome242_baseline0.10_mc100_alpha0.05_min100_profiles2b1671cb4b_plandc0cd9facf,factorial_nested_prefix_median_v1,sha256_slot_seed_v1,nested_prefix_median_v1,230,ok,112.93806619999395,26.91304008357667,170.7505734465245,151.66085241119706,178.21514698758207,26.55429457638502,163.62542066711887,7.589247347452429,100,100,0.0,True,
reference__full_game__b050_p02500_s250,reference__full_game__p02500_s250,reference,full_game,5,b050_p02500_s250,p02500_s250,full_factorial_nested_prefix,50,2500,250,False,False,4290107670,286106829,games10_possessions92_source4370615271_grid20x10_trajectory142_outcome242_baseline0.10_mc100_alpha0.05_min100_profiles2b1671cb4b,games10_possessions92_source4370615271_grid20x10_trajectory142_outcome242_baseline0.10_mc100_alpha0.05_min100_profiles2b1671cb4b_plandc0cd9facf,factorial_nested_prefix_median_v1,sha256_slot_seed_v1,nested_prefix_median_v1,920,ok,61.06064680000145,24.285270855267196,147.00965718085203,130.19210469505103,158.37360311778613,28.181498422735103,144.15302204847055,8.218594970332372,50,50,0.0,True,
reference__full_game__b100_p02500_s250,reference__full_game__p02500_s250,reference,full_game,11,b100_p02500_s250,p02500_s250,full_factorial_nested_prefix,100,2500,250,False,False,4290107670,286106829,games10_possessions92_source4370615271_grid20x10_trajectory142_outcome242_baseline0.10_mc100_alpha0.05_min100_profiles2b1671cb4b,games10_possessions92_source4370615271_grid20x10_trajectory142_outcome242_baseline0.10_mc100_alpha0.05_min100_profiles2b1671cb4b_plandc0cd9facf,factorial_nested_prefix_median_v1,sha256_slot_seed_v1,nested_prefix_median_v1,920,ok,120.14700560000348,24.285270855267196,147.00965718085203,130.77123575205155,158.86410235512915,28.0928666030776,144.7298495003269,7.331351115297355,100,100,0.0,True,
reference__quarter_1__b050_p02500_s250,reference__quarter_1__p02500_s250,reference,quarter_1,5,b050_p02500_s250,p02500_s250,full_factorial_nested_prefix,50,2500,250,False,False,1813759423,2202712799,games10_possessions92_source4370615271_grid20x10_trajectory142_outcome242_baseline0.10_mc100_alpha0.05_min100_profiles2b1671cb4b,games10_possessions92_source4370615271_grid20x10_trajectory142_outcome242_baseline0.10_mc100_alpha0.05_min100_profiles2b1671cb4b_plandc0cd9facf,factorial_nested_prefix_median_v1,sha256_slot_seed_v1,nested_prefix_median_v1,230,ok,60.67865689999962,24.768147445710238,168.1352266548604,154.41061084647652,178.26744270300497,23.85683185652843,167.9769704998332,6.100627777227258,50,50,0.0,True,
reference__quarter_1__b100_p02500_s250,reference__quarter_1__p02500_s250,reference,quarter_1,11,b100_p02500_s250,p02500_s250,full_factorial_nested_prefix,100,2500,250,False,False,1813759423,2202712799,games10_possessions92_source4370615271_grid20x10_trajectory142_outcome242_baseline0.10_mc100_alpha0.05_min100_profiles2b1671cb4b,games10_possessions92_source4370615271_grid20x10_trajectory142_outcome242_baseline0.10_mc100_alpha0.05_min100_profiles2b1671cb4b_plandc0cd9facf,factorial_nested_prefix_median_v1,sha256_slot_seed_v1,nested_prefix_median_v1,230,ok,119.0810256000077,24.768147445710238,168.1352266548604,155.12062091555157,181.19621985019836,26.075598934646763,168.351685361844,6.676190946683661,100,100,0.0,True,
reference__quarter_2__b050_p02500_s250,reference__quarter_2__p02500_s250,reference,quarter_2,5,b050_p02500_s250,p02500_s250,full_factorial_nested_prefix,50,2500,250,False,False,1780359904,4254335289,games10_possessions92_source4370615271_grid20x10_trajectory142_outcome242_baseline0.10_mc100_alpha0.05_min100_profiles2b1671cb4b,games10_possessions92_source4370615271_grid20x10_trajectory142_outcome242_baseline0.10_mc100_alpha0.05_min100_profiles2b1671cb4b_plandc0cd9facf,factorial_nested_prefix_median_v1,sha256_slot_seed_v1,nested_prefix_median_v1,230,ok,58.61120980000214,24.69997234170325,127.9885210509386,128.9830866286302,157.54787233501966,28.564785706389472,142.67607180351527,8.098307908767808,50,50,0.0,True,
reference__quarter_2__b100_p02500_s250,reference__quarter_2__p02500_s250,reference,quarter_2,11,b100_p02500_s250,p02500_s250,full_factorial_nested_prefix,100,2500,250,False,False,1780359904,4254335289,games10_possessions92_source4370615271_grid20x10_trajectory142_outcome242_baseline0.10_mc100_alpha0.05_min100_profiles2b1671cb4b,games10_possessions92_source4370615271_grid20x10_trajectory142_outcome242_baseline0.10_mc100_alpha0.05_min100_profiles2b1671cb4b_plandc0cd9facf,factorial_nested_prefix_median_v1,sha256_slot_seed_v1,nested_prefix_median_v1,230,ok,116.19879630000014,24.69997234170325,127.9885210509386,126.10350801890112,159.43462760089088,33.33111958198975,141.40525253843938,8.979256271082042,100,100,0.0,True,
reference__quarter_3__b050_p02500_s250,reference__quarter_3__p02500_s250,reference,quarter_3,5,b050_p02500_s250,p02500_s250,full_factorial_nested_prefix,50,2500,250,False,False,3291164629,3187624071,games10_possessions92_source4370615271_grid20x10_trajectory142_outcome242_baseline0.10_mc100_alpha0.05_min100_profiles2b1671cb4b,games10_possessions92_source4370615271_grid20x10_trajectory142_outcome242_baseline0.10_mc100_alpha0.05_min100_profiles2b1671cb4b_plandc0cd9facf,factorial_nested_prefix_median_v1,sha256_slot_seed_v1,nested_prefix_median_v1,230,ok,59.68750839999757,25.88679881047769,141.03125778220792,125.564068173509,157.3933953486529,31.829327175143906,139.77799544731477,8.419356821296107,50,50,0.0,True,
reference__quarter_3__b100_p02500_s250,reference__quarter_3__p02500_s250,reference,quarter_3,11,b100_p02500_s250,p02500_s250,full_factorial_nested_prefix,100,2500,250,False,False,3291164629,3187624071,games10_possessions92_source4370615271_grid20x10_trajectory142_outcome242_baseline0.10_mc100_alpha0.05_min100_profiles2b1671cb4b,games10_possessions92_source4370615271_grid20x10_trajectory142_outcome242_baseline0.10_mc100_alpha0.05_min100_profiles2b1671cb4b_plandc0cd9facf,factorial_nested_prefix_median_v1,sha256_slot_seed_v1,nested_prefix_median_v1,230,ok,117.87974190000024,25.88679881047769,141.03125778220792,126.12216695425428,156.49935725544714,30.37719030119287,139.8828219318484,7.43276852354865,100,100,0.0,True,
reference__quarter_4__b050_p02500_s250,reference__quarter_4__p02500_s250,reference,quarter_4,5,b050_p02500_s250,p02500_s250,full_factorial_nested_prefix,50,2500,250,False,False,2443634533,4184819748,games10_possessions92_source4370615271_grid20x10_trajectory142_outcome242_baseline0.10_mc100_alpha0.05_min100_profiles2b1671cb4b,games10_possessions92_source4370615271_grid20x10_trajectory142_outcome242_baseline0.10_mc100_alpha0.05_min100_profiles2b1671cb4b_plandc0cd9facf,factorial_nested_prefix_median_v1,sha256_slot_seed_v1,nested_prefix_median_v1,230,ok,61.45403129999886,25.442716012476836,175.20966234741857,148.63701976288766,184.08346469776345,35.44644493487576,167.19373134860544,9.980838402629171,50,50,0.0,True,
reference__quarter_4__b100_p02500_s250,reference__quarter_4__p02500_s250,reference,quarter_4,11,b100_p02500_s250,p02500_s250,full_factorial_nested_prefix,100,2500,250,False,False,2443634533,4184819748,games10_possessions92_source4370615271_grid20x10_trajectory142_outcome242_baseline0.10_mc100_alpha0.05_min100_profiles2b1671cb4b,games10_possessions92_source4370615271_grid20x10_trajectory142_outcome242_baseline0.10_mc100_alpha0.05_min100_profiles2b1671cb4b_plandc0cd9facf,factorial_nested_prefix_median_v1,sha256_slot_seed_v1,nested_prefix_median_v1,230,ok,118.85002609999628,25.442716012476836,175.20966234741857,149.20366578197346,184.5556473147585,35.351981532785004,168.08798964864312,9.245902217808489,100,100,0.0,True,
high_y_side__full_game__b050_p01000_s150,high_y_side__full_game__p01000_s150,high_y_side,full_game,22,b050_p01000_s150,p01000_s150,full_factorial_nested_prefix,50,1000,150,False,False,12221624,1347732266,games10_possessions92_source4370615271_grid20x10_trajectory142_outcome242_baseline0.10_mc100_alpha0.05_min100_profiles2b1671cb4b,games10_possessions92_source4370615271_grid20x10_trajectory142_outcome242_baseline0.10_mc100_alpha0.05_min100_profiles2b1671cb4b_plandc0cd9facf,factorial_nested_prefix_median_v1,sha256_slot_seed_v1,nested_prefix_median_v1,920,ok,41.532543499990425,16.18203959251413,87.90315877323455,74.59466105192318,91.94830724692964,17.353646195006462,83.09228223009937,4.902177195404038,50,50,0.0,True,
high_y_side__full_game__b100_p01000_s150,high_y_side__full_game__p01000_s150,high_y_side,full_game,37,b100_p01000_s150,p01000_s150,full_factorial_nested_prefix,100,1000,150,False,False,12221624,1347732266,games10_possessions92_source4370615271_grid20x10_trajectory142_outcome242_baseline0.10_mc100_alpha0.05_min100_profiles2b1671cb4b,games10_possessions92_source4370615271_grid20x10_trajectory142_outcome242_baseline0.10_mc100_alpha0.05_min100_profiles2b1671cb4b_plandc0cd9facf,factorial_nested_prefix_median_v1,sha256_slot_seed_v1,nested_prefix_median_v1,920,ok,73.3957270999963,16.18203959251413,87.90315877323455,74.74443547621058,93.75841541887864,19.013979942668044,83.62300662301666,4.910681509243612,100,100,0.0,True,
high_y_side__quarter_1__b050_p01000_s150,high_y_side__quarter_1__p01000_s150,high_y_side,quarter_1,22,b050_p01000_s150,p01000_s150,full_factorial_nested_prefix,50,1000,150,False,False,4050652992,50392349,games10_possessions92_source4370615271_grid20x10_trajectory142_outcome242_baseline0.10_mc100_alpha0.05_min100_profiles2b1671cb4b,games10_possessions92_source4370615271_grid20x10_trajectory142_outcome242_baseline0.10_mc100_alpha0.05_min100_profiles2b1671cb4b_plandc0cd9facf,factorial_nested_prefix_median_v1,sha256_slot_seed_v1,nested_prefix_median_v1,230,ok,44.94227579999279,16.851359367278338,80.72289515726945,79.46365635314258,96.95224479422346,17.48858844108088,87.03531370342387,5.392991032112599,50,50,0.0,True,
high_y_side__quarter_1__b100_p01000_s150,high_y_side__quarter_1__p01000_s150,high_y_side,quarter_1,37,b100_p01000_s150,p01000_s150,full_factorial_nested_prefix,100,1000,150,False,False,4050652992,50392349,games10_possessions92_source4370615271_grid20x10_trajectory142_outcome242_baseline0.10_mc100_alpha0.05_min100_profiles2b1671cb4b,games10_possessions92_source4370615271_grid20x10_trajectory142_outcome242_baseline0.10_mc100_alpha0.05_min100_profiles2b1671cb4b_plandc0cd9facf,factorial_nested_prefix_median_v1,sha256_slot_seed_v1,nested_prefix_median_v1,230,ok,74.46147849999579,16.851359367278338,80.72289515726945,79.51462014872918,96.94528040677392,17.430660258044753,87.31115119115923,4.827618063645896,100,100,0.0,True,
high_y_side__quarter_2__b050_p01000_s150,high_y_side__quarter_2__p01000_s150,high_y_side,quarter_2,22,b050_p01000_s150,p01000_s150,full_factorial_nested_prefix,50,1000,150,False,False,4158371063,2907760287,games10_possessions92_source4370615271_grid20x10_trajectory142_outcome242_baseline0.10_mc100_alpha0.05_min100_profiles2b1671cb4b,games10_possessions92_source4370615271_grid20x10_trajectory142_outcome242_baseline0.10_mc100_alpha0.05_min100_profiles2b1671cb4b_plandc0cd9facf,factorial_nested_prefix_median_v1,sha256_slot_seed_v1,nested_prefix_median_v1,230,ok,44.69191660000615,17.6283564711403,87.33723310128003,76.51928967526564,96.12459872692403,19.60530905165841,86.10251538221786,4.900023986950681,50,50,0.0,True,
high_y_side__quarter_2__b100_p01000_s150,high_y_side__quarter_2__p01000_s150,high_y_side,quarter_2,37,b100_p01000_s150,p01000_s150,full_factorial_nested_prefix,100,1000,150,False,False,4158371063,2907760287,games10_possessions92_source4370615271_grid20x10_trajectory142_outcome242_baseline0.10_mc100_alpha0.05_min100_profiles2b1671cb4b,games10_possessions92_source4370615271_grid20x10_trajectory142_outcome242_baseline0.10_mc100_alpha0.05_min100_profiles2b1671cb4b_plandc0cd9facf,factorial_nested_prefix_median_v1,sha256_slot_seed_v1,nested_prefix_median_v1,230,ok,74.61502220001785,17.6283564711403,87.33723310128003,78.15809379175653,96.37695050477102,18.21885671301449,86.72338416346567,4.856849890574397,100,100,0.0,True,
high_y_side__quarter_3__b050_p01000_s150,high_y_side__quarter_3__p01000_s150,high_y_side,quarter_3,22,b050_p01000_s150,p01000_s150,full_factorial_nested_prefix,50,1000,150,False,False,3544777503,676745190,games10_possessions92_source4370615271_grid20x10_trajectory142_outcome242_baseline0.10_mc100_alpha0.05_min100_profiles2b1671cb4b,games10_possessions92_source4370615271_grid20x10_trajectory142_outcome242_baseline0.10_mc100_alpha0.05_min100_profiles2b1671cb4b_plandc0cd9facf,factorial_nested_prefix_median_v1,sha256_slot_seed_v1,nested_prefix_median_v1,230,ok,43.58776639999997,16.541198125559404,73.00603057407162,62.30350047771368,79.77639458413087,17.472894106417193,69.92918772675952,4.668975987701886,50,50,0.0,True,
high_y_side__quarter_3__b100_p01000_s150,high_y_side__quarter_3__p01000_s150,high_y_side,quarter_3,37,b100_p01000_s150,p01000_s150,full_factorial_nested_prefix,100,1000,150,False,False,3544777503,676745190,games10_possessions92_source4370615271_grid20x10_trajectory142_outcome242_baseline0.10_mc100_alpha0.05_min100_profiles2b1671cb4b,games10_possessions92_source4370615271_grid20x10_trajectory142_outcome242_baseline0.10_mc100_alpha0.05_min100_profiles2b1671cb4b_plandc0cd9facf,factorial_nested_prefix_median_v1,sha256_slot_seed_v1,nested_prefix_median_v1,230,ok,74.36708199999157,16.541198125559404,73.00603057407162,60.13674400814255,80.3914762633889,20.254732255246346,69.43322278737438,5.368892943031764,100,100,0.0,True,
high_y_side__quarter_4__b050_p01000_s150,high_y_side__quarter_4__p01000_s150,high_y_side,quarter_4,22,b050_p01000_s150,p01000_s150,full_factorial_nested_prefix,50,1000,150,False,False,797757005,2997764103,games10_possessions92_source4370615271_grid20x10_trajectory142_outcome242_baseline0.10_mc100_alpha0.05_min100_profiles2b1671cb4b,games10_possessions92_source4370615271_grid20x10_trajectory142_outcome242_baseline0.10_mc100_alpha0.05_min100_profiles2b1671cb4b_plandc0cd9facf,factorial_nested_prefix_median_v1,sha256_slot_seed_v1,nested_prefix_median_v1,230,ok,46.52131179999742,16.04008685712627,92.57723449189152,84.1619409725824,101.0111682024118,16.849227229829395,93.4644385337345,4.7486528328365445,50,50,0.0,True,
high_y_side__quarter_4__b100_p01000_s150,high_y_side__quarter_4__p01000_s150,high_y_side,quarter_4,37,b100_p01000_s150,p01000_s150,full_factorial_nested_prefix,100,1000,150,False,False,797757005,2997764103,games10_possessions92_source4370615271_grid20x10_trajectory142_outcome242_baseline0.10_mc100_alpha0.05_min100_profiles2b1671cb4b,games10_possessions92_source4370615271_grid20x10_trajectory142_outcome242_baseline0.10_mc100_alpha0.05_min100_profiles2b1671cb4b_plandc0cd9facf,factorial_nested_prefix_median_v1,sha256_slot_seed_v1,nested_prefix_median_v1,230,ok,76.96720129999449,16.04008685712627,92.57723449189152,83.8277403648265,101.34759902409829,17.51985865927179,93.27949484661076,4.782157690241102,100,100,0.0,True,
high_y_side__full_game__b050_p01000_s200,high_y_side__full_game__p01000_s200,high_y_side,full_game,23,b050_p01000_s200,p01000_s200,full_factorial_nested_prefix,50,1000,200,False,False,2165290739,311832422,games10_possessions92_source4370615271_grid20x10_trajectory142_outcome242_baseline0.10_mc100_alpha0.05_min100_profiles2b1671cb4b,games10_possessions92_source4370615271_grid20x10_trajectory142_outcome242_baseline0.10_mc100_alpha0.05_min100_profiles2b1671cb4b_plandc0cd9facf,factorial_nested_prefix_median_v1,sha256_slot_seed_v1,nested_prefix_median_v1,920,ok,41.09933039999851,17.93774565867971,71.96291284935299,72.50369306593386,96.09913137989116,23.595438313957303,87.73609785731912,5.737993655035592,50,50,0.0,True,
high_y_side__full_game__b100_p01000_s200,high_y_side__full_game__p01000_s200,high_y_side,full_game,38,b100_p01000_s200,p01000_s200,full_factorial_nested_prefix,100,1000,200,True,False,2165290739,311832422,games10_possessions92_source4370615271_grid20x10_trajectory142_outcome242_baseline0.10_mc100_alpha0.05_min100_profiles2b1671cb4b,games10_possessions92_source4370615271_grid20x10_trajectory142_outcome242_baseline0.10_mc100_alpha0.05_min100_profiles2b1671cb4b_plandc0cd9facf,factorial_nested_prefix_median_v1,sha256_slot_seed_v1,nested_prefix_median_v1,920,ok,72.96839669999827,17.93774565867971,71.96291284935299,75.08494539593288,97.04959542611375,21.96465003018088,87.81026495857175,5.34787368369418,100,100,0.0,True,
high_y_side__quarter_1__b050_p01000_s200,high_y_side__quarter_1__p01000_s200,high_y_side,quarter_1,23,b050_p01000_s200,p01000_s200,full_factorial_nested_prefix,50,1000,200,False,False,3497043562,2731575075,games10_possessions92_source4370615271_grid20x10_trajectory142_outcome242_baseline0.10_mc100_alpha0.05_min100_profiles2b1671cb4b,games10_possessions92_source4370615271_grid20x10_trajectory142_outcome242_baseline0.10_mc100_alpha0.05_min100_profiles2b1671cb4b_plandc0cd9facf,factorial_nested_prefix_median_v1,sha256_slot_seed_v1,nested_prefix_median_v1,230,ok,42.832454000003054,15.881287224794177,80.37165098262624,81.04174292176334,102.9159050221028,21.874162100339447,93.46547188989616,5.412729633030839,50,50,0.0,True,
high_y_side__quarter_1__b100_p01000_s200,high_y_side__quarter_1__p01000_s200,high_y_side,quarter_1,38,b100_p01000_s200,p01000_s200,full_factorial_nested_prefix,100,1000,200,True,False,3497043562,2731575075,games10_possessions92_source4370615271_grid20x10_trajectory142_outcome242_baseline0.10_mc100_alpha0.05_min100_profiles2b1671cb4b,games10_possessions92_source4370615271_grid20x10_trajectory142_outcome242_baseline0.10_mc100_alpha0.05_min100_profiles2b1671cb4b_plandc0cd9facf,factorial_nested_prefix_median_v1,sha256_slot_seed_v1,nested_prefix_median_v1,230,ok,74.01380780000909,15.881287224794177,80.37165098262624,81.45794851604596,102.35711621137465,20.89916769532867,93.0716100315326,5.39000449731026,100,100,0.0,True,
high_y_side__quarter_2__b050_p01000_s200,high_y_side__quarter_2__p01000_s200,high_y_side,quarter_2,23,b050_p01000_s200,p01000_s200,full_factorial_nested_prefix,50,1000,200,False,False,3531618443,294502376,games10_possessions92_source4370615271_grid20x10_trajectory142_outcome242_baseline0.10_mc100_alpha0.05_min100_profiles2b1671cb4b,games10_possessions92_source4370615271_grid20x10_trajectory142_outcome242_baseline0.10_mc100_alpha0.05_min100_profiles2b1671cb4b_plandc0cd9facf,factorial_nested_prefix_median_v1,sha256_slot_seed_v1,nested_prefix_median_v1,230,ok,44.5552130000051,16.49101955623294,92.63300802553636,82.38999766725706,102.90373301199756,20.51373534474051,92.19710481034232,5.613266944609638,50,50,0.0,True,
high_y_side__quarter_2__b100_p01000_s200,high_y_side__quarter_2__p01000_s200,high_y_side,quarter_2,38,b100_p01000_s200,p01000_s200,full_factorial_nested_prefix,100,1000,200,True,False,3531618443,294502376,games10_possessions92_source4370615271_grid20x10_trajectory142_outcome242_baseline0.10_mc100_alpha0.05_min100_profiles2b1671cb4b,games10_possessions92_source4370615271_grid20x10_trajectory142_outcome242_baseline0.10_mc100_alpha0.05_min100_profiles2b1671cb4b_plandc0cd9facf,factorial_nested_prefix_median_v1,sha256_slot_seed_v1,nested_prefix_median_v1,230,ok,75.38293040001736,16.49101955623294,92.63300802553636,82.58118676805782,100.82199463840118,18.24080787034336,92.20528743291908,4.987979375054923,100,100,0.0,True,
high_y_side__quarter_3__b050_p01000_s200,high_y_side__quarter_3__p01000_s200,high_y_side,quarter_3,23,b050_p01000_s200,p01000_s200,full_factorial_nested_prefix,50,1000,200,False,False,1074092448,1664290152,games10_possessions92_source4370615271_grid20x10_trajectory142_outcome242_baseline0.10_mc100_alpha0.05_min100_profiles2b1671cb4b,games10_possessions92_source4370615271_grid20x10_trajectory142_outcome242_baseline0.10_mc100_alpha0.05_min100_profiles2b1671cb4b_plandc0cd9facf,factorial_nested_prefix_median_v1,sha256_slot_seed_v1,nested_prefix_median_v1,230,ok,45.03318550000222,17.762750719544307,75.16101735078001,63.30055158549864,81.9869144165949,18.68636283109626,73.03076292285392,4.930182099880134,50,50,0.0,True,
high_y_side__quarter_3__b100_p01000_s200,high_y_side__quarter_3__p01000_s200,high_y_side,quarter_3,38,b100_p01000_s200,p01000_s200,full_factorial_nested_prefix,100,1000,200,True,False,1074092448,1664290152,games10_possessions92_source4370615271_grid20x10_trajectory142_outcome242_baseline0.10_mc100_alpha0.05_min100_profiles2b1671cb4b,games10_possessions92_source4370615271_grid20x10_trajectory142_outcome242_baseline0.10_mc100_alpha0.05_min100_profiles2b1671cb4b_plandc0cd9facf,factorial_nested_prefix_median_v1,sha256_slot_seed_v1,nested_prefix_median_v1,230,ok,77.29852050000409,17.762750719544307,75.16101735078001,64.19148030736037,81.56648961434448,17.37500930698411,73.3935664780627,4.576301106932645,100,100,0.0,True,
high_y_side__quarter_4__b050_p01000_s200,high_y_side__quarter_4__p01000_s200,high_y_side,quarter_4,23,b050_p01000_s200,p01000_s200,full_factorial_nested_prefix,50,1000,200,False,False,2788884382,204799898,games10_possessions92_source4370615271_grid20x10_trajectory142_outcome242_baseline0.10_mc100_alpha0.05_min100_profiles2b1671cb4b,games10_possessions92_source4370615271_grid20x10_trajectory142_outcome242_baseline0.10_mc100_alpha0.05_min100_profiles2b1671cb4b_plandc0cd9facf,factorial_nested_prefix_median_v1,sha256_slot_seed_v1,nested_prefix_median_v1,230,ok,43.63157060000594,15.92320697602505,97.84684319761344,91.04450912978533,104.80301455532182,13.758505425536512,98.13659234628344,4.103781909293405,50,50,0.0,True,
high_y_side__quarter_4__b100_p01000_s200,high_y_side__quarter_4__p01000_s200,high_y_side,quarter_4,38,b100_p01000_s200,p01000_s200,full_factorial_nested_prefix,100,1000,200,True,False,2788884382,204799898,games10_possessions92_source4370615271_grid20x10_trajectory142_outcome242_baseline0.10_mc100_alpha0.05_min100_profiles2b1671cb4b,games10_possessions92_source4370615271_grid20x10_trajectory142_outcome242_baseline0.10_mc100_alpha0.05_min100_profiles2b1671cb4b_plandc0cd9facf,factorial_nested_prefix_median_v1,sha256_slot_seed_v1,nested_prefix_median_v1,230,ok,75.41970560000664,15.92320697602505,97.84684319761344,89.68333461747166,106.61053674768002,16.927202130208357,97.83518031127863,4.498090257139727,100,100,0.0,True,
high_y_side__full_game__b050_p01000_s250,high_y_side__full_game__p01000_s250,high_y_side,full_game,24,b050_p01000_s250,p01000_s250,full_factorial_nested_prefix,50,1000,250,False,False,3331613232,825228734,games10_possessions92_source4370615271_grid20x10_trajectory142_outcome242_baseline0.10_mc100_alpha0.05_min100_profiles2b1671cb4b,games10_possessions92_source4370615271_grid20x10_trajectory142_outcome242_baseline0.10_mc100_alpha0.05_min100_profiles2b1671cb4b_plandc0cd9facf,factorial_nested_prefix_median_v1,sha256_slot_seed_v1,nested_prefix_median_v1,920,ok,40.401145100000576,17.234761013255582,88.66624367393479,82.0983808974975,100.32109282254451,18.222711925047008,91.02106131395516,5.25858796924768,50,50,0.0,True,
high_y_side__full_game__b100_p01000_s250,high_y_side__full_game__p01000_s250,high_y_side,full_game,39,b100_p01000_s250,p01000_s250,full_factorial_nested_prefix,100,1000,250,False,False,3331613232,825228734,games10_possessions92_source4370615271_grid20x10_trajectory142_outcome242_baseline0.10_mc100_alpha0.05_min100_profiles2b1671cb4b,games10_possessions92_source4370615271_grid20x10_trajectory142_outcome242_baseline0.10_mc100_alpha0.05_min100_profiles2b1671cb4b_plandc0cd9facf,factorial_nested_prefix_median_v1,sha256_slot_seed_v1,nested_prefix_median_v1,920,ok,73.14356030000272,17.234761013255582,88.66624367393479,81.9991693856239,99.98228594381732,17.98311655819343,91.01604249048803,4.937841042858342,100,100,0.0,True,
high_y_side__quarter_1__b050_p01000_s250,high_y_side__quarter_1__p01000_s250,high_y_side,quarter_1,24,b050_p01000_s250,p01000_s250,full_factorial_nested_prefix,50,1000,250,False,False,1213564615,3886741372,games10_possessions92_source4370615271_grid20x10_trajectory142_outcome242_baseline0.10_mc100_alpha0.05_min100_profiles2b1671cb4b,games10_possessions92_source4370615271_grid20x10_trajectory142_outcome242_baseline0.10_mc100_alpha0.05_min100_profiles2b1671cb4b_plandc0cd9facf,factorial_nested_prefix_median_v1,sha256_slot_seed_v1,nested_prefix_median_v1,230,ok,39.44331879999481,15.364026559022475,91.80496534183656,82.45465950125113,103.14100324170548,20.68634374045436,95.138718835377,5.70247299800033,50,50,0.0,True,
high_y_side__quarter_1__b100_p01000_s250,high_y_side__quarter_1__p01000_s250,high_y_side,quarter_1,39,b100_p01000_s250,p01000_s250,full_factorial_nested_prefix,100,1000,250,False,False,1213564615,3886741372,games10_possessions92_source4370615271_grid20x10_trajectory142_outcome242_baseline0.10_mc100_alpha0.05_min100_profiles2b1671cb4b,games10_possessions92_source4370615271_grid20x10_trajectory142_outcome242_baseline0.10_mc100_alpha0.05_min100_profiles2b1671cb4b_plandc0cd9facf,factorial_nested_prefix_median_v1,sha256_slot_seed_v1,nested_prefix_median_v1,230,ok,72.51448079999864,15.364026559022475,91.80496534183656,81.38459338745297,105.45043803665644,24.065844649203484,94.73728010993923,5.945612113987351,100,100,0.0,True,
high_y_side__quarter_2__b050_p01000_s250,high_y_side__quarter_2__p01000_s250,high_y_side,quarter_2,24,b050_p01000_s250,p01000_s250,full_factorial_nested_prefix,50,1000,250,False,False,2896701537,1377020871,games10_possessions92_source4370615271_grid20x10_trajectory142_outcome242_baseline0.10_mc100_alpha0.05_min100_profiles2b1671cb4b,games10_possessions92_source4370615271_grid20x10_trajectory142_outcome242_baseline0.10_mc100_alpha0.05_min100_profiles2b1671cb4b_plandc0cd9facf,factorial_nested_prefix_median_v1,sha256_slot_seed_v1,nested_prefix_median_v1,230,ok,40.65144980000514,18.632461944873462,89.66102317040043,84.8727872491781,103.82857998809004,18.955792738911924,94.25699540137644,5.307084557498071,50,50,0.0,True,
high_y_side__quarter_2__b100_p01000_s250,high_y_side__quarter_2__p01000_s250,high_y_side,quarter_2,39,b100_p01000_s250,p01000_s250,full_factorial_nested_prefix,100,1000,250,False,False,2896701537,1377020871,games10_possessions92_source4370615271_grid20x10_trajectory142_outcome242_baseline0.10_mc100_alpha0.05_min100_profiles2b1671cb4b,games10_possessions92_source4370615271_grid20x10_trajectory142_outcome242_baseline0.10_mc100_alpha0.05_min100_profiles2b1671cb4b_plandc0cd9facf,factorial_nested_prefix_median_v1,sha256_slot_seed_v1,nested_prefix_median_v1,230,ok,73.05366399999548,18.632461944873462,89.66102317040043,84.45048579855128,103.73969169401884,19.289205895467543,93.9544894869436,5.181684147845225,100,100,0.0,True,
high_y_side__quarter_3__b050_p01000_s250,high_y_side__quarter_3__p01000_s250,high_y_side,quarter_3,24,b050_p01000_s250,p01000_s250,full_factorial_nested_prefix,50,1000,250,False,False,2701262546,373230789,games10_possessions92_source4370615271_grid20x10_trajectory142_outcome242_baseline0.10_mc100_alpha0.05_min100_profiles2b1671cb4b,games10_possessions92_source4370615271_grid20x10_trajectory142_outcome242_baseline0.10_mc100_alpha0.05_min100_profiles2b1671cb4b_plandc0cd9facf,factorial_nested_prefix_median_v1,sha256_slot_seed_v1,nested_prefix_median_v1,230,ok,40.00236810000024,16.192719403250607,72.43846491508701,64.84162272557889,85.68059980486967,20.838977079290785,75.77994737015753,5.964980690634694,50,50,0.0,True,
high_y_side__quarter_3__b100_p01000_s250,high_y_side__quarter_3__p01000_s250,high_y_side,quarter_3,39,b100_p01000_s250,p01000_s250,full_factorial_nested_prefix,100,1000,250,False,False,2701262546,373230789,games10_possessions92_source4370615271_grid20x10_trajectory142_outcome242_baseline0.10_mc100_alpha0.05_min100_profiles2b1671cb4b,games10_possessions92_source4370615271_grid20x10_trajectory142_outcome242_baseline0.10_mc100_alpha0.05_min100_profiles2b1671cb4b_plandc0cd9facf,factorial_nested_prefix_median_v1,sha256_slot_seed_v1,nested_prefix_median_v1,230,ok,74.26243340000656,16.192719403250607,72.43846491508701,65.29442300537026,85.57443259808834,20.28000959271808,75.66722538596477,5.534992522208631,100,100,0.0,True,
high_y_side__quarter_4__b050_p01000_s250,high_y_side__quarter_4__p01000_s250,high_y_side,quarter_4,24,b050_p01000_s250,p01000_s250,full_factorial_nested_prefix,50,1000,250,False,False,124805235,4092400444,games10_possessions92_source4370615271_grid20x10_trajectory142_outcome242_baseline0.10_mc100_alpha0.05_min100_profiles2b1671cb4b,games10_possessions92_source4370615271_grid20x10_trajectory142_outcome242_baseline0.10_mc100_alpha0.05_min100_profiles2b1671cb4b_plandc0cd9facf,factorial_nested_prefix_median_v1,sha256_slot_seed_v1,nested_prefix_median_v1,230,ok,37.89766330000202,16.919204942318764,95.09604967519805,91.5636435824943,108.86415552506512,17.30051194257082,100.48560198506333,4.687603749445983,50,50,0.0,True,
high_y_side__quarter_4__b100_p01000_s250,high_y_side__quarter_4__p01000_s250,high_y_side,quarter_4,39,b100_p01000_s250,p01000_s250,full_factorial_nested_prefix,100,1000,250,False,False,124805235,4092400444,games10_possessions92_source4370615271_grid20x10_trajectory142_outcome242_baseline0.10_mc100_alpha0.05_min100_profiles2b1671cb4b,games10_possessions92_source4370615271_grid20x10_trajectory142_outcome242_baseline0.10_mc100_alpha0.05_min100_profiles2b1671cb4b_plandc0cd9facf,factorial_nested_prefix_median_v1,sha256_slot_seed_v1,nested_prefix_median_v1,230,ok,68.95914350000203,16.919204942318764,95.09604967519805,91.60621255862809,110.9349406314892,19.32872807286111,101.19097056689782,5.312885267197888,100,100,0.0,True,
high_y_side__full_game__b050_p02500_s150,high_y_side__full_game__p02500_s150,high_y_side,full_game,3,b050_p02500_s150,p02500_s150,full_factorial_nested_prefix,50,2500,150,False,False,2793541587,2343844846,games10_possessions92_source4370615271_grid20x10_trajectory142_outcome242_baseline0.10_mc100_alpha0.05_min100_profiles2b1671cb4b,games10_possessions92_source4370615271_grid20x10_trajectory142_outcome242_baseline0.10_mc100_alpha0.05_min100_profiles2b1671cb4b_plandc0cd9facf,factorial_nested_prefix_median_v1,sha256_slot_seed_v1,nested_prefix_median_v1,920,ok,58.46693010000581,25.0596685962226,216.9786403701684,193.05210333013585,224.86762344539207,31.81552011525622,209.79463701643837,8.640560691259134,50,50,0.0,True,
high_y_side__full_game__b100_p02500_s150,high_y_side__full_game__p02500_s150,high_y_side,full_game,9,b100_p02500_s150,p02500_s150,full_factorial_nested_prefix,100,2500,150,False,False,2793541587,2343844846,games10_possessions92_source4370615271_grid20x10_trajectory142_outcome242_baseline0.10_mc100_alpha0.05_min100_profiles2b1671cb4b,games10_possessions92_source4370615271_grid20x10_trajectory142_outcome242_baseline0.10_mc100_alpha0.05_min100_profiles2b1671cb4b_plandc0cd9facf,factorial_nested_prefix_median_v1,sha256_slot_seed_v1,nested_prefix_median_v1,920,ok,109.50329550000424,25.0596685962226,216.9786403701684,193.1799978183445,224.62964237149052,31.449644553146044,209.24089505284576,8.031857283109007,100,100,0.0,True,
high_y_side__quarter_1__b050_p02500_s150,high_y_side__quarter_1__p02500_s150,high_y_side,quarter_1,3,b050_p02500_s150,p02500_s150,full_factorial_nested_prefix,50,2500,150,False,False,4052413110,1903479448,games10_possessions92_source4370615271_grid20x10_trajectory142_outcome242_baseline0.10_mc100_alpha0.05_min100_profiles2b1671cb4b,games10_possessions92_source4370615271_grid20x10_trajectory142_outcome242_baseline0.10_mc100_alpha0.05_min100_profiles2b1671cb4b_plandc0cd9facf,factorial_nested_prefix_median_v1,sha256_slot_seed_v1,nested_prefix_median_v1,230,ok,51.39334179999696,25.766706009667807,224.73022316635692,207.174695963191,231.1768521317008,24.0021561685098,218.5242844304753,6.79123882995999,50,50,0.0,True,
high_y_side__quarter_1__b100_p02500_s150,high_y_side__quarter_1__p02500_s150,high_y_side,quarter_1,9,b100_p02500_s150,p02500_s150,full_factorial_nested_prefix,100,2500,150,False,False,4052413110,1903479448,games10_possessions92_source4370615271_grid20x10_trajectory142_outcome242_baseline0.10_mc100_alpha0.05_min100_profiles2b1671cb4b,games10_possessions92_source4370615271_grid20x10_trajectory142_outcome242_baseline0.10_mc100_alpha0.05_min100_profiles2b1671cb4b_plandc0cd9facf,factorial_nested_prefix_median_v1,sha256_slot_seed_v1,nested_prefix_median_v1,230,ok,99.97716860000035,25.766706009667807,224.73022316635692,206.83769036685644,235.4289858066653,28.591295439808874,220.0103721838745,7.667206548111963,100,100,0.0,True,
high_y_side__quarter_2__b050_p02500_s150,high_y_side__quarter_2__p02500_s150,high_y_side,quarter_2,3,b050_p02500_s150,p02500_s150,full_factorial_nested_prefix,50,2500,150,False,False,839507654,3351567330,games10_possessions92_source4370615271_grid20x10_trajectory142_outcome242_baseline0.10_mc100_alpha0.05_min100_profiles2b1671cb4b,games10_possessions92_source4370615271_grid20x10_trajectory142_outcome242_baseline0.10_mc100_alpha0.05_min100_profiles2b1671cb4b_plandc0cd9facf,factorial_nested_prefix_median_v1,sha256_slot_seed_v1,nested_prefix_median_v1,230,ok,52.04503850000674,24.07626870285974,221.33525401775532,199.84895424688509,233.2281558591085,33.379201612223454,217.76903343694104,7.382982543947088,50,50,0.0,True,
high_y_side__quarter_2__b100_p02500_s150,high_y_side__quarter_2__p02500_s150,high_y_side,quarter_2,9,b100_p02500_s150,p02500_s150,full_factorial_nested_prefix,100,2500,150,False,False,839507654,3351567330,games10_possessions92_source4370615271_grid20x10_trajectory142_outcome242_baseline0.10_mc100_alpha0.05_min100_profiles2b1671cb4b,games10_possessions92_source4370615271_grid20x10_trajectory142_outcome242_baseline0.10_mc100_alpha0.05_min100_profiles2b1671cb4b_plandc0cd9facf,factorial_nested_prefix_median_v1,sha256_slot_seed_v1,nested_prefix_median_v1,230,ok,101.91084950001004,24.07626870285974,221.33525401775532,199.0774873517661,232.77374934684727,33.69626199508119,216.95605332148023,7.505868616543455,100,100,0.0,True,
high_y_side__quarter_3__b050_p02500_s150,high_y_side__quarter_3__p02500_s150,high_y_side,quarter_3,3,b050_p02500_s150,p02500_s150,full_factorial_nested_prefix,50,2500,150,False,False,3948530278,1369204443,games10_possessions92_source4370615271_grid20x10_trajectory142_outcome242_baseline0.10_mc100_alpha0.05_min100_profiles2b1671cb4b,games10_possessions92_source4370615271_grid20x10_trajectory142_outcome242_baseline0.10_mc100_alpha0.05_min100_profiles2b1671cb4b_plandc0cd9facf,factorial_nested_prefix_median_v1,sha256_slot_seed_v1,nested_prefix_median_v1,230,ok,52.418544300000576,25.540258632492616,175.71135328390085,159.56130013730595,187.4355483617368,27.87424822443083,172.16382367061087,7.284734075164461,50,50,0.0,True,
high_y_side__quarter_3__b100_p02500_s150,high_y_side__quarter_3__p02500_s150,high_y_side,quarter_3,9,b100_p02500_s150,p02500_s150,full_factorial_nested_prefix,100,2500,150,False,False,3948530278,1369204443,games10_possessions92_source4370615271_grid20x10_trajectory142_outcome242_baseline0.10_mc100_alpha0.05_min100_profiles2b1671cb4b,games10_possessions92_source4370615271_grid20x10_trajectory142_outcome242_baseline0.10_mc100_alpha0.05_min100_profiles2b1671cb4b_plandc0cd9facf,factorial_nested_prefix_median_v1,sha256_slot_seed_v1,nested_prefix_median_v1,230,ok,102.38451460000032,25.540258632492616,175.71135328390085,159.17440468345785,188.28785597060133,29.11345128714348,172.19913607639407,7.765243516526413,100,100,0.0,True,
high_y_side__quarter_4__b050_p02500_s150,high_y_side__quarter_4__p02500_s150,high_y_side,quarter_4,3,b050_p02500_s150,p02500_s150,full_factorial_nested_prefix,50,2500,150,False,False,2304242463,2177261628,games10_possessions92_source4370615271_grid20x10_trajectory142_outcome242_baseline0.10_mc100_alpha0.05_min100_profiles2b1671cb4b,games10_possessions92_source4370615271_grid20x10_trajectory142_outcome242_baseline0.10_mc100_alpha0.05_min100_profiles2b1671cb4b_plandc0cd9facf,factorial_nested_prefix_median_v1,sha256_slot_seed_v1,nested_prefix_median_v1,230,ok,50.3809652000009,27.53906850642324,236.75883589419496,223.6731222122937,247.3008070046453,23.62768479235163,235.1391749868542,7.077233646821744,50,50,0.0,True,
high_y_side__quarter_4__b100_p02500_s150,high_y_side__quarter_4__p02500_s150,high_y_side,quarter_4,9,b100_p02500_s150,p02500_s150,full_factorial_nested_prefix,100,2500,150,False,False,2304242463,2177261628,games10_possessions92_source4370615271_grid20x10_trajectory142_outcome242_baseline0.10_mc100_alpha0.05_min100_profiles2b1671cb4b,games10_possessions92_source4370615271_grid20x10_trajectory142_outcome242_baseline0.10_mc100_alpha0.05_min100_profiles2b1671cb4b_plandc0cd9facf,factorial_nested_prefix_median_v1,sha256_slot_seed_v1,nested_prefix_median_v1,230,ok,98.1433332000015,27.53906850642324,236.75883589419496,219.61254693783303,248.7772583964864,29.16471145865333,234.9542459348648,7.869845668462198,100,100,0.0,True,
high_y_side__full_game__b050_p02500_s200,high_y_side__full_game__p02500_s200,high_y_side,full_game,4,b050_p02500_s200,p02500_s200,full_factorial_nested_prefix,50,2500,200,False,False,1250155092,1084383193,games10_possessions92_source4370615271_grid20x10_trajectory142_outcome242_baseline0.10_mc100_alpha0.05_min100_profiles2b1671cb4b,games10_possessions92_source4370615271_grid20x10_trajectory142_outcome242_baseline0.10_mc100_alpha0.05_min100_profiles2b1671cb4b_plandc0cd9facf,factorial_nested_prefix_median_v1,sha256_slot_seed_v1,nested_prefix_median_v1,920,ok,53.51823289999993,26.58757112229922,239.5048327937666,206.04391683761548,242.1460590614725,36.102142223857015,221.1327761094313,9.440451862139389,50,50,0.0,True,
high_y_side__full_game__b100_p02500_s200,high_y_side__full_game__p02500_s200,high_y_side,full_game,10,b100_p02500_s200,p02500_s200,full_factorial_nested_prefix,100,2500,200,False,False,1250155092,1084383193,games10_possessions92_source4370615271_grid20x10_trajectory142_outcome242_baseline0.10_mc100_alpha0.05_min100_profiles2b1671cb4b,games10_possessions92_source4370615271_grid20x10_trajectory142_outcome242_baseline0.10_mc100_alpha0.05_min100_profiles2b1671cb4b_plandc0cd9facf,factorial_nested_prefix_median_v1,sha256_slot_seed_v1,nested_prefix_median_v1,920,ok,104.7003128999968,26.58757112229922,239.5048327937666,204.0972088525444,238.73479776652147,34.63758891397711,220.45259609091795,9.045549226543002,100,100,0.0,True,
high_y_side__quarter_1__b050_p02500_s200,high_y_side__quarter_1__p02500_s200,high_y_side,quarter_1,4,b050_p02500_s200,p02500_s200,full_factorial_nested_prefix,50,2500,200,False,False,1981401840,3337975777,games10_possessions92_source4370615271_grid20x10_trajectory142_outcome242_baseline0.10_mc100_alpha0.05_min100_profiles2b1671cb4b,games10_possessions92_source4370615271_grid20x10_trajectory142_outcome242_baseline0.10_mc100_alpha0.05_min100_profiles2b1671cb4b_plandc0cd9facf,factorial_nested_prefix_median_v1,sha256_slot_seed_v1,nested_prefix_median_v1,230,ok,52.431281100006345,27.23687464261537,232.631304948458,212.98363467017415,244.4004708383712,31.416836168196998,229.668699856938,8.526221608066104,50,50,0.0,True,
high_y_side__quarter_1__b100_p02500_s200,high_y_side__quarter_1__p02500_s200,high_y_side,quarter_1,10,b100_p02500_s200,p02500_s200,full_factorial_nested_prefix,100,2500,200,False,False,1981401840,3337975777,games10_possessions92_source4370615271_grid20x10_trajectory142_outcome242_baseline0.10_mc100_alpha0.05_min100_profiles2b1671cb4b,games10_possessions92_source4370615271_grid20x10_trajectory142_outcome242_baseline0.10_mc100_alpha0.05_min100_profiles2b1671cb4b_plandc0cd9facf,factorial_nested_prefix_median_v1,sha256_slot_seed_v1,nested_prefix_median_v1,230,ok,102.81681960000242,27.23687464261537,232.631304948458,214.11301965761305,243.6463294254013,29.533309767788268,229.42838766851563,8.230055773936938,100,100,0.0,True,
high_y_side__quarter_2__b050_p02500_s200,high_y_side__quarter_2__p02500_s200,high_y_side,quarter_2,4,b050_p02500_s200,p02500_s200,full_factorial_nested_prefix,50,2500,200,False,False,3001684622,2866071822,games10_possessions92_source4370615271_grid20x10_trajectory142_outcome242_baseline0.10_mc100_alpha0.05_min100_profiles2b1671cb4b,games10_possessions92_source4370615271_grid20x10_trajectory142_outcome242_baseline0.10_mc100_alpha0.05_min100_profiles2b1671cb4b_plandc0cd9facf,factorial_nested_prefix_median_v1,sha256_slot_seed_v1,nested_prefix_median_v1,230,ok,52.19576490000327,28.07945488809393,230.5852931351464,214.53684099885444,245.86527725984223,31.328436260987782,230.19894300966408,8.394095716002228,50,50,0.0,True,
high_y_side__quarter_2__b100_p02500_s200,high_y_side__quarter_2__p02500_s200,high_y_side,quarter_2,10,b100_p02500_s200,p02500_s200,full_factorial_nested_prefix,100,2500,200,False,False,3001684622,2866071822,games10_possessions92_source4370615271_grid20x10_trajectory142_outcome242_baseline0.10_mc100_alpha0.05_min100_profiles2b1671cb4b,games10_possessions92_source4370615271_grid20x10_trajectory142_outcome242_baseline0.10_mc100_alpha0.05_min100_profiles2b1671cb4b_plandc0cd9facf,factorial_nested_prefix_median_v1,sha256_slot_seed_v1,nested_prefix_median_v1,230,ok,102.2367531000009,28.07945488809393,230.5852931351464,214.1909322307153,245.6211127970536,31.430180566338294,230.00300019826517,8.5453551946601,100,100,0.0,True,
high_y_side__quarter_3__b050_p02500_s200,high_y_side__quarter_3__p02500_s200,high_y_side,quarter_3,4,b050_p02500_s200,p02500_s200,full_factorial_nested_prefix,50,2500,200,False,False,531714605,1623074673,games10_possessions92_source4370615271_grid20x10_trajectory142_outcome242_baseline0.10_mc100_alpha0.05_min100_profiles2b1671cb4b,games10_possessions92_source4370615271_grid20x10_trajectory142_outcome242_baseline0.10_mc100_alpha0.05_min100_profiles2b1671cb4b_plandc0cd9facf,factorial_nested_prefix_median_v1,sha256_slot_seed_v1,nested_prefix_median_v1,230,ok,52.911418999998205,25.72742508528504,182.1303219785564,169.29191065381448,194.0668885364714,24.774977882656916,183.63492497605256,6.959183728968156,50,50,0.0,True,
high_y_side__quarter_3__b100_p02500_s200,high_y_side__quarter_3__p02500_s200,high_y_side,quarter_3,10,b100_p02500_s200,p02500_s200,full_factorial_nested_prefix,100,2500,200,False,False,531714605,1623074673,games10_possessions92_source4370615271_grid20x10_trajectory142_outcome242_baseline0.10_mc100_alpha0.05_min100_profiles2b1671cb4b,games10_possessions92_source4370615271_grid20x10_trajectory142_outcome242_baseline0.10_mc100_alpha0.05_min100_profiles2b1671cb4b_plandc0cd9facf,factorial_nested_prefix_median_v1,sha256_slot_seed_v1,nested_prefix_median_v1,230,ok,103.81774329999644,25.72742508528504,182.1303219785564,168.23099905138068,197.22685256886496,28.995853517484303,182.6385857429796,7.748183170902757,100,100,0.0,True,
high_y_side__quarter_4__b050_p02500_s200,high_y_side__quarter_4__p02500_s200,high_y_side,quarter_4,4,b050_p02500_s200,p02500_s200,full_factorial_nested_prefix,50,2500,200,False,False,1241465810,1980449907,games10_possessions92_source4370615271_grid20x10_trajectory142_outcome242_baseline0.10_mc100_alpha0.05_min100_profiles2b1671cb4b,games10_possessions92_source4370615271_grid20x10_trajectory142_outcome242_baseline0.10_mc100_alpha0.05_min100_profiles2b1671cb4b_plandc0cd9facf,factorial_nested_prefix_median_v1,sha256_slot_seed_v1,nested_prefix_median_v1,230,ok,52.29092070000297,24.667801441213108,249.34875650186405,228.2765970384864,262.327383873392,34.05078683490564,245.90429783368904,9.019224886008336,50,50,0.0,True,
high_y_side__quarter_4__b100_p02500_s200,high_y_side__quarter_4__p02500_s200,high_y_side,quarter_4,10,b100_p02500_s200,p02500_s200,full_factorial_nested_prefix,100,2500,200,False,False,1241465810,1980449907,games10_possessions92_source4370615271_grid20x10_trajectory142_outcome242_baseline0.10_mc100_alpha0.05_min100_profiles2b1671cb4b,games10_possessions92_source4370615271_grid20x10_trajectory142_outcome242_baseline0.10_mc100_alpha0.05_min100_profiles2b1671cb4b_plandc0cd9facf,factorial_nested_prefix_median_v1,sha256_slot_seed_v1,nested_prefix_median_v1,230,ok,102.42435170000226,24.667801441213108,249.34875650186405,227.370054543454,259.15678331560184,31.786728772147825,245.88588731440643,8.14788178165948,100,100,0.0,True,
high_y_side__full_game__b050_p02500_s250,high_y_side__full_game__p02500_s250,high_y_side,full_game,5,b050_p02500_s250,p02500_s250,full_factorial_nested_prefix,50,2500,250,False,False,4290107670,3156692951,games10_possessions92_source4370615271_grid20x10_trajectory142_outcome242_baseline0.10_mc100_alpha0.05_min100_profiles2b1671cb4b,games10_possessions92_source4370615271_grid20x10_trajectory142_outcome242_baseline0.10_mc100_alpha0.05_min100_profiles2b1671cb4b_plandc0cd9facf,factorial_nested_prefix_median_v1,sha256_slot_seed_v1,nested_prefix_median_v1,920,ok,55.1396584999984,25.952738440523795,216.1230831305685,215.1118132148904,249.99404159723107,34.88222838234066,228.0230024337397,9.533852252477793,50,50,0.0,True,
high_y_side__full_game__b100_p02500_s250,high_y_side__full_game__p02500_s250,high_y_side,full_game,11,b100_p02500_s250,p02500_s250,full_factorial_nested_prefix,100,2500,250,False,False,4290107670,3156692951,games10_possessions92_source4370615271_grid20x10_trajectory142_outcome242_baseline0.10_mc100_alpha0.05_min100_profiles2b1671cb4b,games10_possessions92_source4370615271_grid20x10_trajectory142_outcome242_baseline0.10_mc100_alpha0.05_min100_profiles2b1671cb4b_plandc0cd9facf,factorial_nested_prefix_median_v1,sha256_slot_seed_v1,nested_prefix_median_v1,920,ok,108.0589028999966,25.952738440523795,216.1230831305685,212.5385911428061,246.42071217522724,33.88212103242114,226.14854525955045,8.932495646654658,100,100,0.0,True,
high_y_side__quarter_1__b050_p02500_s250,high_y_side__quarter_1__p02500_s250,high_y_side,quarter_1,5,b050_p02500_s250,p02500_s250,full_factorial_nested_prefix,50,2500,250,False,False,1813759423,2325725962,games10_possessions92_source4370615271_grid20x10_trajectory142_outcome242_baseline0.10_mc100_alpha0.05_min100_profiles2b1671cb4b,games10_possessions92_source4370615271_grid20x10_trajectory142_outcome242_baseline0.10_mc100_alpha0.05_min100_profiles2b1671cb4b_plandc0cd9facf,factorial_nested_prefix_median_v1,sha256_slot_seed_v1,nested_prefix_median_v1,230,ok,54.59319989999767,26.58113649633458,246.5736390448046,224.62072366705576,249.57402497666925,24.953301309613494,236.90336595567817,7.276978649524401,50,50,0.0,True,
high_y_side__quarter_1__b100_p02500_s250,high_y_side__quarter_1__p02500_s250,high_y_side,quarter_1,11,b100_p02500_s250,p02500_s250,full_factorial_nested_prefix,100,2500,250,False,False,1813759423,2325725962,games10_possessions92_source4370615271_grid20x10_trajectory142_outcome242_baseline0.10_mc100_alpha0.05_min100_profiles2b1671cb4b,games10_possessions92_source4370615271_grid20x10_trajectory142_outcome242_baseline0.10_mc100_alpha0.05_min100_profiles2b1671cb4b_plandc0cd9facf,factorial_nested_prefix_median_v1,sha256_slot_seed_v1,nested_prefix_median_v1,230,ok,108.83679180000216,26.58113649633458,246.5736390448046,219.35014679885788,251.0252977817861,31.675150982928244,236.3993327516226,8.105455895640619,100,100,0.0,True,
high_y_side__quarter_2__b050_p02500_s250,high_y_side__quarter_2__p02500_s250,high_y_side,quarter_2,5,b050_p02500_s250,p02500_s250,full_factorial_nested_prefix,50,2500,250,False,False,1780359904,1217718016,games10_possessions92_source4370615271_grid20x10_trajectory142_outcome242_baseline0.10_mc100_alpha0.05_min100_profiles2b1671cb4b,games10_possessions92_source4370615271_grid20x10_trajectory142_outcome242_baseline0.10_mc100_alpha0.05_min100_profiles2b1671cb4b_plandc0cd9facf,factorial_nested_prefix_median_v1,sha256_slot_seed_v1,nested_prefix_median_v1,230,ok,54.96129240000028,29.019463354984328,242.33325064283835,225.78239522696663,252.6182513770644,26.835856150097783,239.1192495135421,7.517640055998145,50,50,0.0,True,
high_y_side__quarter_2__b100_p02500_s250,high_y_side__quarter_2__p02500_s250,high_y_side,quarter_2,11,b100_p02500_s250,p02500_s250,full_factorial_nested_prefix,100,2500,250,False,False,1780359904,1217718016,games10_possessions92_source4370615271_grid20x10_trajectory142_outcome242_baseline0.10_mc100_alpha0.05_min100_profiles2b1671cb4b,games10_possessions92_source4370615271_grid20x10_trajectory142_outcome242_baseline0.10_mc100_alpha0.05_min100_profiles2b1671cb4b_plandc0cd9facf,factorial_nested_prefix_median_v1,sha256_slot_seed_v1,nested_prefix_median_v1,230,ok,107.50181519999931,29.019463354984328,242.33325064283835,224.8050053962884,252.83695258802,28.03194719173157,238.81487268729543,7.313048102534474,100,100,0.0,True,
high_y_side__quarter_3__b050_p02500_s250,high_y_side__quarter_3__p02500_s250,high_y_side,quarter_3,5,b050_p02500_s250,p02500_s250,full_factorial_nested_prefix,50,2500,250,False,False,3291164629,3303801531,games10_possessions92_source4370615271_grid20x10_trajectory142_outcome242_baseline0.10_mc100_alpha0.05_min100_profiles2b1671cb4b,games10_possessions92_source4370615271_grid20x10_trajectory142_outcome242_baseline0.10_mc100_alpha0.05_min100_profiles2b1671cb4b_plandc0cd9facf,factorial_nested_prefix_median_v1,sha256_slot_seed_v1,nested_prefix_median_v1,230,ok,55.63061299999845,28.04779593955044,191.66482686367823,172.18763147856524,202.78259730660483,30.59496582803959,188.63433519593937,8.38132440540516,50,50,0.0,True,
high_y_side__quarter_3__b100_p02500_s250,high_y_side__quarter_3__p02500_s250,high_y_side,quarter_3,11,b100_p02500_s250,p02500_s250,full_factorial_nested_prefix,100,2500,250,False,False,3291164629,3303801531,games10_possessions92_source4370615271_grid20x10_trajectory142_outcome242_baseline0.10_mc100_alpha0.05_min100_profiles2b1671cb4b,games10_possessions92_source4370615271_grid20x10_trajectory142_outcome242_baseline0.10_mc100_alpha0.05_min100_profiles2b1671cb4b_plandc0cd9facf,factorial_nested_prefix_median_v1,sha256_slot_seed_v1,nested_prefix_median_v1,230,ok,108.74521900000308,28.04779593955044,191.66482686367823,172.5980454256781,205.29396389872815,32.695918473050085,188.61866457627997,8.353709913856978,100,100,0.0,True,
high_y_side__quarter_4__b050_p02500_s250,high_y_side__quarter_4__p02500_s250,high_y_side,quarter_4,5,b050_p02500_s250,p02500_s250,full_factorial_nested_prefix,50,2500,250,False,False,2443634533,3835941069,games10_possessions92_source4370615271_grid20x10_trajectory142_outcome242_baseline0.10_mc100_alpha0.05_min100_profiles2b1671cb4b,games10_possessions92_source4370615271_grid20x10_trajectory142_outcome242_baseline0.10_mc100_alpha0.05_min100_profiles2b1671cb4b_plandc0cd9facf,factorial_nested_prefix_median_v1,sha256_slot_seed_v1,nested_prefix_median_v1,230,ok,55.411380599998665,27.837828365625235,261.0512532417147,234.90153942162075,270.9117054779197,36.01016605629897,253.64187151459495,8.935229304231793,50,50,0.0,True,
high_y_side__quarter_4__b100_p02500_s250,high_y_side__quarter_4__p02500_s250,high_y_side,quarter_4,11,b100_p02500_s250,p02500_s250,full_factorial_nested_prefix,100,2500,250,False,False,2443634533,3835941069,games10_possessions92_source4370615271_grid20x10_trajectory142_outcome242_baseline0.10_mc100_alpha0.05_min100_profiles2b1671cb4b,games10_possessions92_source4370615271_grid20x10_trajectory142_outcome242_baseline0.10_mc100_alpha0.05_min100_profiles2b1671cb4b_plandc0cd9facf,factorial_nested_prefix_median_v1,sha256_slot_seed_v1,nested_prefix_median_v1,230,ok,108.3580194999995,27.837828365625235,261.0512532417147,233.94925617108268,270.838693636096,36.889437465013344,253.2025948598152,9.429627575885386,100,100,0.0,True,
low_y_side__quarter_1__b050_p01000_s150,low_y_side__quarter_1__p01000_s150,low_y_side,quarter_1,22,b050_p01000_s150,p01000_s150,full_factorial_nested_prefix,50,1000,150,False,False,4050652992,1749084189,games10_possessions92_source4370615271_grid20x10_trajectory142_outcome242_baseline0.10_mc100_alpha0.05_min100_profiles2b1671cb4b,games10_possessions92_source4370615271_grid20x10_trajectory142_outcome242_baseline0.10_mc100_alpha0.05_min100_profiles2b1671cb4b_plandc0cd9facf,factorial_nested_prefix_median_v1,sha256_slot_seed_v1,nested_prefix_median_v1,230,ok,41.08879269999488,16.99075708703622,86.18849748501236,59.81640404013768,81.13365923523865,21.31725519510097,72.50182617623537,5.811932555310137,50,50,0.0,True,
low_y_side__quarter_1__b100_p01000_s150,low_y_side__quarter_1__p01000_s150,low_y_side,quarter_1,37,b100_p01000_s150,p01000_s150,full_factorial_nested_prefix,100,1000,150,False,False,4050652992,1749084189,games10_possessions92_source4370615271_grid20x10_trajectory142_outcome242_baseline0.10_mc100_alpha0.05_min100_profiles2b1671cb4b,games10_possessions92_source4370615271_grid20x10_trajectory142_outcome242_baseline0.10_mc100_alpha0.05_min100_profiles2b1671cb4b_plandc0cd9facf,factorial_nested_prefix_median_v1,sha256_slot_seed_v1,nested_prefix_median_v1,230,ok,73.25067180000042,16.99075708703622,86.18849748501236,61.55025206955123,80.96377468595844,19.413522616407214,72.42563963665015,5.177917365441773,100,100,0.0,True,
low_y_side__quarter_2__b050_p01000_s150,low_y_side__quarter_2__p01000_s150,low_y_side,quarter_2,22,b050_p01000_s150,p01000_s150,full_factorial_nested_prefix,50,1000,150,False,False,4158371063,1482011495,games10_possessions92_source4370615271_grid20x10_trajectory142_outcome242_baseline0.10_mc100_alpha0.05_min100_profiles2b1671cb4b,games10_possessions92_source4370615271_grid20x10_trajectory142_outcome242_baseline0.10_mc100_alpha0.05_min100_profiles2b1671cb4b_plandc0cd9facf,factorial_nested_prefix_median_v1,sha256_slot_seed_v1,nested_prefix_median_v1,230,ok,44.79797049999616,15.49325639209651,78.58168537972384,75.66507953254043,93.9666207966166,18.301541264076164,83.33796629131906,4.812015405019581,50,50,0.0,True,
low_y_side__quarter_2__b100_p01000_s150,low_y_side__quarter_2__p01000_s150,low_y_side,quarter_2,37,b100_p01000_s150,p01000_s150,full_factorial_nested_prefix,100,1000,150,False,False,4158371063,1482011495,games10_possessions92_source4370615271_grid20x10_trajectory142_outcome242_baseline0.10_mc100_alpha0.05_min100_profiles2b1671cb4b,games10_possessions92_source4370615271_grid20x10_trajectory142_outcome242_baseline0.10_mc100_alpha0.05_min100_profiles2b1671cb4b_plandc0cd9facf,factorial_nested_prefix_median_v1,sha256_slot_seed_v1,nested_prefix_median_v1,230,ok,74.51048229999287,15.49325639209651,78.58168537972384,74.50399389291202,93.7407353052644,19.236741412352373,83.05375499377719,4.808183104709592,100,100,0.0,True,
low_y_side__quarter_3__b050_p01000_s150,low_y_side__quarter_3__p01000_s150,low_y_side,quarter_3,22,b050_p01000_s150,p01000_s150,full_factorial_nested_prefix,50,1000,150,False,False,3544777503,3582492863,games10_possessions92_source4370615271_grid20x10_trajectory142_outcome242_baseline0.10_mc100_alpha0.05_min100_profiles2b1671cb4b,games10_possessions92_source4370615271_grid20x10_trajectory142_outcome242_baseline0.10_mc100_alpha0.05_min100_profiles2b1671cb4b_plandc0cd9facf,factorial_nested_prefix_median_v1,sha256_slot_seed_v1,nested_prefix_median_v1,230,ok,45.2245631000078,14.828507604427116,91.63500769841583,75.05993289424579,92.90936317262934,17.84943027838355,85.20069794193336,5.028988514612787,50,50,0.0,True,
low_y_side__quarter_3__b100_p01000_s150,low_y_side__quarter_3__p01000_s150,low_y_side,quarter_3,37,b100_p01000_s150,p01000_s150,full_factorial_nested_prefix,100,1000,150,False,False,3544777503,3582492863,games10_possessions92_source4370615271_grid20x10_trajectory142_outcome242_baseline0.10_mc100_alpha0.05_min100_profiles2b1671cb4b,games10_possessions92_source4370615271_grid20x10_trajectory142_outcome242_baseline0.10_mc100_alpha0.05_min100_profiles2b1671cb4b_plandc0cd9facf,factorial_nested_prefix_median_v1,sha256_slot_seed_v1,nested_prefix_median_v1,230,ok,75.30028700000912,14.828507604427116,91.63500769841583,76.7791016494889,94.58101110334424,17.80190945385536,86.10278237435085,5.161422468919606,100,100,0.0,True,
low_y_side__quarter_4__b050_p01000_s150,low_y_side__quarter_4__p01000_s150,low_y_side,quarter_4,22,b050_p01000_s150,p01000_s150,full_factorial_nested_prefix,50,1000,150,False,False,797757005,3479200407,games10_possessions92_source4370615271_grid20x10_trajectory142_outcome242_baseline0.10_mc100_alpha0.05_min100_profiles2b1671cb4b,games10_possessions92_source4370615271_grid20x10_trajectory142_outcome242_baseline0.10_mc100_alpha0.05_min100_profiles2b1671cb4b_plandc0cd9facf,factorial_nested_prefix_median_v1,sha256_slot_seed_v1,nested_prefix_median_v1,230,ok,42.79367640001328,16.17455736665483,67.21239224165521,66.77048205661545,81.92414478808581,15.153662731470362,74.30991215603663,4.459665467189397,50,50,0.0,True,
low_y_side__quarter_4__b100_p01000_s150,low_y_side__quarter_4__p01000_s150,low_y_side,quarter_4,37,b100_p01000_s150,p01000_s150,full_factorial_nested_prefix,100,1000,150,False,False,797757005,3479200407,games10_possessions92_source4370615271_grid20x10_trajectory142_outcome242_baseline0.10_mc100_alpha0.05_min100_profiles2b1671cb4b,games10_possessions92_source4370615271_grid20x10_trajectory142_outcome242_baseline0.10_mc100_alpha0.05_min100_profiles2b1671cb4b_plandc0cd9facf,factorial_nested_prefix_median_v1,sha256_slot_seed_v1,nested_prefix_median_v1,230,ok,73.3992930000095,16.17455736665483,67.21239224165521,66.63747814847343,82.21101603824073,15.573537889767294,74.635005490986,4.505112364425621,100,100,0.0,True,
low_y_side__full_game__b050_p01000_s200,low_y_side__full_game__p01000_s200,low_y_side,full_game,23,b050_p01000_s200,p01000_s200,full_factorial_nested_prefix,50,1000,200,False,False,2165290739,3698603692,games10_possessions92_source4370615271_grid20x10_trajectory142_outcome242_baseline0.10_mc100_alpha0.05_min100_profiles2b1671cb4b,games10_possessions92_source4370615271_grid20x10_trajectory142_outcome242_baseline0.10_mc100_alpha0.05_min100_profiles2b1671cb4b_plandc0cd9facf,factorial_nested_prefix_median_v1,sha256_slot_seed_v1,nested_prefix_median_v1,920,ok,48.22335509999903,16.29944325261696,88.06265490220436,71.21264878142387,91.8731430805842,20.660494299160334,81.21059241033645,5.713955997347238,50,50,0.0,True,
low_y_side__full_game__b100_p01000_s200,low_y_side__full_game__p01000_s200,low_y_side,full_game,38,b100_p01000_s200,p01000_s200,full_factorial_nested_prefix,100,1000,200,True,False,2165290739,3698603692,games10_possessions92_source4370615271_grid20x10_trajectory142_outcome242_baseline0.10_mc100_alpha0.05_min100_profiles2b1671cb4b,games10_possessions92_source4370615271_grid20x10_trajectory142_outcome242_baseline0.10_mc100_alpha0.05_min100_profiles2b1671cb4b_plandc0cd9facf,factorial_nested_prefix_median_v1,sha256_slot_seed_v1,nested_prefix_median_v1,920,ok,80.72340099999747,16.29944325261696,88.06265490220436,71.64823977514642,91.7817325075125,20.13349273236608,81.2543129925656,5.214423309866104,100,100,0.0,True,
low_y_side__quarter_1__b050_p01000_s200,low_y_side__quarter_1__p01000_s200,low_y_side,quarter_1,23,b050_p01000_s200,p01000_s200,full_factorial_nested_prefix,50,1000,200,False,False,3497043562,3361819581,games10_possessions92_source4370615271_grid20x10_trajectory142_outcome242_baseline0.10_mc100_alpha0.05_min100_profiles2b1671cb4b,games10_possessions92_source4370615271_grid20x10_trajectory142_outcome242_baseline0.10_mc100_alpha0.05_min100_profiles2b1671cb4b_plandc0cd9facf,factorial_nested_prefix_median_v1,sha256_slot_seed_v1,nested_prefix_median_v1,230,ok,39.87152089999836,17.24682847742379,80.84190896078943,69.4995402525004,86.22489688287834,16.725356630377945,77.74177498914798,4.9413175912113445,50,50,0.0,True,
low_y_side__quarter_1__b100_p01000_s200,low_y_side__quarter_1__p01000_s200,low_y_side,quarter_1,38,b100_p01000_s200,p01000_s200,full_factorial_nested_prefix,100,1000,200,True,False,3497043562,3361819581,games10_possessions92_source4370615271_grid20x10_trajectory142_outcome242_baseline0.10_mc100_alpha0.05_min100_profiles2b1671cb4b,games10_possessions92_source4370615271_grid20x10_trajectory142_outcome242_baseline0.10_mc100_alpha0.05_min100_profiles2b1671cb4b_plandc0cd9facf,factorial_nested_prefix_median_v1,sha256_slot_seed_v1,nested_prefix_median_v1,230,ok,70.97228839999661,17.24682847742379,80.84190896078943,69.20649007167322,86.86280020304099,17.656310131367775,77.907519852122,4.842688855961881,100,100,0.0,True,
low_y_side__quarter_2__b050_p01000_s200,low_y_side__quarter_2__p01000_s200,low_y_side,quarter_2,23,b050_p01000_s200,p01000_s200,full_factorial_nested_prefix,50,1000,200,False,False,3531618443,3357536447,games10_possessions92_source4370615271_grid20x10_trajectory142_outcome242_baseline0.10_mc100_alpha0.05_min100_profiles2b1671cb4b,games10_possessions92_source4370615271_grid20x10_trajectory142_outcome242_baseline0.10_mc100_alpha0.05_min100_profiles2b1671cb4b_plandc0cd9facf,factorial_nested_prefix_median_v1,sha256_slot_seed_v1,nested_prefix_median_v1,230,ok,42.24301630000264,14.97715314697194,84.89803416758235,79.39896994420721,98.0633598948092,18.664389950601983,87.35626737547918,4.721458584120793,50,50,0.0,True,
low_y_side__quarter_2__b100_p01000_s200,low_y_side__quarter_2__p01000_s200,low_y_side,quarter_2,38,b100_p01000_s200,p01000_s200,full_factorial_nested_prefix,100,1000,200,True,False,3531618443,3357536447,games10_possessions92_source4370615271_grid20x10_trajectory142_outcome242_baseline0.10_mc100_alpha0.05_min100_profiles2b1671cb4b,games10_possessions92_source4370615271_grid20x10_trajectory142_outcome242_baseline0.10_mc100_alpha0.05_min100_profiles2b1671cb4b_plandc0cd9facf,factorial_nested_prefix_median_v1,sha256_slot_seed_v1,nested_prefix_median_v1,230,ok,73.12706370001433,14.97715314697194,84.89803416758235,79.92952278814242,97.8892634160011,17.95974062785868,87.99657928703812,4.467360666082217,100,100,0.0,True,
low_y_side__quarter_3__b050_p01000_s200,low_y_side__quarter_3__p01000_s200,low_y_side,quarter_3,23,b050_p01000_s200,p01000_s200,full_factorial_nested_prefix,50,1000,200,False,False,1074092448,1824439327,games10_possessions92_source4370615271_grid20x10_trajectory142_outcome242_baseline0.10_mc100_alpha0.05_min100_profiles2b1671cb4b,games10_possessions92_source4370615271_grid20x10_trajectory142_outcome242_baseline0.10_mc100_alpha0.05_min100_profiles2b1671cb4b_plandc0cd9facf,factorial_nested_prefix_median_v1,sha256_slot_seed_v1,nested_prefix_median_v1,230,ok,44.3900366000089,16.131193851327566,96.496700498125,76.7628340055603,99.46737005344905,22.70453604788875,89.33352010534472,5.967796424385409,50,50,0.0,True,
low_y_side__quarter_3__b100_p01000_s200,low_y_side__quarter_3__p01000_s200,low_y_side,quarter_3,38,b100_p01000_s200,p01000_s200,full_factorial_nested_prefix,100,1000,200,True,False,1074092448,1824439327,games10_possessions92_source4370615271_grid20x10_trajectory142_outcome242_baseline0.10_mc100_alpha0.05_min100_profiles2b1671cb4b,games10_possessions92_source4370615271_grid20x10_trajectory142_outcome242_baseline0.10_mc100_alpha0.05_min100_profiles2b1671cb4b_plandc0cd9facf,factorial_nested_prefix_median_v1,sha256_slot_seed_v1,nested_prefix_median_v1,230,ok,75.93641820000994,16.131193851327566,96.496700498125,79.01958127614891,102.68154541044213,23.66196413429321,89.42562409355683,5.813259832490054,100,100,0.0,True,
low_y_side__quarter_4__b050_p01000_s200,low_y_side__quarter_4__p01000_s200,low_y_side,quarter_4,23,b050_p01000_s200,p01000_s200,full_factorial_nested_prefix,50,1000,200,False,False,2788884382,2047017625,games10_possessions92_source4370615271_grid20x10_trajectory142_outcome242_baseline0.10_mc100_alpha0.05_min100_profiles2b1671cb4b,games10_possessions92_source4370615271_grid20x10_trajectory142_outcome242_baseline0.10_mc100_alpha0.05_min100_profiles2b1671cb4b_plandc0cd9facf,factorial_nested_prefix_median_v1,sha256_slot_seed_v1,nested_prefix_median_v1,230,ok,44.66717150000477,15.612728820660186,82.0554254602733,68.69281489610599,89.09249798292822,20.39968308682224,77.52661845133086,5.350577525956751,50,50,0.0,True,
low_y_side__quarter_4__b100_p01000_s200,low_y_side__quarter_4__p01000_s200,low_y_side,quarter_4,38,b100_p01000_s200,p01000_s200,full_factorial_nested_prefix,100,1000,200,True,False,2788884382,2047017625,games10_possessions92_source4370615271_grid20x10_trajectory142_outcome242_baseline0.10_mc100_alpha0.05_min100_profiles2b1671cb4b,games10_possessions92_source4370615271_grid20x10_trajectory142_outcome242_baseline0.10_mc100_alpha0.05_min100_profiles2b1671cb4b_plandc0cd9facf,factorial_nested_prefix_median_v1,sha256_slot_seed_v1,nested_prefix_median_v1,230,ok,76.23555280000073,15.612728820660186,82.0554254602733,68.69643009841909,88.06135125163793,19.364921153218845,77.62881682626073,5.116980848104724,100,100,0.0,True,
low_y_side__full_game__b050_p01000_s250,low_y_side__full_game__p01000_s250,low_y_side,full_game,24,b050_p01000_s250,p01000_s250,full_factorial_nested_prefix,50,1000,250,False,False,3331613232,1429010860,games10_possessions92_source4370615271_grid20x10_trajectory142_outcome242_baseline0.10_mc100_alpha0.05_min100_profiles2b1671cb4b,games10_possessions92_source4370615271_grid20x10_trajectory142_outcome242_baseline0.10_mc100_alpha0.05_min100_profiles2b1671cb4b_plandc0cd9facf,factorial_nested_prefix_median_v1,sha256_slot_seed_v1,nested_prefix_median_v1,920,ok,44.6331390999876,16.217268954360044,78.8696575770946,72.58796616750585,96.43224495120764,23.844278783701785,83.2547374352871,6.637749441551633,50,50,0.0,True,
low_y_side__full_game__b100_p01000_s250,low_y_side__full_game__p01000_s250,low_y_side,full_game,39,b100_p01000_s250,p01000_s250,full_factorial_nested_prefix,100,1000,250,False,False,3331613232,1429010860,games10_possessions92_source4370615271_grid20x10_trajectory142_outcome242_baseline0.10_mc100_alpha0.05_min100_profiles2b1671cb4b,games10_possessions92_source4370615271_grid20x10_trajectory142_outcome242_baseline0.10_mc100_alpha0.05_min100_profiles2b1671cb4b_plandc0cd9facf,factorial_nested_prefix_median_v1,sha256_slot_seed_v1,nested_prefix_median_v1,920,ok,77.8344579999848,16.217268954360044,78.8696575770946,72.61881995013115,94.84266313524004,22.22384318510888,83.57822582308512,6.082389315830096,100,100,0.0,True,
low_y_side__quarter_1__b050_p01000_s250,low_y_side__quarter_1__p01000_s250,low_y_side,quarter_1,24,b050_p01000_s250,p01000_s250,full_factorial_nested_prefix,50,1000,250,False,False,1213564615,2323674940,games10_possessions92_source4370615271_grid20x10_trajectory142_outcome242_baseline0.10_mc100_alpha0.05_min100_profiles2b1671cb4b,games10_possessions92_source4370615271_grid20x10_trajectory142_outcome242_baseline0.10_mc100_alpha0.05_min100_profiles2b1671cb4b_plandc0cd9facf,factorial_nested_prefix_median_v1,sha256_slot_seed_v1,nested_prefix_median_v1,230,ok,39.96432179999647,17.13180256127105,79.72401539163198,66.95403518811973,88.82041720021458,21.86638201209485,78.65826193996506,5.756247039245541,50,50,0.0,True,
low_y_side__quarter_1__b100_p01000_s250,low_y_side__quarter_1__p01000_s250,low_y_side,quarter_1,39,b100_p01000_s250,p01000_s250,full_factorial_nested_prefix,100,1000,250,False,False,1213564615,2323674940,games10_possessions92_source4370615271_grid20x10_trajectory142_outcome242_baseline0.10_mc100_alpha0.05_min100_profiles2b1671cb4b,games10_possessions92_source4370615271_grid20x10_trajectory142_outcome242_baseline0.10_mc100_alpha0.05_min100_profiles2b1671cb4b_plandc0cd9facf,factorial_nested_prefix_median_v1,sha256_slot_seed_v1,nested_prefix_median_v1,230,ok,72.82967330000247,17.13180256127105,79.72401539163198,67.66699475425327,89.11084282727002,21.44384807301676,78.86614060766514,5.716408558564327,100,100,0.0,True,
low_y_side__quarter_2__b050_p01000_s250,low_y_side__quarter_2__p01000_s250,low_y_side,quarter_2,24,b050_p01000_s250,p01000_s250,full_factorial_nested_prefix,50,1000,250,False,False,2896701537,3458189937,games10_possessions92_source4370615271_grid20x10_trajectory142_outcome242_baseline0.10_mc100_alpha0.05_min100_profiles2b1671cb4b,games10_possessions92_source4370615271_grid20x10_trajectory142_outcome242_baseline0.10_mc100_alpha0.05_min100_profiles2b1671cb4b_plandc0cd9facf,factorial_nested_prefix_median_v1,sha256_slot_seed_v1,nested_prefix_median_v1,230,ok,39.136870499993165,15.926089807208834,87.29880735804947,84.306363757389,100.47810671567824,16.171742958289258,90.73005937686337,4.3995914225564885,50,50,0.0,True,
low_y_side__quarter_2__b100_p01000_s250,low_y_side__quarter_2__p01000_s250,low_y_side,quarter_2,39,b100_p01000_s250,p01000_s250,full_factorial_nested_prefix,100,1000,250,False,False,2896701537,3458189937,games10_possessions92_source4370615271_grid20x10_trajectory142_outcome242_baseline0.10_mc100_alpha0.05_min100_profiles2b1671cb4b,games10_possessions92_source4370615271_grid20x10_trajectory142_outcome242_baseline0.10_mc100_alpha0.05_min100_profiles2b1671cb4b_plandc0cd9facf,factorial_nested_prefix_median_v1,sha256_slot_seed_v1,nested_prefix_median_v1,230,ok,72.5351613999901,15.926089807208834,87.29880735804947,80.70301064733702,98.3026748058121,17.59966415847508,89.8568206627982,4.528420523555011,100,100,0.0,True,
low_y_side__quarter_3__b050_p01000_s250,low_y_side__quarter_3__p01000_s250,low_y_side,quarter_3,24,b050_p01000_s250,p01000_s250,full_factorial_nested_prefix,50,1000,250,False,False,2701262546,3701399436,games10_possessions92_source4370615271_grid20x10_trajectory142_outcome242_baseline0.10_mc100_alpha0.05_min100_profiles2b1671cb4b,games10_possessions92_source4370615271_grid20x10_trajectory142_outcome242_baseline0.10_mc100_alpha0.05_min100_profiles2b1671cb4b_plandc0cd9facf,factorial_nested_prefix_median_v1,sha256_slot_seed_v1,nested_prefix_median_v1,230,ok,39.877101799995216,15.576005783456637,94.18113321827468,81.86477282291064,104.66199577500689,22.797222952096234,92.45466458483278,6.221099144915859,50,50,0.0,True,
low_y_side__quarter_3__b100_p01000_s250,low_y_side__quarter_3__p01000_s250,low_y_side,quarter_3,39,b100_p01000_s250,p01000_s250,full_factorial_nested_prefix,100,1000,250,False,False,2701262546,3701399436,games10_possessions92_source4370615271_grid20x10_trajectory142_outcome242_baseline0.10_mc100_alpha0.05_min100_profiles2b1671cb4b,games10_possessions92_source4370615271_grid20x10_trajectory142_outcome242_baseline0.10_mc100_alpha0.05_min100_profiles2b1671cb4b_plandc0cd9facf,factorial_nested_prefix_median_v1,sha256_slot_seed_v1,nested_prefix_median_v1,230,ok,72.8899625999893,15.576005783456637,94.18113321827468,81.87322905444516,103.9393803103246,22.06615125587944,91.86052206351934,5.833562040764751,100,100,0.0,True,
low_y_side__quarter_4__b050_p01000_s250,low_y_side__quarter_4__p01000_s250,low_y_side,quarter_4,24,b050_p01000_s250,p01000_s250,full_factorial_nested_prefix,50,1000,250,False,False,124805235,448374154,games10_possessions92_source4370615271_grid20x10_trajectory142_outcome242_baseline0.10_mc100_alpha0.05_min100_profiles2b1671cb4b,games10_possessions92_source4370615271_grid20x10_trajectory142_outcome242_baseline0.10_mc100_alpha0.05_min100_profiles2b1671cb4b_plandc0cd9facf,factorial_nested_prefix_median_v1,sha256_slot_seed_v1,nested_prefix_median_v1,230,ok,39.075009099989984,16.813354184216422,82.01172473201316,70.07672346397524,87.29717679626135,17.220453332286112,79.37581754139184,4.317809938693987,50,50,0.0,True,
low_y_side__quarter_4__b100_p01000_s250,low_y_side__quarter_4__p01000_s250,low_y_side,quarter_4,39,b100_p01000_s250,p01000_s250,full_factorial_nested_prefix,100,1000,250,False,False,124805235,448374154,games10_possessions92_source4370615271_grid20x10_trajectory142_outcome242_baseline0.10_mc100_alpha0.05_min100_profiles2b1671cb4b,games10_possessions92_source4370615271_grid20x10_trajectory142_outcome242_baseline0.10_mc100_alpha0.05_min100_profiles2b1671cb4b_plandc0cd9facf,factorial_nested_prefix_median_v1,sha256_slot_seed_v1,nested_prefix_median_v1,230,ok,72.93965819998812,16.813354184216422,82.01172473201316,69.54112740376576,87.20293171446338,17.66180431069762,79.40105045681501,4.621215376598868,100,100,0.0,True,
low_y_side__full_game__b050_p01000_s150,low_y_side__full_game__p01000_s150,low_y_side,full_game,22,b050_p01000_s150,p01000_s150,full_factorial_nested_prefix,50,1000,150,False,False,12221624,440635040,games10_possessions92_source4370615271_grid20x10_trajectory142_outcome242_baseline0.10_mc100_alpha0.05_min100_profiles2b1671cb4b,games10_possessions92_source4370615271_grid20x10_trajectory142_outcome242_baseline0.10_mc100_alpha0.05_min100_profiles2b1671cb4b_plandc0cd9facf,factorial_nested_prefix_median_v1,sha256_slot_seed_v1,nested_prefix_median_v1,920,ok,36.37165310000273,15.133574315537256,73.40897183577987,69.43136375187633,89.14010973026683,19.708745978390496,78.88467114465979,5.559552942518407,50,50,0.0,True,
low_y_side__full_game__b100_p01000_s150,low_y_side__full_game__p01000_s150,low_y_side,full_game,37,b100_p01000_s150,p01000_s150,full_factorial_nested_prefix,100,1000,150,False,False,12221624,440635040,games10_possessions92_source4370615271_grid20x10_trajectory142_outcome242_baseline0.10_mc100_alpha0.05_min100_profiles2b1671cb4b,games10_possessions92_source4370615271_grid20x10_trajectory142_outcome242_baseline0.10_mc100_alpha0.05_min100_profiles2b1671cb4b_plandc0cd9facf,factorial_nested_prefix_median_v1,sha256_slot_seed_v1,nested_prefix_median_v1,920,ok,66.4662462000033,15.133574315537256,73.40897183577987,68.70400696895706,88.21427594616097,19.510268977203907,77.96707221355423,5.448616870973132,100,100,0.0,True,
low_y_side__full_game__b050_p02500_s150,low_y_side__full_game__p02500_s150,low_y_side,full_game,3,b050_p02500_s150,p02500_s150,full_factorial_nested_prefix,50,2500,150,False,False,2793541587,2137860694,games10_possessions92_source4370615271_grid20x10_trajectory142_outcome242_baseline0.10_mc100_alpha0.05_min100_profiles2b1671cb4b,games10_possessions92_source4370615271_grid20x10_trajectory142_outcome242_baseline0.10_mc100_alpha0.05_min100_profiles2b1671cb4b_plandc0cd9facf,factorial_nested_prefix_median_v1,sha256_slot_seed_v1,nested_prefix_median_v1,920,ok,52.27376040000581,26.257365780636626,185.66604100611147,177.5396110776588,208.42762564727963,30.88801456962082,193.6811916751598,8.115350533605561,50,50,0.0,True,
low_y_side__full_game__b100_p02500_s150,low_y_side__full_game__p02500_s150,low_y_side,full_game,9,b100_p02500_s150,p02500_s150,full_factorial_nested_prefix,100,2500,150,False,False,2793541587,2137860694,games10_possessions92_source4370615271_grid20x10_trajectory142_outcome242_baseline0.10_mc100_alpha0.05_min100_profiles2b1671cb4b,games10_possessions92_source4370615271_grid20x10_trajectory142_outcome242_baseline0.10_mc100_alpha0.05_min100_profiles2b1671cb4b_plandc0cd9facf,factorial_nested_prefix_median_v1,sha256_slot_seed_v1,nested_prefix_median_v1,920,ok,102.51091140000516,26.257365780636626,185.66604100611147,178.68574039214337,209.1399063190765,30.454165926933086,193.75692569393587,7.850345805496231,100,100,0.0,True,
low_y_side__quarter_1__b050_p02500_s150,low_y_side__quarter_1__p02500_s150,low_y_side,quarter_1,3,b050_p02500_s150,p02500_s150,full_factorial_nested_prefix,50,2500,150,False,False,4052413110,520548574,games10_possessions92_source4370615271_grid20x10_trajectory142_outcome242_baseline0.10_mc100_alpha0.05_min100_profiles2b1671cb4b,games10_possessions92_source4370615271_grid20x10_trajectory142_outcome242_baseline0.10_mc100_alpha0.05_min100_profiles2b1671cb4b_plandc0cd9facf,factorial_nested_prefix_median_v1,sha256_slot_seed_v1,nested_prefix_median_v1,230,ok,52.191986200005886,25.60746608965001,168.539661498196,167.8912946441178,200.38275827914904,32.49146363503121,183.0471527362428,8.684488553203941,50,50,0.0,True,
low_y_side__quarter_1__b100_p02500_s150,low_y_side__quarter_1__p02500_s150,low_y_side,quarter_1,9,b100_p02500_s150,p02500_s150,full_factorial_nested_prefix,100,2500,150,False,False,4052413110,520548574,games10_possessions92_source4370615271_grid20x10_trajectory142_outcome242_baseline0.10_mc100_alpha0.05_min100_profiles2b1671cb4b,games10_possessions92_source4370615271_grid20x10_trajectory142_outcome242_baseline0.10_mc100_alpha0.05_min100_profiles2b1671cb4b_plandc0cd9facf,factorial_nested_prefix_median_v1,sha256_slot_seed_v1,nested_prefix_median_v1,230,ok,102.24177480000616,25.60746608965001,168.539661498196,165.877207333778,197.6542977329665,31.777090399188552,182.32531577398268,8.248834115166817,100,100,0.0,True,
low_y_side__quarter_2__b050_p02500_s150,low_y_side__quarter_2__p02500_s150,low_y_side,quarter_2,3,b050_p02500_s150,p02500_s150,full_factorial_nested_prefix,50,2500,150,False,False,839507654,1418547404,games10_possessions92_source4370615271_grid20x10_trajectory142_outcome242_baseline0.10_mc100_alpha0.05_min100_profiles2b1671cb4b,games10_possessions92_source4370615271_grid20x10_trajectory142_outcome242_baseline0.10_mc100_alpha0.05_min100_profiles2b1671cb4b_plandc0cd9facf,factorial_nested_prefix_median_v1,sha256_slot_seed_v1,nested_prefix_median_v1,230,ok,51.652182700000594,25.359150275858664,218.12002414492304,192.9838993318384,222.06778130818404,29.08388197634568,209.02900100352915,8.501788167930043,50,50,0.0,True,
low_y_side__quarter_2__b100_p02500_s150,low_y_side__quarter_2__p02500_s150,low_y_side,quarter_2,9,b100_p02500_s150,p02500_s150,full_factorial_nested_prefix,100,2500,150,False,False,839507654,1418547404,games10_possessions92_source4370615271_grid20x10_trajectory142_outcome242_baseline0.10_mc100_alpha0.05_min100_profiles2b1671cb4b,games10_possessions92_source4370615271_grid20x10_trajectory142_outcome242_baseline0.10_mc100_alpha0.05_min100_profiles2b1671cb4b_plandc0cd9facf,factorial_nested_prefix_median_v1,sha256_slot_seed_v1,nested_prefix_median_v1,230,ok,101.09011559999816,25.359150275858664,218.12002414492304,193.0853126285836,221.5456677566652,28.4603551280816,207.76941043602167,8.161318852657825,100,100,0.0,True,
low_y_side__quarter_3__b050_p02500_s150,low_y_side__quarter_3__p02500_s150,low_y_side,quarter_3,3,b050_p02500_s150,p02500_s150,full_factorial_nested_prefix,50,2500,150,False,False,3948530278,4009044560,games10_possessions92_source4370615271_grid20x10_trajectory142_outcome242_baseline0.10_mc100_alpha0.05_min100_profiles2b1671cb4b,games10_possessions92_source4370615271_grid20x10_trajectory142_outcome242_baseline0.10_mc100_alpha0.05_min100_profiles2b1671cb4b_plandc0cd9facf,factorial_nested_prefix_median_v1,sha256_slot_seed_v1,nested_prefix_median_v1,230,ok,51.5583211999965,25.0806131600184,214.58877376845675,194.73304555968136,229.91531292742172,35.182267367740394,212.72392266706424,9.203756521659772,50,50,0.0,True,
low_y_side__quarter_3__b100_p02500_s150,low_y_side__quarter_3__p02500_s150,low_y_side,quarter_3,9,b100_p02500_s150,p02500_s150,full_factorial_nested_prefix,100,2500,150,False,False,3948530278,4009044560,games10_possessions92_source4370615271_grid20x10_trajectory142_outcome242_baseline0.10_mc100_alpha0.05_min100_profiles2b1671cb4b,games10_possessions92_source4370615271_grid20x10_trajectory142_outcome242_baseline0.10_mc100_alpha0.05_min100_profiles2b1671cb4b_plandc0cd9facf,factorial_nested_prefix_median_v1,sha256_slot_seed_v1,nested_prefix_median_v1,230,ok,101.37482189999264,25.0806131600184,214.58877376845675,194.74660376100883,229.90985765944544,35.16325389843661,213.8755872895105,9.077350483364285,100,100,0.0,True,
low_y_side__quarter_4__b050_p02500_s150,low_y_side__quarter_4__p02500_s150,low_y_side,quarter_4,3,b050_p02500_s150,p02500_s150,full_factorial_nested_prefix,50,2500,150,False,False,2304242463,196963789,games10_possessions92_source4370615271_grid20x10_trajectory142_outcome242_baseline0.10_mc100_alpha0.05_min100_profiles2b1671cb4b,games10_possessions92_source4370615271_grid20x10_trajectory142_outcome242_baseline0.10_mc100_alpha0.05_min100_profiles2b1671cb4b_plandc0cd9facf,factorial_nested_prefix_median_v1,sha256_slot_seed_v1,nested_prefix_median_v1,230,ok,52.30772629999774,25.542523174172743,182.5570700843107,171.58223073513437,197.90235396985412,26.320123234719773,184.97468312612705,7.186618937383475,50,50,0.0,True,
low_y_side__quarter_4__b100_p02500_s150,low_y_side__quarter_4__p02500_s150,low_y_side,quarter_4,9,b100_p02500_s150,p02500_s150,full_factorial_nested_prefix,100,2500,150,False,False,2304242463,196963789,games10_possessions92_source4370615271_grid20x10_trajectory142_outcome242_baseline0.10_mc100_alpha0.05_min100_profiles2b1671cb4b,games10_possessions92_source4370615271_grid20x10_trajectory142_outcome242_baseline0.10_mc100_alpha0.05_min100_profiles2b1671cb4b_plandc0cd9facf,factorial_nested_prefix_median_v1,sha256_slot_seed_v1,nested_prefix_median_v1,230,ok,101.40466390000074,25.542523174172743,182.5570700843107,171.3749963595681,197.4246525443941,26.04965618482601,185.3318295951528,6.974694553452591,100,100,0.0,True,
low_y_side__full_game__b050_p02500_s200,low_y_side__full_game__p02500_s200,low_y_side,full_game,4,b050_p02500_s200,p02500_s200,full_factorial_nested_prefix,50,2500,200,False,False,1250155092,1127484711,games10_possessions92_source4370615271_grid20x10_trajectory142_outcome242_baseline0.10_mc100_alpha0.05_min100_profiles2b1671cb4b,games10_possessions92_source4370615271_grid20x10_trajectory142_outcome242_baseline0.10_mc100_alpha0.05_min100_profiles2b1671cb4b_plandc0cd9facf,factorial_nested_prefix_median_v1,sha256_slot_seed_v1,nested_prefix_median_v1,920,ok,54.55569530000321,26.17695487876093,205.63005164071564,187.9157013978628,218.8463349629146,30.930633565051835,202.60679315352144,7.417817714883218,50,50,0.0,True,
low_y_side__full_game__b100_p02500_s200,low_y_side__full_game__p02500_s200,low_y_side,full_game,10,b100_p02500_s200,p02500_s200,full_factorial_nested_prefix,100,2500,200,False,False,1250155092,1127484711,games10_possessions92_source4370615271_grid20x10_trajectory142_outcome242_baseline0.10_mc100_alpha0.05_min100_profiles2b1671cb4b,games10_possessions92_source4370615271_grid20x10_trajectory142_outcome242_baseline0.10_mc100_alpha0.05_min100_profiles2b1671cb4b_plandc0cd9facf,factorial_nested_prefix_median_v1,sha256_slot_seed_v1,nested_prefix_median_v1,920,ok,107.03573510000206,26.17695487876093,205.63005164071564,185.74774549193452,217.98877392315828,32.241028431223725,202.42903958503112,7.671762508684944,100,100,0.0,True,
low_y_side__quarter_1__b050_p02500_s200,low_y_side__quarter_1__p02500_s200,low_y_side,quarter_1,4,b050_p02500_s200,p02500_s200,full_factorial_nested_prefix,50,2500,200,False,False,1981401840,522798464,games10_possessions92_source4370615271_grid20x10_trajectory142_outcome242_baseline0.10_mc100_alpha0.05_min100_profiles2b1671cb4b,games10_possessions92_source4370615271_grid20x10_trajectory142_outcome242_baseline0.10_mc100_alpha0.05_min100_profiles2b1671cb4b_plandc0cd9facf,factorial_nested_prefix_median_v1,sha256_slot_seed_v1,nested_prefix_median_v1,230,ok,54.59831189999204,25.636435333195497,198.84954098124257,173.5805359693142,204.0510666619741,30.47053069265985,190.2889481749902,8.252889345348663,50,50,0.0,True,
low_y_side__quarter_1__b100_p02500_s200,low_y_side__quarter_1__p02500_s200,low_y_side,quarter_1,10,b100_p02500_s200,p02500_s200,full_factorial_nested_prefix,100,2500,200,False,False,1981401840,522798464,games10_possessions92_source4370615271_grid20x10_trajectory142_outcome242_baseline0.10_mc100_alpha0.05_min100_profiles2b1671cb4b,games10_possessions92_source4370615271_grid20x10_trajectory142_outcome242_baseline0.10_mc100_alpha0.05_min100_profiles2b1671cb4b_plandc0cd9facf,factorial_nested_prefix_median_v1,sha256_slot_seed_v1,nested_prefix_median_v1,230,ok,106.48855539998658,25.636435333195497,198.84954098124257,175.50930387085631,203.30038057478947,27.79107670393316,189.04927067687328,7.757572152793006,100,100,0.0,True,
low_y_side__quarter_2__b050_p02500_s200,low_y_side__quarter_2__p02500_s200,low_y_side,quarter_2,4,b050_p02500_s200,p02500_s200,full_factorial_nested_prefix,50,2500,200,False,False,3001684622,3516110151,games10_possessions92_source4370615271_grid20x10_trajectory142_outcome242_baseline0.10_mc100_alpha0.05_min100_profiles2b1671cb4b,games10_possessions92_source4370615271_grid20x10_trajectory142_outcome242_baseline0.10_mc100_alpha0.05_min100_profiles2b1671cb4b_plandc0cd9facf,factorial_nested_prefix_median_v1,sha256_slot_seed_v1,nested_prefix_median_v1,230,ok,53.77551980000317,27.596877027962293,233.92586894538084,199.6258259954823,235.93400894638253,36.30818295090023,219.6927169812494,9.658560185572613,50,50,0.0,True,
low_y_side__quarter_2__b100_p02500_s200,low_y_side__quarter_2__p02500_s200,low_y_side,quarter_2,10,b100_p02500_s200,p02500_s200,full_factorial_nested_prefix,100,2500,200,False,False,3001684622,3516110151,games10_possessions92_source4370615271_grid20x10_trajectory142_outcome242_baseline0.10_mc100_alpha0.05_min100_profiles2b1671cb4b,games10_possessions92_source4370615271_grid20x10_trajectory142_outcome242_baseline0.10_mc100_alpha0.05_min100_profiles2b1671cb4b_plandc0cd9facf,factorial_nested_prefix_median_v1,sha256_slot_seed_v1,nested_prefix_median_v1,230,ok,105.38127690000148,27.596877027962293,233.92586894538084,199.55035142037252,234.53685823289817,34.98650681252562,217.4988770510741,9.147154130289504,100,100,0.0,True,
low_y_side__quarter_3__b050_p02500_s200,low_y_side__quarter_3__p02500_s200,low_y_side,quarter_3,4,b050_p02500_s200,p02500_s200,full_factorial_nested_prefix,50,2500,200,False,False,531714605,3061553801,games10_possessions92_source4370615271_grid20x10_trajectory142_outcome242_baseline0.10_mc100_alpha0.05_min100_profiles2b1671cb4b,games10_possessions92_source4370615271_grid20x10_trajectory142_outcome242_baseline0.10_mc100_alpha0.05_min100_profiles2b1671cb4b_plandc0cd9facf,factorial_nested_prefix_median_v1,sha256_slot_seed_v1,nested_prefix_median_v1,230,ok,54.3281124000041,25.21259639484084,221.65602389807245,210.25484465821376,239.4904956731184,29.235651014904647,224.48868404853067,8.342402977690476,50,50,0.0,True,
low_y_side__quarter_3__b100_p02500_s200,low_y_side__quarter_3__p02500_s200,low_y_side,quarter_3,10,b100_p02500_s200,p02500_s200,full_factorial_nested_prefix,100,2500,200,False,False,531714605,3061553801,games10_possessions92_source4370615271_grid20x10_trajectory142_outcome242_baseline0.10_mc100_alpha0.05_min100_profiles2b1671cb4b,games10_possessions92_source4370615271_grid20x10_trajectory142_outcome242_baseline0.10_mc100_alpha0.05_min100_profiles2b1671cb4b_plandc0cd9facf,factorial_nested_prefix_median_v1,sha256_slot_seed_v1,nested_prefix_median_v1,230,ok,105.94680240000343,25.21259639484084,221.65602389807245,209.17046979434133,240.46003055736952,31.28956076302819,224.35792159986335,8.45535366636061,100,100,0.0,True,
low_y_side__quarter_4__b050_p02500_s200,low_y_side__quarter_4__p02500_s200,low_y_side,quarter_4,4,b050_p02500_s200,p02500_s200,full_factorial_nested_prefix,50,2500,200,False,False,1241465810,3285225646,games10_possessions92_source4370615271_grid20x10_trajectory142_outcome242_baseline0.10_mc100_alpha0.05_min100_profiles2b1671cb4b,games10_possessions92_source4370615271_grid20x10_trajectory142_outcome242_baseline0.10_mc100_alpha0.05_min100_profiles2b1671cb4b_plandc0cd9facf,factorial_nested_prefix_median_v1,sha256_slot_seed_v1,nested_prefix_median_v1,230,ok,53.42461140000705,27.29589910322721,211.56872180616875,181.03967160763477,207.4022983787352,26.36262677110048,193.2614709967515,7.546553233433506,50,50,0.0,True,
low_y_side__quarter_4__b100_p02500_s200,low_y_side__quarter_4__p02500_s200,low_y_side,quarter_4,10,b100_p02500_s200,p02500_s200,full_factorial_nested_prefix,100,2500,200,False,False,1241465810,3285225646,games10_possessions92_source4370615271_grid20x10_trajectory142_outcome242_baseline0.10_mc100_alpha0.05_min100_profiles2b1671cb4b,games10_possessions92_source4370615271_grid20x10_trajectory142_outcome242_baseline0.10_mc100_alpha0.05_min100_profiles2b1671cb4b_plandc0cd9facf,factorial_nested_prefix_median_v1,sha256_slot_seed_v1,nested_prefix_median_v1,230,ok,104.66040910000628,27.29589910322721,211.56872180616875,179.32041412438312,207.6764125728645,28.35599844848141,194.43287466452625,7.572434369248975,100,100,0.0,True,
low_y_side__full_game__b050_p02500_s250,low_y_side__full_game__p02500_s250,low_y_side,full_game,5,b050_p02500_s250,p02500_s250,full_factorial_nested_prefix,50,2500,250,False,False,4290107670,85744936,games10_possessions92_source4370615271_grid20x10_trajectory142_outcome242_baseline0.10_mc100_alpha0.05_min100_profiles2b1671cb4b,games10_possessions92_source4370615271_grid20x10_trajectory142_outcome242_baseline0.10_mc100_alpha0.05_min100_profiles2b1671cb4b_plandc0cd9facf,factorial_nested_prefix_median_v1,sha256_slot_seed_v1,nested_prefix_median_v1,920,ok,56.20805580000524,27.005106569894195,203.6435422792239,194.0030782520407,225.60646701270213,31.60338876066146,210.3517942019941,9.132639940092773,50,50,0.0,True,
low_y_side__full_game__b100_p02500_s250,low_y_side__full_game__p02500_s250,low_y_side,full_game,11,b100_p02500_s250,p02500_s250,full_factorial_nested_prefix,100,2500,250,False,False,4290107670,85744936,games10_possessions92_source4370615271_grid20x10_trajectory142_outcome242_baseline0.10_mc100_alpha0.05_min100_profiles2b1671cb4b,games10_possessions92_source4370615271_grid20x10_trajectory142_outcome242_baseline0.10_mc100_alpha0.05_min100_profiles2b1671cb4b_plandc0cd9facf,factorial_nested_prefix_median_v1,sha256_slot_seed_v1,nested_prefix_median_v1,920,ok,110.3539490000112,27.005106569894195,203.6435422792239,194.06618475542572,223.81772009552168,29.751535340095927,209.89913671648367,8.137876581181633,100,100,0.0,True,
low_y_side__quarter_1__b050_p02500_s250,low_y_side__quarter_1__p02500_s250,low_y_side,quarter_1,5,b050_p02500_s250,p02500_s250,full_factorial_nested_prefix,50,2500,250,False,False,1813759423,2521826001,games10_possessions92_source4370615271_grid20x10_trajectory142_outcome242_baseline0.10_mc100_alpha0.05_min100_profiles2b1671cb4b,games10_possessions92_source4370615271_grid20x10_trajectory142_outcome242_baseline0.10_mc100_alpha0.05_min100_profiles2b1671cb4b_plandc0cd9facf,factorial_nested_prefix_median_v1,sha256_slot_seed_v1,nested_prefix_median_v1,230,ok,55.69898870000361,25.765022237006857,194.6083831450336,181.20159673426312,209.45687711976643,28.255280385503312,196.16380283039624,7.712211035736469,50,50,0.0,True,
low_y_side__quarter_1__b100_p02500_s250,low_y_side__quarter_1__p02500_s250,low_y_side,quarter_1,11,b100_p02500_s250,p02500_s250,full_factorial_nested_prefix,100,2500,250,False,False,1813759423,2521826001,games10_possessions92_source4370615271_grid20x10_trajectory142_outcome242_baseline0.10_mc100_alpha0.05_min100_profiles2b1671cb4b,games10_possessions92_source4370615271_grid20x10_trajectory142_outcome242_baseline0.10_mc100_alpha0.05_min100_profiles2b1671cb4b_plandc0cd9facf,factorial_nested_prefix_median_v1,sha256_slot_seed_v1,nested_prefix_median_v1,230,ok,108.98549630000888,25.765022237006857,194.6083831450336,179.3215736921081,208.22447766625325,28.902903974145147,194.59985706061383,7.840075730392944,100,100,0.0,True,
low_y_side__quarter_2__b050_p02500_s250,low_y_side__quarter_2__p02500_s250,low_y_side,quarter_2,5,b050_p02500_s250,p02500_s250,full_factorial_nested_prefix,50,2500,250,False,False,1780359904,815743640,games10_possessions92_source4370615271_grid20x10_trajectory142_outcome242_baseline0.10_mc100_alpha0.05_min100_profiles2b1671cb4b,games10_possessions92_source4370615271_grid20x10_trajectory142_outcome242_baseline0.10_mc100_alpha0.05_min100_profiles2b1671cb4b_plandc0cd9facf,factorial_nested_prefix_median_v1,sha256_slot_seed_v1,nested_prefix_median_v1,230,ok,54.59835220000059,28.19954320398109,231.08306972325707,210.9723581167629,238.9565400690536,27.98418195229067,225.14202641897072,7.915486717158131,50,50,0.0,True,
low_y_side__quarter_2__b100_p02500_s250,low_y_side__quarter_2__p02500_s250,low_y_side,quarter_2,11,b100_p02500_s250,p02500_s250,full_factorial_nested_prefix,100,2500,250,False,False,1780359904,815743640,games10_possessions92_source4370615271_grid20x10_trajectory142_outcome242_baseline0.10_mc100_alpha0.05_min100_profiles2b1671cb4b,games10_possessions92_source4370615271_grid20x10_trajectory142_outcome242_baseline0.10_mc100_alpha0.05_min100_profiles2b1671cb4b_plandc0cd9facf,factorial_nested_prefix_median_v1,sha256_slot_seed_v1,nested_prefix_median_v1,230,ok,106.98937740000656,28.19954320398109,231.08306972325707,210.75586529563984,238.54514925791992,27.78928396228008,225.0351679943898,7.719341419210991,100,100,0.0,True,
low_y_side__quarter_3__b050_p02500_s250,low_y_side__quarter_3__p02500_s250,low_y_side,quarter_3,5,b050_p02500_s250,p02500_s250,full_factorial_nested_prefix,50,2500,250,False,False,3291164629,3944783275,games10_possessions92_source4370615271_grid20x10_trajectory142_outcome242_baseline0.10_mc100_alpha0.05_min100_profiles2b1671cb4b,games10_possessions92_source4370615271_grid20x10_trajectory142_outcome242_baseline0.10_mc100_alpha0.05_min100_profiles2b1671cb4b_plandc0cd9facf,factorial_nested_prefix_median_v1,sha256_slot_seed_v1,nested_prefix_median_v1,230,ok,55.59391199999845,25.341358147426877,234.83304236105508,216.4176792649432,245.2920544088484,28.874375143905183,231.05949628607777,7.503688634406751,50,50,0.0,True,
low_y_side__quarter_3__b100_p02500_s250,low_y_side__quarter_3__p02500_s250,low_y_side,quarter_3,11,b100_p02500_s250,p02500_s250,full_factorial_nested_prefix,100,2500,250,False,False,3291164629,3944783275,games10_possessions92_source4370615271_grid20x10_trajectory142_outcome242_baseline0.10_mc100_alpha0.05_min100_profiles2b1671cb4b,games10_possessions92_source4370615271_grid20x10_trajectory142_outcome242_baseline0.10_mc100_alpha0.05_min100_profiles2b1671cb4b_plandc0cd9facf,factorial_nested_prefix_median_v1,sha256_slot_seed_v1,nested_prefix_median_v1,230,ok,109.02472269998724,25.341358147426877,234.83304236105508,216.496125051276,249.97787640513124,33.48175135385526,231.09129230538116,8.101333985025025,100,100,0.0,True,
low_y_side__quarter_4__b050_p02500_s250,low_y_side__quarter_4__p02500_s250,low_y_side,quarter_4,5,b050_p02500_s250,p02500_s250,full_factorial_nested_prefix,50,2500,250,False,False,2443634533,3766205893,games10_possessions92_source4370615271_grid20x10_trajectory142_outcome242_baseline0.10_mc100_alpha0.05_min100_profiles2b1671cb4b,games10_possessions92_source4370615271_grid20x10_trajectory142_outcome242_baseline0.10_mc100_alpha0.05_min100_profiles2b1671cb4b_plandc0cd9facf,factorial_nested_prefix_median_v1,sha256_slot_seed_v1,nested_prefix_median_v1,230,ok,55.37850220000109,29.012684207884543,202.645430276974,185.41606034144007,212.73559424677563,27.31953390533556,199.6863763551784,7.868088472755963,50,50,0.0,True,
low_y_side__quarter_4__b100_p02500_s250,low_y_side__quarter_4__p02500_s250,low_y_side,quarter_4,11,b100_p02500_s250,p02500_s250,full_factorial_nested_prefix,100,2500,250,False,False,2443634533,3766205893,games10_possessions92_source4370615271_grid20x10_trajectory142_outcome242_baseline0.10_mc100_alpha0.05_min100_profiles2b1671cb4b,games10_possessions92_source4370615271_grid20x10_trajectory142_outcome242_baseline0.10_mc100_alpha0.05_min100_profiles2b1671cb4b_plandc0cd9facf,factorial_nested_prefix_median_v1,sha256_slot_seed_v1,nested_prefix_median_v1,230,ok,108.2004865999952,29.012684207884543,202.645430276974,182.6772638455585,214.10530987422604,31.428046028667524,198.1124439218852,8.421751892857825,100,100,0.0,True,
perimeter__full_game__b050_p01000_s150,perimeter__full_game__p01000_s150,perimeter,full_game,22,b050_p01000_s150,p01000_s150,full_factorial_nested_prefix,50,1000,150,False,False,12221624,568065365,games10_possessions92_source4370615271_grid20x10_trajectory142_outcome242_baseline0.10_mc100_alpha0.05_min100_profiles2b1671cb4b,games10_possessions92_source4370615271_grid20x10_trajectory142_outcome242_baseline0.10_mc100_alpha0.05_min100_profiles2b1671cb4b_plandc0cd9facf,factorial_nested_prefix_median_v1,sha256_slot_seed_v1,nested_prefix_median_v1,920,ok,36.09808299999895,16.212754356594438,38.332059442242375,27.747202094542885,47.45358753018364,19.706385435640755,37.39459422250002,5.287538199172506,50,50,0.0,True,
perimeter__full_game__b100_p01000_s150,perimeter__full_game__p01000_s150,perimeter,full_game,37,b100_p01000_s150,p01000_s150,full_factorial_nested_prefix,100,1000,150,False,False,12221624,568065365,games10_possessions92_source4370615271_grid20x10_trajectory142_outcome242_baseline0.10_mc100_alpha0.05_min100_profiles2b1671cb4b,games10_possessions92_source4370615271_grid20x10_trajectory142_outcome242_baseline0.10_mc100_alpha0.05_min100_profiles2b1671cb4b_plandc0cd9facf,factorial_nested_prefix_median_v1,sha256_slot_seed_v1,nested_prefix_median_v1,920,ok,71.22030540000014,16.212754356594438,38.332059442242375,26.43444774974303,46.03478078611031,19.60033303636728,36.5932239395684,5.387997598044522,100,100,0.0,True,
perimeter__quarter_1__b050_p01000_s150,perimeter__quarter_1__p01000_s150,perimeter,quarter_1,22,b050_p01000_s150,p01000_s150,full_factorial_nested_prefix,50,1000,150,False,False,4050652992,1333004857,games10_possessions92_source4370615271_grid20x10_trajectory142_outcome242_baseline0.10_mc100_alpha0.05_min100_profiles2b1671cb4b,games10_possessions92_source4370615271_grid20x10_trajectory142_outcome242_baseline0.10_mc100_alpha0.05_min100_profiles2b1671cb4b_plandc0cd9facf,factorial_nested_prefix_median_v1,sha256_slot_seed_v1,nested_prefix_median_v1,230,ok,35.415044199995464,17.365567602036435,41.6610930078122,33.80150401803649,55.10233152095808,21.300827502921592,42.3629163244486,5.468488201529598,50,50,0.0,True,
perimeter__quarter_1__b100_p01000_s150,perimeter__quarter_1__p01000_s150,perimeter,quarter_1,37,b100_p01000_s150,p01000_s150,full_factorial_nested_prefix,100,1000,150,False,False,4050652992,1333004857,games10_possessions92_source4370615271_grid20x10_trajectory142_outcome242_baseline0.10_mc100_alpha0.05_min100_profiles2b1671cb4b,games10_possessions92_source4370615271_grid20x10_trajectory142_outcome242_baseline0.10_mc100_alpha0.05_min100_profiles2b1671cb4b_plandc0cd9facf,factorial_nested_prefix_median_v1,sha256_slot_seed_v1,nested_prefix_median_v1,230,ok,72.38713459999417,17.365567602036435,41.6610930078122,33.13945814215867,53.71377514330493,20.574317001146262,42.81855562752332,5.244955874507245,100,100,0.0,True,
perimeter__quarter_2__b050_p01000_s150,perimeter__quarter_2__p01000_s150,perimeter,quarter_2,22,b050_p01000_s150,p01000_s150,full_factorial_nested_prefix,50,1000,150,False,False,4158371063,2149130896,games10_possessions92_source4370615271_grid20x10_trajectory142_outcome242_baseline0.10_mc100_alpha0.05_min100_profiles2b1671cb4b,games10_possessions92_source4370615271_grid20x10_trajectory142_outcome242_baseline0.10_mc100_alpha0.05_min100_profiles2b1671cb4b_plandc0cd9facf,factorial_nested_prefix_median_v1,sha256_slot_seed_v1,nested_prefix_median_v1,230,ok,38.92299689999891,15.611804678174073,32.873358557704265,24.581117263299923,38.53483939295439,13.953722129654466,30.56712864553664,3.9719965131160793,50,50,0.0,True,
perimeter__quarter_2__b100_p01000_s150,perimeter__quarter_2__p01000_s150,perimeter,quarter_2,37,b100_p01000_s150,p01000_s150,full_factorial_nested_prefix,100,1000,150,False,False,4158371063,2149130896,games10_possessions92_source4370615271_grid20x10_trajectory142_outcome242_baseline0.10_mc100_alpha0.05_min100_profiles2b1671cb4b,games10_possessions92_source4370615271_grid20x10_trajectory142_outcome242_baseline0.10_mc100_alpha0.05_min100_profiles2b1671cb4b_plandc0cd9facf,factorial_nested_prefix_median_v1,sha256_slot_seed_v1,nested_prefix_median_v1,230,ok,74.45751539999583,15.611804678174073,32.873358557704265,24.51923763131312,39.51974760876092,15.000509977447797,30.742650590866088,3.8620068030875054,100,100,0.0,True,
perimeter__quarter_3__b050_p01000_s150,perimeter__quarter_3__p01000_s150,perimeter,quarter_3,22,b050_p01000_s150,p01000_s150,full_factorial_nested_prefix,50,1000,150,False,False,3544777503,4225602408,games10_possessions92_source4370615271_grid20x10_trajectory142_outcome242_baseline0.10_mc100_alpha0.05_min100_profiles2b1671cb4b,games10_possessions92_source4370615271_grid20x10_trajectory142_outcome242_baseline0.10_mc100_alpha0.05_min100_profiles2b1671cb4b_plandc0cd9facf,factorial_nested_prefix_median_v1,sha256_slot_seed_v1,nested_prefix_median_v1,230,ok,40.13921620000292,18.602167726953034,27.334841205071047,21.052270120530697,39.71957982551216,18.66730970498146,29.55690132988923,4.932517891404209,50,50,0.0,True,
perimeter__quarter_3__b100_p01000_s150,perimeter__quarter_3__p01000_s150,perimeter,quarter_3,37,b100_p01000_s150,p01000_s150,full_factorial_nested_prefix,100,1000,150,False,False,3544777503,4225602408,games10_possessions92_source4370615271_grid20x10_trajectory142_outcome242_baseline0.10_mc100_alpha0.05_min100_profiles2b1671cb4b,games10_possessions92_source4370615271_grid20x10_trajectory142_outcome242_baseline0.10_mc100_alpha0.05_min100_profiles2b1671cb4b_plandc0cd9facf,factorial_nested_prefix_median_v1,sha256_slot_seed_v1,nested_prefix_median_v1,230,ok,74.16218960000151,18.602167726953034,27.334841205071047,20.838819140118428,41.93061384892198,21.09179470880355,30.13485993174717,5.335690348736446,100,100,0.0,True,
perimeter__quarter_4__b050_p01000_s150,perimeter__quarter_4__p01000_s150,perimeter,quarter_4,22,b050_p01000_s150,p01000_s150,full_factorial_nested_prefix,50,1000,150,False,False,797757005,2344561195,games10_possessions92_source4370615271_grid20x10_trajectory142_outcome242_baseline0.10_mc100_alpha0.05_min100_profiles2b1671cb4b,games10_possessions92_source4370615271_grid20x10_trajectory142_outcome242_baseline0.10_mc100_alpha0.05_min100_profiles2b1671cb4b_plandc0cd9facf,factorial_nested_prefix_median_v1,sha256_slot_seed_v1,nested_prefix_median_v1,230,ok,39.847533999993175,14.745024697031798,47.46862690956891,45.120426013788645,65.01144781094317,19.89102179715452,53.77905597707054,6.1097258975278015,50,50,0.0,True,
perimeter__quarter_4__b100_p01000_s150,perimeter__quarter_4__p01000_s150,perimeter,quarter_4,37,b100_p01000_s150,p01000_s150,full_factorial_nested_prefix,100,1000,150,False,False,797757005,2344561195,games10_possessions92_source4370615271_grid20x10_trajectory142_outcome242_baseline0.10_mc100_alpha0.05_min100_profiles2b1671cb4b,games10_possessions92_source4370615271_grid20x10_trajectory142_outcome242_baseline0.10_mc100_alpha0.05_min100_profiles2b1671cb4b_plandc0cd9facf,factorial_nested_prefix_median_v1,sha256_slot_seed_v1,nested_prefix_median_v1,230,ok,76.67649339998934,14.745024697031798,47.46862690956891,43.68859068944435,64.99450489164498,21.30591420220064,53.74622817121852,5.869658881837577,100,100,0.0,True,
perimeter__full_game__b050_p01000_s200,perimeter__full_game__p01000_s200,perimeter,full_game,23,b050_p01000_s200,p01000_s200,full_factorial_nested_prefix,50,1000,200,False,False,2165290739,578121800,games10_possessions92_source4370615271_grid20x10_trajectory142_outcome242_baseline0.10_mc100_alpha0.05_min100_profiles2b1671cb4b,games10_possessions92_source4370615271_grid20x10_trajectory142_outcome242_baseline0.10_mc100_alpha0.05_min100_profiles2b1671cb4b_plandc0cd9facf,factorial_nested_prefix_median_v1,sha256_slot_seed_v1,nested_prefix_median_v1,920,ok,41.616620499997225,15.83318945869783,41.82803186208034,28.41913873498718,51.452027250615885,23.032888515628706,38.78434537673586,6.090585438347071,50,50,0.0,True,
perimeter__full_game__b100_p01000_s200,perimeter__full_game__p01000_s200,perimeter,full_game,38,b100_p01000_s200,p01000_s200,full_factorial_nested_prefix,100,1000,200,True,False,2165290739,578121800,games10_possessions92_source4370615271_grid20x10_trajectory142_outcome242_baseline0.10_mc100_alpha0.05_min100_profiles2b1671cb4b,games10_possessions92_source4370615271_grid20x10_trajectory142_outcome242_baseline0.10_mc100_alpha0.05_min100_profiles2b1671cb4b_plandc0cd9facf,factorial_nested_prefix_median_v1,sha256_slot_seed_v1,nested_prefix_median_v1,920,ok,75.37016610000501,15.83318945869783,41.82803186208034,28.059035414458457,50.56678985015742,22.507754435698963,38.383618528225824,5.78422989091125,100,100,0.0,True,
perimeter__quarter_1__b050_p01000_s200,perimeter__quarter_1__p01000_s200,perimeter,quarter_1,23,b050_p01000_s200,p01000_s200,full_factorial_nested_prefix,50,1000,200,False,False,3497043562,840899915,games10_possessions92_source4370615271_grid20x10_trajectory142_outcome242_baseline0.10_mc100_alpha0.05_min100_profiles2b1671cb4b,games10_possessions92_source4370615271_grid20x10_trajectory142_outcome242_baseline0.10_mc100_alpha0.05_min100_profiles2b1671cb4b_plandc0cd9facf,factorial_nested_prefix_median_v1,sha256_slot_seed_v1,nested_prefix_median_v1,230,ok,40.39212969999608,16.528675726687563,31.87159022274963,38.13477543056885,58.269592241606944,20.1348168110381,47.145922170218284,5.717291028060178,50,50,0.0,True,
perimeter__quarter_1__b100_p01000_s200,perimeter__quarter_1__p01000_s200,perimeter,quarter_1,38,b100_p01000_s200,p01000_s200,full_factorial_nested_prefix,100,1000,200,True,False,3497043562,840899915,games10_possessions92_source4370615271_grid20x10_trajectory142_outcome242_baseline0.10_mc100_alpha0.05_min100_profiles2b1671cb4b,games10_possessions92_source4370615271_grid20x10_trajectory142_outcome242_baseline0.10_mc100_alpha0.05_min100_profiles2b1671cb4b_plandc0cd9facf,factorial_nested_prefix_median_v1,sha256_slot_seed_v1,nested_prefix_median_v1,230,ok,74.69175149998955,16.528675726687563,31.87159022274963,36.49982743118203,57.81385224105484,21.31402480987281,46.56953182913567,5.648904025248499,100,100,0.0,True,
perimeter__quarter_2__b050_p01000_s200,perimeter__quarter_2__p01000_s200,perimeter,quarter_2,23,b050_p01000_s200,p01000_s200,full_factorial_nested_prefix,50,1000,200,False,False,3531618443,774391455,games10_possessions92_source4370615271_grid20x10_trajectory142_outcome242_baseline0.10_mc100_alpha0.05_min100_profiles2b1671cb4b,games10_possessions92_source4370615271_grid20x10_trajectory142_outcome242_baseline0.10_mc100_alpha0.05_min100_profiles2b1671cb4b_plandc0cd9facf,factorial_nested_prefix_median_v1,sha256_slot_seed_v1,nested_prefix_median_v1,230,ok,39.71153039999263,16.51299781240743,35.7911150509993,24.89572237292888,39.167933672891614,14.27221129996274,31.212073196955966,4.317272266871981,50,50,0.0,True,
perimeter__quarter_2__b100_p01000_s200,perimeter__quarter_2__p01000_s200,perimeter,quarter_2,38,b100_p01000_s200,p01000_s200,full_factorial_nested_prefix,100,1000,200,True,False,3531618443,774391455,games10_possessions92_source4370615271_grid20x10_trajectory142_outcome242_baseline0.10_mc100_alpha0.05_min100_profiles2b1671cb4b,games10_possessions92_source4370615271_grid20x10_trajectory142_outcome242_baseline0.10_mc100_alpha0.05_min100_profiles2b1671cb4b_plandc0cd9facf,factorial_nested_prefix_median_v1,sha256_slot_seed_v1,nested_prefix_median_v1,230,ok,75.96695069999623,16.51299781240743,35.7911150509993,24.960563783889924,38.99517594118852,14.034612157298596,31.73457417364212,4.003787894369855,100,100,0.0,True,
perimeter__quarter_3__b050_p01000_s200,perimeter__quarter_3__p01000_s200,perimeter,quarter_3,23,b050_p01000_s200,p01000_s200,full_factorial_nested_prefix,50,1000,200,False,False,1074092448,757050033,games10_possessions92_source4370615271_grid20x10_trajectory142_outcome242_baseline0.10_mc100_alpha0.05_min100_profiles2b1671cb4b,games10_possessions92_source4370615271_grid20x10_trajectory142_outcome242_baseline0.10_mc100_alpha0.05_min100_profiles2b1671cb4b_plandc0cd9facf,factorial_nested_prefix_median_v1,sha256_slot_seed_v1,nested_prefix_median_v1,230,ok,39.0463544999966,16.014426528849196,33.42842184351891,23.19631932008875,42.22243346486695,19.0261141447782,30.07295162583772,5.135147775093175,50,50,0.0,True,
perimeter__quarter_3__b100_p01000_s200,perimeter__quarter_3__p01000_s200,perimeter,quarter_3,38,b100_p01000_s200,p01000_s200,full_factorial_nested_prefix,100,1000,200,True,False,1074092448,757050033,games10_possessions92_source4370615271_grid20x10_trajectory142_outcome242_baseline0.10_mc100_alpha0.05_min100_profiles2b1671cb4b,games10_possessions92_source4370615271_grid20x10_trajectory142_outcome242_baseline0.10_mc100_alpha0.05_min100_profiles2b1671cb4b_plandc0cd9facf,factorial_nested_prefix_median_v1,sha256_slot_seed_v1,nested_prefix_median_v1,230,ok,73.27877670000271,16.014426528849196,33.42842184351891,22.617968520142234,41.798228519055584,19.18025999891335,30.741117996571106,5.184354960736674,100,100,0.0,True,
perimeter__quarter_4__b050_p01000_s200,perimeter__quarter_4__p01000_s200,perimeter,quarter_4,23,b050_p01000_s200,p01000_s200,full_factorial_nested_prefix,50,1000,200,False,False,2788884382,1326152555,games10_possessions92_source4370615271_grid20x10_trajectory142_outcome242_baseline0.10_mc100_alpha0.05_min100_profiles2b1671cb4b,games10_possessions92_source4370615271_grid20x10_trajectory142_outcome242_baseline0.10_mc100_alpha0.05_min100_profiles2b1671cb4b_plandc0cd9facf,factorial_nested_prefix_median_v1,sha256_slot_seed_v1,nested_prefix_median_v1,230,ok,42.81914730000062,16.015001405886817,56.50815168000126,48.04426860551129,68.63488540246804,20.590616796956752,56.750543419901206,5.653577827510441,50,50,0.0,True,
perimeter__quarter_4__b100_p01000_s200,perimeter__quarter_4__p01000_s200,perimeter,quarter_4,38,b100_p01000_s200,p01000_s200,full_factorial_nested_prefix,100,1000,200,True,False,2788884382,1326152555,games10_possessions92_source4370615271_grid20x10_trajectory142_outcome242_baseline0.10_mc100_alpha0.05_min100_profiles2b1671cb4b,games10_possessions92_source4370615271_grid20x10_trajectory142_outcome242_baseline0.10_mc100_alpha0.05_min100_profiles2b1671cb4b_plandc0cd9facf,factorial_nested_prefix_median_v1,sha256_slot_seed_v1,nested_prefix_median_v1,230,ok,80.88795679999566,16.015001405886817,56.50815168000126,46.90279925324236,69.42751949912616,22.52472024588381,56.01437362341192,5.65924962588631,100,100,0.0,True,
perimeter__full_game__b050_p01000_s250,perimeter__full_game__p01000_s250,perimeter,full_game,24,b050_p01000_s250,p01000_s250,full_factorial_nested_prefix,50,1000,250,False,False,3331613232,657754299,games10_possessions92_source4370615271_grid20x10_trajectory142_outcome242_baseline0.10_mc100_alpha0.05_min100_profiles2b1671cb4b,games10_possessions92_source4370615271_grid20x10_trajectory142_outcome242_baseline0.10_mc100_alpha0.05_min100_profiles2b1671cb4b_plandc0cd9facf,factorial_nested_prefix_median_v1,sha256_slot_seed_v1,nested_prefix_median_v1,920,ok,36.88416440000219,15.302656655602492,34.91317671256599,27.80959107664632,51.25173797257276,23.44214689592644,39.5438279309357,6.490401084591976,50,50,0.0,True,
perimeter__full_game__b100_p01000_s250,perimeter__full_game__p01000_s250,perimeter,full_game,39,b100_p01000_s250,p01000_s250,full_factorial_nested_prefix,100,1000,250,False,False,3331613232,657754299,games10_possessions92_source4370615271_grid20x10_trajectory142_outcome242_baseline0.10_mc100_alpha0.05_min100_profiles2b1671cb4b,games10_possessions92_source4370615271_grid20x10_trajectory142_outcome242_baseline0.10_mc100_alpha0.05_min100_profiles2b1671cb4b_plandc0cd9facf,factorial_nested_prefix_median_v1,sha256_slot_seed_v1,nested_prefix_median_v1,920,ok,72.73312460000125,15.302656655602492,34.91317671256599,27.96293776613277,53.05865018598411,25.09571241985134,40.71152989401468,6.472184067586304,100,100,0.0,True,
perimeter__quarter_1__b050_p01000_s250,perimeter__quarter_1__p01000_s250,perimeter,quarter_1,24,b050_p01000_s250,p01000_s250,full_factorial_nested_prefix,50,1000,250,False,False,1213564615,2997399597,games10_possessions92_source4370615271_grid20x10_trajectory142_outcome242_baseline0.10_mc100_alpha0.05_min100_profiles2b1671cb4b,games10_possessions92_source4370615271_grid20x10_trajectory142_outcome242_baseline0.10_mc100_alpha0.05_min100_profiles2b1671cb4b_plandc0cd9facf,factorial_nested_prefix_median_v1,sha256_slot_seed_v1,nested_prefix_median_v1,230,ok,35.88713970000026,17.99591440454035,47.597421716321264,37.651662632649774,62.1259833722888,24.474320739639023,48.253765941825264,6.700091509673763,50,50,0.0,True,
perimeter__quarter_1__b100_p01000_s250,perimeter__quarter_1__p01000_s250,perimeter,quarter_1,39,b100_p01000_s250,p01000_s250,full_factorial_nested_prefix,100,1000,250,False,False,1213564615,2997399597,games10_possessions92_source4370615271_grid20x10_trajectory142_outcome242_baseline0.10_mc100_alpha0.05_min100_profiles2b1671cb4b,games10_possessions92_source4370615271_grid20x10_trajectory142_outcome242_baseline0.10_mc100_alpha0.05_min100_profiles2b1671cb4b_plandc0cd9facf,factorial_nested_prefix_median_v1,sha256_slot_seed_v1,nested_prefix_median_v1,230,ok,70.88625599999796,17.99591440454035,47.597421716321264,37.42592194516761,61.74730740833322,24.32138546316561,47.86942912091697,6.610247601230108,100,100,0.0,True,
perimeter__quarter_2__b050_p01000_s250,perimeter__quarter_2__p01000_s250,perimeter,quarter_2,24,b050_p01000_s250,p01000_s250,full_factorial_nested_prefix,50,1000,250,False,False,2896701537,1732579090,games10_possessions92_source4370615271_grid20x10_trajectory142_outcome242_baseline0.10_mc100_alpha0.05_min100_profiles2b1671cb4b,games10_possessions92_source4370615271_grid20x10_trajectory142_outcome242_baseline0.10_mc100_alpha0.05_min100_profiles2b1671cb4b_plandc0cd9facf,factorial_nested_prefix_median_v1,sha256_slot_seed_v1,nested_prefix_median_v1,230,ok,35.78524429999561,17.801382175982145,31.51629413145006,26.6616773104084,40.53930679999918,13.877629489590788,32.71892551538097,4.107461433939245,50,50,0.0,True,
perimeter__quarter_2__b100_p01000_s250,perimeter__quarter_2__p01000_s250,perimeter,quarter_2,39,b100_p01000_s250,p01000_s250,full_factorial_nested_prefix,100,1000,250,False,False,2896701537,1732579090,games10_possessions92_source4370615271_grid20x10_trajectory142_outcome242_baseline0.10_mc100_alpha0.05_min100_profiles2b1671cb4b,games10_possessions92_source4370615271_grid20x10_trajectory142_outcome242_baseline0.10_mc100_alpha0.05_min100_profiles2b1671cb4b_plandc0cd9facf,factorial_nested_prefix_median_v1,sha256_slot_seed_v1,nested_prefix_median_v1,230,ok,71.8361268000026,17.801382175982145,31.51629413145006,26.16973112913524,39.5113249186644,13.34159378952916,32.13871027901755,3.670230275324151,100,100,0.0,True,
perimeter__quarter_3__b050_p01000_s250,perimeter__quarter_3__p01000_s250,perimeter,quarter_3,24,b050_p01000_s250,p01000_s250,full_factorial_nested_prefix,50,1000,250,False,False,2701262546,606803166,games10_possessions92_source4370615271_grid20x10_trajectory142_outcome242_baseline0.10_mc100_alpha0.05_min100_profiles2b1671cb4b,games10_possessions92_source4370615271_grid20x10_trajectory142_outcome242_baseline0.10_mc100_alpha0.05_min100_profiles2b1671cb4b_plandc0cd9facf,factorial_nested_prefix_median_v1,sha256_slot_seed_v1,nested_prefix_median_v1,230,ok,35.91306590000204,16.184462887629245,28.71707884301345,23.328322925288045,46.07239970914798,22.74407678385993,33.422257571698175,6.057340294889351,50,50,0.0,True,
perimeter__quarter_3__b100_p01000_s250,perimeter__quarter_3__p01000_s250,perimeter,quarter_3,39,b100_p01000_s250,p01000_s250,full_factorial_nested_prefix,100,1000,250,False,False,2701262546,606803166,games10_possessions92_source4370615271_grid20x10_trajectory142_outcome242_baseline0.10_mc100_alpha0.05_min100_profiles2b1671cb4b,games10_possessions92_source4370615271_grid20x10_trajectory142_outcome242_baseline0.10_mc100_alpha0.05_min100_profiles2b1671cb4b_plandc0cd9facf,factorial_nested_prefix_median_v1,sha256_slot_seed_v1,nested_prefix_median_v1,230,ok,71.44698210000206,16.184462887629245,28.71707884301345,24.018816938523383,45.946023891363744,21.92720695284036,32.61052939031851,6.0584988886379065,100,100,0.0,True,
perimeter__quarter_4__b050_p01000_s250,perimeter__quarter_4__p01000_s250,perimeter,quarter_4,24,b050_p01000_s250,p01000_s250,full_factorial_nested_prefix,50,1000,250,False,False,124805235,1714564753,games10_possessions92_source4370615271_grid20x10_trajectory142_outcome242_baseline0.10_mc100_alpha0.05_min100_profiles2b1671cb4b,games10_possessions92_source4370615271_grid20x10_trajectory142_outcome242_baseline0.10_mc100_alpha0.05_min100_profiles2b1671cb4b_plandc0cd9facf,factorial_nested_prefix_median_v1,sha256_slot_seed_v1,nested_prefix_median_v1,230,ok,36.532539800009545,16.192010543115796,50.915776855929344,47.76716284998129,67.97248254946498,20.20531969948369,57.9033674405982,5.884489776591113,50,50,0.0,True,
perimeter__quarter_4__b100_p01000_s250,perimeter__quarter_4__p01000_s250,perimeter,quarter_4,39,b100_p01000_s250,p01000_s250,full_factorial_nested_prefix,100,1000,250,False,False,124805235,1714564753,games10_possessions92_source4370615271_grid20x10_trajectory142_outcome242_baseline0.10_mc100_alpha0.05_min100_profiles2b1671cb4b,games10_possessions92_source4370615271_grid20x10_trajectory142_outcome242_baseline0.10_mc100_alpha0.05_min100_profiles2b1671cb4b_plandc0cd9facf,factorial_nested_prefix_median_v1,sha256_slot_seed_v1,nested_prefix_median_v1,230,ok,72.41420190001372,16.192010543115796,50.915776855929344,46.32199909644015,67.93056115918975,21.6085620627496,56.93221731672403,6.169925974346074,100,100,0.0,True,
perimeter__full_game__b050_p02500_s150,perimeter__full_game__p02500_s150,perimeter,full_game,3,b050_p02500_s150,p02500_s150,full_factorial_nested_prefix,50,2500,150,False,False,2793541587,1884129618,games10_possessions92_source4370615271_grid20x10_trajectory142_outcome242_baseline0.10_mc100_alpha0.05_min100_profiles2b1671cb4b,games10_possessions92_source4370615271_grid20x10_trajectory142_outcome242_baseline0.10_mc100_alpha0.05_min100_profiles2b1671cb4b_plandc0cd9facf,factorial_nested_prefix_median_v1,sha256_slot_seed_v1,nested_prefix_median_v1,920,ok,52.03202029999738,24.509525959000747,103.0696273224866,71.77891446556227,108.59873276722614,36.81981830166387,88.99148641189798,10.951509504581065,50,50,0.0,True,
perimeter__full_game__b100_p02500_s150,perimeter__full_game__p02500_s150,perimeter,full_game,9,b100_p02500_s150,p02500_s150,full_factorial_nested_prefix,100,2500,150,False,False,2793541587,1884129618,games10_possessions92_source4370615271_grid20x10_trajectory142_outcome242_baseline0.10_mc100_alpha0.05_min100_profiles2b1671cb4b,games10_possessions92_source4370615271_grid20x10_trajectory142_outcome242_baseline0.10_mc100_alpha0.05_min100_profiles2b1671cb4b_plandc0cd9facf,factorial_nested_prefix_median_v1,sha256_slot_seed_v1,nested_prefix_median_v1,920,ok,102.69571919999726,24.509525959000747,103.0696273224866,68.32664730230522,108.73143773707388,40.40479043476866,88.92128408347928,10.480767326316034,100,100,0.0,True,
perimeter__quarter_1__b050_p02500_s150,perimeter__quarter_1__p02500_s150,perimeter,quarter_1,3,b050_p02500_s150,p02500_s150,full_factorial_nested_prefix,50,2500,150,False,False,4052413110,1786358503,games10_possessions92_source4370615271_grid20x10_trajectory142_outcome242_baseline0.10_mc100_alpha0.05_min100_profiles2b1671cb4b,games10_possessions92_source4370615271_grid20x10_trajectory142_outcome242_baseline0.10_mc100_alpha0.05_min100_profiles2b1671cb4b_plandc0cd9facf,factorial_nested_prefix_median_v1,sha256_slot_seed_v1,nested_prefix_median_v1,230,ok,51.97772349999832,24.68842888166075,113.2061844605753,90.23421956086412,121.8607032651245,31.62648370426037,105.4875924906372,8.867386404067885,50,50,0.0,True,
perimeter__quarter_1__b100_p02500_s150,perimeter__quarter_1__p02500_s150,perimeter,quarter_1,9,b100_p02500_s150,p02500_s150,full_factorial_nested_prefix,100,2500,150,False,False,4052413110,1786358503,games10_possessions92_source4370615271_grid20x10_trajectory142_outcome242_baseline0.10_mc100_alpha0.05_min100_profiles2b1671cb4b,games10_possessions92_source4370615271_grid20x10_trajectory142_outcome242_baseline0.10_mc100_alpha0.05_min100_profiles2b1671cb4b_plandc0cd9facf,factorial_nested_prefix_median_v1,sha256_slot_seed_v1,nested_prefix_median_v1,230,ok,101.5804737000035,24.68842888166075,113.2061844605753,89.96134762694624,122.65944475158427,32.69809712463804,105.73420744575331,9.391934572566695,100,100,0.0,True,
perimeter__quarter_2__b050_p02500_s150,perimeter__quarter_2__p02500_s150,perimeter,quarter_2,3,b050_p02500_s150,p02500_s150,full_factorial_nested_prefix,50,2500,150,False,False,839507654,2017369735,games10_possessions92_source4370615271_grid20x10_trajectory142_outcome242_baseline0.10_mc100_alpha0.05_min100_profiles2b1671cb4b,games10_possessions92_source4370615271_grid20x10_trajectory142_outcome242_baseline0.10_mc100_alpha0.05_min100_profiles2b1671cb4b_plandc0cd9facf,factorial_nested_prefix_median_v1,sha256_slot_seed_v1,nested_prefix_median_v1,230,ok,51.22181510000337,27.68117858763754,67.1260455089377,59.36056420210143,81.51582014400172,22.155255941900293,69.66309165563435,6.5297375130917175,50,50,0.0,True,
perimeter__quarter_2__b100_p02500_s150,perimeter__quarter_2__p02500_s150,perimeter,quarter_2,9,b100_p02500_s150,p02500_s150,full_factorial_nested_prefix,100,2500,150,False,False,839507654,2017369735,games10_possessions92_source4370615271_grid20x10_trajectory142_outcome242_baseline0.10_mc100_alpha0.05_min100_profiles2b1671cb4b,games10_possessions92_source4370615271_grid20x10_trajectory142_outcome242_baseline0.10_mc100_alpha0.05_min100_profiles2b1671cb4b_plandc0cd9facf,factorial_nested_prefix_median_v1,sha256_slot_seed_v1,nested_prefix_median_v1,230,ok,100.1995200000074,27.68117858763754,67.1260455089377,59.85545585823618,81.50421654790543,21.648760689669245,70.64337565326196,5.974086283441713,100,100,0.0,True,
perimeter__quarter_3__b050_p02500_s150,perimeter__quarter_3__p02500_s150,perimeter,quarter_3,3,b050_p02500_s150,p02500_s150,full_factorial_nested_prefix,50,2500,150,False,False,3948530278,3813783551,games10_possessions92_source4370615271_grid20x10_trajectory142_outcome242_baseline0.10_mc100_alpha0.05_min100_profiles2b1671cb4b,games10_possessions92_source4370615271_grid20x10_trajectory142_outcome242_baseline0.10_mc100_alpha0.05_min100_profiles2b1671cb4b_plandc0cd9facf,factorial_nested_prefix_median_v1,sha256_slot_seed_v1,nested_prefix_median_v1,230,ok,51.52794240001276,25.89544872071193,73.153010498536,56.777585266007485,86.39132358550802,29.61373831950053,71.36448822241996,8.277892756821743,50,50,0.0,True,
perimeter__quarter_3__b100_p02500_s150,perimeter__quarter_3__p02500_s150,perimeter,quarter_3,9,b100_p02500_s150,p02500_s150,full_factorial_nested_prefix,100,2500,150,False,False,3948530278,3813783551,games10_possessions92_source4370615271_grid20x10_trajectory142_outcome242_baseline0.10_mc100_alpha0.05_min100_profiles2b1671cb4b,games10_possessions92_source4370615271_grid20x10_trajectory142_outcome242_baseline0.10_mc100_alpha0.05_min100_profiles2b1671cb4b_plandc0cd9facf,factorial_nested_prefix_median_v1,sha256_slot_seed_v1,nested_prefix_median_v1,230,ok,101.00618460001532,25.89544872071193,73.153010498536,56.7575340295463,87.02798019201522,30.27044616246892,71.06161332834319,8.761203985925027,100,100,0.0,True,
perimeter__quarter_4__b050_p02500_s150,perimeter__quarter_4__p02500_s150,perimeter,quarter_4,3,b050_p02500_s150,p02500_s150,full_factorial_nested_prefix,50,2500,150,False,False,2304242463,1036909731,games10_possessions92_source4370615271_grid20x10_trajectory142_outcome242_baseline0.10_mc100_alpha0.05_min100_profiles2b1671cb4b,games10_possessions92_source4370615271_grid20x10_trajectory142_outcome242_baseline0.10_mc100_alpha0.05_min100_profiles2b1671cb4b_plandc0cd9facf,factorial_nested_prefix_median_v1,sha256_slot_seed_v1,nested_prefix_median_v1,230,ok,50.912346500008425,28.553885033364413,126.67728491362588,120.25390644023769,155.07264134483242,34.818734904594734,135.94900156078864,10.727157838808418,50,50,0.0,True,
perimeter__quarter_4__b100_p02500_s150,perimeter__quarter_4__p02500_s150,perimeter,quarter_4,9,b100_p02500_s150,p02500_s150,full_factorial_nested_prefix,100,2500,150,False,False,2304242463,1036909731,games10_possessions92_source4370615271_grid20x10_trajectory142_outcome242_baseline0.10_mc100_alpha0.05_min100_profiles2b1671cb4b,games10_possessions92_source4370615271_grid20x10_trajectory142_outcome242_baseline0.10_mc100_alpha0.05_min100_profiles2b1671cb4b_plandc0cd9facf,factorial_nested_prefix_median_v1,sha256_slot_seed_v1,nested_prefix_median_v1,230,ok,99.86356650001107,28.553885033364413,126.67728491362588,119.5830955400359,153.62421949566036,34.04112395562446,135.66745929924588,9.302094045683928,100,100,0.0,True,
perimeter__full_game__b050_p02500_s200,perimeter__full_game__p02500_s200,perimeter,full_game,4,b050_p02500_s200,p02500_s200,full_factorial_nested_prefix,50,2500,200,False,False,1250155092,4157380718,games10_possessions92_source4370615271_grid20x10_trajectory142_outcome242_baseline0.10_mc100_alpha0.05_min100_profiles2b1671cb4b,games10_possessions92_source4370615271_grid20x10_trajectory142_outcome242_baseline0.10_mc100_alpha0.05_min100_profiles2b1671cb4b_plandc0cd9facf,factorial_nested_prefix_median_v1,sha256_slot_seed_v1,nested_prefix_median_v1,920,ok,54.72142470000472,24.836894713038703,101.24166945573872,77.35487744810716,109.5486722343122,32.19379478620503,93.629325478336,8.66685340651054,50,50,0.0,True,
perimeter__full_game__b100_p02500_s200,perimeter__full_game__p02500_s200,perimeter,full_game,10,b100_p02500_s200,p02500_s200,full_factorial_nested_prefix,100,2500,200,False,False,1250155092,4157380718,games10_possessions92_source4370615271_grid20x10_trajectory142_outcome242_baseline0.10_mc100_alpha0.05_min100_profiles2b1671cb4b,games10_possessions92_source4370615271_grid20x10_trajectory142_outcome242_baseline0.10_mc100_alpha0.05_min100_profiles2b1671cb4b_plandc0cd9facf,factorial_nested_prefix_median_v1,sha256_slot_seed_v1,nested_prefix_median_v1,920,ok,107.06699900001148,24.836894713038703,101.24166945573872,74.92812517113634,110.85749112950094,35.9293659583646,94.60045239614152,9.596529896533385,100,100,0.0,True,
perimeter__quarter_1__b050_p02500_s200,perimeter__quarter_1__p02500_s200,perimeter,quarter_1,4,b050_p02500_s200,p02500_s200,full_factorial_nested_prefix,50,2500,200,False,False,1981401840,675715442,games10_possessions92_source4370615271_grid20x10_trajectory142_outcome242_baseline0.10_mc100_alpha0.05_min100_profiles2b1671cb4b,games10_possessions92_source4370615271_grid20x10_trajectory142_outcome242_baseline0.10_mc100_alpha0.05_min100_profiles2b1671cb4b_plandc0cd9facf,factorial_nested_prefix_median_v1,sha256_slot_seed_v1,nested_prefix_median_v1,230,ok,53.480663700009245,29.29516122877993,117.3290547559646,96.59718672951848,131.42893126843992,34.831744538921456,112.42858383271198,10.041482992976183,50,50,0.0,True,
perimeter__quarter_1__b100_p02500_s200,perimeter__quarter_1__p02500_s200,perimeter,quarter_1,10,b100_p02500_s200,p02500_s200,full_factorial_nested_prefix,100,2500,200,False,False,1981401840,675715442,games10_possessions92_source4370615271_grid20x10_trajectory142_outcome242_baseline0.10_mc100_alpha0.05_min100_profiles2b1671cb4b,games10_possessions92_source4370615271_grid20x10_trajectory142_outcome242_baseline0.10_mc100_alpha0.05_min100_profiles2b1671cb4b_plandc0cd9facf,factorial_nested_prefix_median_v1,sha256_slot_seed_v1,nested_prefix_median_v1,230,ok,105.77345090001654,29.29516122877993,117.3290547559646,95.17487774002424,132.8885652030856,37.71368746306135,112.9010033247825,10.428181945711966,100,100,0.0,True,
perimeter__quarter_2__b050_p02500_s200,perimeter__quarter_2__p02500_s200,perimeter,quarter_2,4,b050_p02500_s200,p02500_s200,full_factorial_nested_prefix,50,2500,200,False,False,3001684622,3851595572,games10_possessions92_source4370615271_grid20x10_trajectory142_outcome242_baseline0.10_mc100_alpha0.05_min100_profiles2b1671cb4b,games10_possessions92_source4370615271_grid20x10_trajectory142_outcome242_baseline0.10_mc100_alpha0.05_min100_profiles2b1671cb4b_plandc0cd9facf,factorial_nested_prefix_median_v1,sha256_slot_seed_v1,nested_prefix_median_v1,230,ok,52.98994550000316,26.1632633659514,75.45856375079093,60.36280745471007,91.92416688352176,31.56135942881168,73.7052324451602,8.079350833984135,50,50,0.0,True,
perimeter__quarter_2__b100_p02500_s200,perimeter__quarter_2__p02500_s200,perimeter,quarter_2,10,b100_p02500_s200,p02500_s200,full_factorial_nested_prefix,100,2500,200,False,False,3001684622,3851595572,games10_possessions92_source4370615271_grid20x10_trajectory142_outcome242_baseline0.10_mc100_alpha0.05_min100_profiles2b1671cb4b,games10_possessions92_source4370615271_grid20x10_trajectory142_outcome242_baseline0.10_mc100_alpha0.05_min100_profiles2b1671cb4b_plandc0cd9facf,factorial_nested_prefix_median_v1,sha256_slot_seed_v1,nested_prefix_median_v1,230,ok,105.01544799999648,26.1632633659514,75.45856375079093,61.26573087031557,92.40102228966936,31.1352914193538,74.97017772748586,8.011502626516654,100,100,0.0,True,
perimeter__quarter_3__b050_p02500_s200,perimeter__quarter_3__p02500_s200,perimeter,quarter_3,4,b050_p02500_s200,p02500_s200,full_factorial_nested_prefix,50,2500,200,False,False,531714605,2209612732,games10_possessions92_source4370615271_grid20x10_trajectory142_outcome242_baseline0.10_mc100_alpha0.05_min100_profiles2b1671cb4b,games10_possessions92_source4370615271_grid20x10_trajectory142_outcome242_baseline0.10_mc100_alpha0.05_min100_profiles2b1671cb4b_plandc0cd9facf,factorial_nested_prefix_median_v1,sha256_slot_seed_v1,nested_prefix_median_v1,230,ok,53.42530289999922,24.849292046680716,87.62060512462928,62.20399716610179,96.65425584082942,34.45025867472763,76.31584645040607,10.008960385240282,50,50,0.0,True,
perimeter__quarter_3__b100_p02500_s200,perimeter__quarter_3__p02500_s200,perimeter,quarter_3,10,b100_p02500_s200,p02500_s200,full_factorial_nested_prefix,100,2500,200,False,False,531714605,2209612732,games10_possessions92_source4370615271_grid20x10_trajectory142_outcome242_baseline0.10_mc100_alpha0.05_min100_profiles2b1671cb4b,games10_possessions92_source4370615271_grid20x10_trajectory142_outcome242_baseline0.10_mc100_alpha0.05_min100_profiles2b1671cb4b_plandc0cd9facf,factorial_nested_prefix_median_v1,sha256_slot_seed_v1,nested_prefix_median_v1,230,ok,104.71755449999546,24.849292046680716,87.62060512462928,61.44788400571207,96.14892437481508,34.70104036910301,75.91221578237099,9.63979594081014,100,100,0.0,True,
perimeter__quarter_4__b050_p02500_s200,perimeter__quarter_4__p02500_s200,perimeter,quarter_4,4,b050_p02500_s200,p02500_s200,full_factorial_nested_prefix,50,2500,200,False,False,1241465810,114016078,games10_possessions92_source4370615271_grid20x10_trajectory142_outcome242_baseline0.10_mc100_alpha0.05_min100_profiles2b1671cb4b,games10_possessions92_source4370615271_grid20x10_trajectory142_outcome242_baseline0.10_mc100_alpha0.05_min100_profiles2b1671cb4b_plandc0cd9facf,factorial_nested_prefix_median_v1,sha256_slot_seed_v1,nested_prefix_median_v1,230,ok,52.71119849999923,26.42606095937628,156.79046538848783,116.69342504492089,156.34142462944834,39.647999584527454,135.46614386837092,10.546776327349257,50,50,0.0,True,
perimeter__quarter_4__b100_p02500_s200,perimeter__quarter_4__p02500_s200,perimeter,quarter_4,10,b100_p02500_s200,p02500_s200,full_factorial_nested_prefix,100,2500,200,False,False,1241465810,114016078,games10_possessions92_source4370615271_grid20x10_trajectory142_outcome242_baseline0.10_mc100_alpha0.05_min100_profiles2b1671cb4b,games10_possessions92_source4370615271_grid20x10_trajectory142_outcome242_baseline0.10_mc100_alpha0.05_min100_profiles2b1671cb4b_plandc0cd9facf,factorial_nested_prefix_median_v1,sha256_slot_seed_v1,nested_prefix_median_v1,230,ok,103.38938399999644,26.42606095937628,156.79046538848783,120.50694853924304,157.66568525458172,37.15873671533868,136.33316710032298,9.874627545632446,100,100,0.0,True,
perimeter__full_game__b050_p02500_s250,perimeter__full_game__p02500_s250,perimeter,full_game,5,b050_p02500_s250,p02500_s250,full_factorial_nested_prefix,50,2500,250,False,False,4290107670,2213446514,games10_possessions92_source4370615271_grid20x10_trajectory142_outcome242_baseline0.10_mc100_alpha0.05_min100_profiles2b1671cb4b,games10_possessions92_source4370615271_grid20x10_trajectory142_outcome242_baseline0.10_mc100_alpha0.05_min100_profiles2b1671cb4b_plandc0cd9facf,factorial_nested_prefix_median_v1,sha256_slot_seed_v1,nested_prefix_median_v1,920,ok,56.26112079999984,26.48937367163081,87.51860764374837,83.986409101341,123.1015984057841,39.11518930444311,99.324030882296,10.767574634851703,50,50,0.0,True,
perimeter__full_game__b100_p02500_s250,perimeter__full_game__p02500_s250,perimeter,full_game,11,b100_p02500_s250,p02500_s250,full_factorial_nested_prefix,100,2500,250,False,False,4290107670,2213446514,games10_possessions92_source4370615271_grid20x10_trajectory142_outcome242_baseline0.10_mc100_alpha0.05_min100_profiles2b1671cb4b,games10_possessions92_source4370615271_grid20x10_trajectory142_outcome242_baseline0.10_mc100_alpha0.05_min100_profiles2b1671cb4b_plandc0cd9facf,factorial_nested_prefix_median_v1,sha256_slot_seed_v1,nested_prefix_median_v1,920,ok,110.86789289999253,26.48937367163081,87.51860764374837,80.16403175602332,121.13385656205884,40.96982480603553,99.07798790650403,10.77264502327366,100,100,0.0,True,
perimeter__quarter_1__b050_p02500_s250,perimeter__quarter_1__p02500_s250,perimeter,quarter_1,5,b050_p02500_s250,p02500_s250,full_factorial_nested_prefix,50,2500,250,False,False,1813759423,765271023,games10_possessions92_source4370615271_grid20x10_trajectory142_outcome242_baseline0.10_mc100_alpha0.05_min100_profiles2b1671cb4b,games10_possessions92_source4370615271_grid20x10_trajectory142_outcome242_baseline0.10_mc100_alpha0.05_min100_profiles2b1671cb4b_plandc0cd9facf,factorial_nested_prefix_median_v1,sha256_slot_seed_v1,nested_prefix_median_v1,230,ok,55.61787300000651,26.943946255029925,117.21800277984904,103.6048524562578,128.98663594238965,25.38178348613184,115.53238858504297,7.632828494163488,50,50,0.0,True,
perimeter__quarter_1__b100_p02500_s250,perimeter__quarter_1__p02500_s250,perimeter,quarter_1,11,b100_p02500_s250,p02500_s250,full_factorial_nested_prefix,100,2500,250,False,False,1813759423,765271023,games10_possessions92_source4370615271_grid20x10_trajectory142_outcome242_baseline0.10_mc100_alpha0.05_min100_profiles2b1671cb4b,games10_possessions92_source4370615271_grid20x10_trajectory142_outcome242_baseline0.10_mc100_alpha0.05_min100_profiles2b1671cb4b_plandc0cd9facf,factorial_nested_prefix_median_v1,sha256_slot_seed_v1,nested_prefix_median_v1,230,ok,108.6341502000014,26.943946255029925,117.21800277984904,102.6291065780782,135.07803327646357,32.44892669838538,116.37087943001838,8.411423560552638,100,100,0.0,True,
perimeter__quarter_2__b050_p02500_s250,perimeter__quarter_2__p02500_s250,perimeter,quarter_2,5,b050_p02500_s250,p02500_s250,full_factorial_nested_prefix,50,2500,250,False,False,1780359904,2110773033,games10_possessions92_source4370615271_grid20x10_trajectory142_outcome242_baseline0.10_mc100_alpha0.05_min100_profiles2b1671cb4b,games10_possessions92_source4370615271_grid20x10_trajectory142_outcome242_baseline0.10_mc100_alpha0.05_min100_profiles2b1671cb4b_plandc0cd9facf,factorial_nested_prefix_median_v1,sha256_slot_seed_v1,nested_prefix_median_v1,230,ok,54.95242229999894,27.03384392041244,70.74256071477623,68.97024258328632,89.84215218150965,20.87190959822333,77.98234095676509,6.420454553848438,50,50,0.0,True,
perimeter__quarter_2__b100_p02500_s250,perimeter__quarter_2__p02500_s250,perimeter,quarter_2,11,b100_p02500_s250,p02500_s250,full_factorial_nested_prefix,100,2500,250,False,False,1780359904,2110773033,games10_possessions92_source4370615271_grid20x10_trajectory142_outcome242_baseline0.10_mc100_alpha0.05_min100_profiles2b1671cb4b,games10_possessions92_source4370615271_grid20x10_trajectory142_outcome242_baseline0.10_mc100_alpha0.05_min100_profiles2b1671cb4b_plandc0cd9facf,factorial_nested_prefix_median_v1,sha256_slot_seed_v1,nested_prefix_median_v1,230,ok,107.58828790000734,27.03384392041244,70.74256071477623,65.03123993881503,91.27174099590007,26.24050105708505,77.16553663886681,7.167599710664564,100,100,0.0,True,
perimeter__quarter_3__b050_p02500_s250,perimeter__quarter_3__p02500_s250,perimeter,quarter_3,5,b050_p02500_s250,p02500_s250,full_factorial_nested_prefix,50,2500,250,False,False,3291164629,1287219630,games10_possessions92_source4370615271_grid20x10_trajectory142_outcome242_baseline0.10_mc100_alpha0.05_min100_profiles2b1671cb4b,games10_possessions92_source4370615271_grid20x10_trajectory142_outcome242_baseline0.10_mc100_alpha0.05_min100_profiles2b1671cb4b_plandc0cd9facf,factorial_nested_prefix_median_v1,sha256_slot_seed_v1,nested_prefix_median_v1,230,ok,54.98779920000743,24.64802887630395,86.7318266536564,57.20873230972427,99.69069625959152,42.48196394986725,78.84625976651844,11.671044997750991,50,50,0.0,True,
perimeter__quarter_3__b100_p02500_s250,perimeter__quarter_3__p02500_s250,perimeter,quarter_3,11,b100_p02500_s250,p02500_s250,full_factorial_nested_prefix,100,2500,250,False,False,3291164629,1287219630,games10_possessions92_source4370615271_grid20x10_trajectory142_outcome242_baseline0.10_mc100_alpha0.05_min100_profiles2b1671cb4b,games10_possessions92_source4370615271_grid20x10_trajectory142_outcome242_baseline0.10_mc100_alpha0.05_min100_profiles2b1671cb4b_plandc0cd9facf,factorial_nested_prefix_median_v1,sha256_slot_seed_v1,nested_prefix_median_v1,230,ok,107.22700870001064,24.64802887630395,86.7318266536564,59.53448353948331,96.95245637214246,37.41797283265915,78.27529153107132,10.200999834130544,100,100,0.0,True,
perimeter__quarter_4__b050_p02500_s250,perimeter__quarter_4__p02500_s250,perimeter,quarter_4,5,b050_p02500_s250,p02500_s250,full_factorial_nested_prefix,50,2500,250,False,False,2443634533,1190796947,games10_possessions92_source4370615271_grid20x10_trajectory142_outcome242_baseline0.10_mc100_alpha0.05_min100_profiles2b1671cb4b,games10_possessions92_source4370615271_grid20x10_trajectory142_outcome242_baseline0.10_mc100_alpha0.05_min100_profiles2b1671cb4b_plandc0cd9facf,factorial_nested_prefix_median_v1,sha256_slot_seed_v1,nested_prefix_median_v1,230,ok,53.690307400000165,25.334207053060027,149.7149690667546,117.84406868548658,158.69129443007256,40.847225744585984,139.4520374199571,11.462258039228107,50,50,0.0,True,
perimeter__quarter_4__b100_p02500_s250,perimeter__quarter_4__p02500_s250,perimeter,quarter_4,11,b100_p02500_s250,p02500_s250,full_factorial_nested_prefix,100,2500,250,False,False,2443634533,1190796947,games10_possessions92_source4370615271_grid20x10_trajectory142_outcome242_baseline0.10_mc100_alpha0.05_min100_profiles2b1671cb4b,games10_possessions92_source4370615271_grid20x10_trajectory142_outcome242_baseline0.10_mc100_alpha0.05_min100_profiles2b1671cb4b_plandc0cd9facf,factorial_nested_prefix_median_v1,sha256_slot_seed_v1,nested_prefix_median_v1,230,ok,105.23694140000408,25.334207053060027,149.7149690667546,122.82177677101528,158.86180583444494,36.04002906342966,140.12839458714012,10.33106735874304,100,100,0.0,True,
