run_id,stream_id,simulation_tag,sweep_tag,profile,scope,config_id,config_key,bootstrap_group_key,design,n_bootstraps,possessions_per_bootstrap,samples_per_possession,bootstrap_seed,null_seed,lambda_qut,map_estimator,map_status,similarity_method,profile_support_sectors,off_profile_sectors,recovered_background_level,light_leakage_exponent,moderate_leakage_exponent,whole_grid_cosine,support_cosine,outside_energy_fraction,lightly_penalized_whole_grid_cosine,moderately_penalized_whole_grid_cosine,recovered_support_energy,recovered_outside_energy,recovered_dynamic_range,error
high_y_side__full_game__b010_p00100_s050,high_y_side__full_game__p00100_s050,games10_possessions92_source4370615271_grid20x10_trajectory142_outcome242_baseline0.10_mc100_alpha0.05_min100_profiles2b1671cb4b,games10_possessions92_source4370615271_grid20x10_trajectory142_outcome242_baseline0.10_mc100_alpha0.05_min100_profiles2b1671cb4b_plandc0cd9facf,high_y_side,full_game,0,b010_p00100_s050,p00100_s050,full_factorial_nested_prefix,10,100,50,1626580737,2687613393,4.3432859360553175,nested_prefix_median_v1,ok,whole_grid_cosine_dual_leakage_penalty_v2,35,165,-0.017539759166538715,0.5,1.0,0.9854596813610034,0.9935217070996312,0.016163342273370063,0.9774630756917569,0.9695313592345594,0.2916902613363496,0.004792146638124366,0.09907829947769642,
high_y_side__full_game__b050_p00100_s050,high_y_side__full_game__p00100_s050,games10_possessions92_source4370615271_grid20x10_trajectory142_outcome242_baseline0.10_mc100_alpha0.05_min100_profiles2b1671cb4b,games10_possessions92_source4370615271_grid20x10_trajectory142_outcome242_baseline0.10_mc100_alpha0.05_min100_profiles2b1671cb4b_plandc0cd9facf,high_y_side,full_game,15,b050_p00100_s050,p00100_s050,full_factorial_nested_prefix,50,100,50,1626580737,2687613393,4.3432859360553175,nested_prefix_median_v1,ok,whole_grid_cosine_dual_leakage_penalty_v2,35,165,-0.0018287267303094268,0.5,1.0,0.9800072858392164,0.9850654602473349,0.010243355594061717,0.974975084454593,0.969968722725594,0.1512619470744318,0.001565465531846499,0.07212181517388672,
high_y_side__full_game__b100_p00100_s050,high_y_side__full_game__p00100_s050,games10_possessions92_source4370615271_grid20x10_trajectory142_outcome242_baseline0.10_mc100_alpha0.05_min100_profiles2b1671cb4b,games10_possessions92_source4370615271_grid20x10_trajectory142_outcome242_baseline0.10_mc100_alpha0.05_min100_profiles2b1671cb4b_plandc0cd9facf,high_y_side,full_game,30,b100_p00100_s050,p00100_s050,full_factorial_nested_prefix,100,100,50,1626580737,2687613393,4.3432859360553175,nested_prefix_median_v1,ok,whole_grid_cosine_dual_leakage_penalty_v2,35,165,-0.009428962599486113,0.5,1.0,0.9769550443576526,0.9830641405590291,0.012390064788957274,0.9708839121658025,0.9648505080621625,0.2609425941878901,0.0032736564638706908,0.096307132858783,
high_y_side__full_game__b010_p00100_s100,high_y_side__full_game__p00100_s100,games10_possessions92_source4370615271_grid20x10_trajectory142_outcome242_baseline0.10_mc100_alpha0.05_min100_profiles2b1671cb4b,games10_possessions92_source4370615271_grid20x10_trajectory142_outcome242_baseline0.10_mc100_alpha0.05_min100_profiles2b1671cb4b_plandc0cd9facf,high_y_side,full_game,1,b010_p00100_s100,p00100_s100,full_factorial_nested_prefix,10,100,100,3943612369,1180889823,5.241395057179095,nested_prefix_median_v1,ok,whole_grid_cosine_dual_leakage_penalty_v2,35,165,-0.012077413499355316,0.5,1.0,0.9727808336881422,0.9967561684714548,0.04752815554146986,0.9493821862594243,0.9265463549168514,0.31386151380918154,0.01566162709542797,0.0972699043340981,
high_y_side__full_game__b050_p00100_s100,high_y_side__full_game__p00100_s100,games10_possessions92_source4370615271_grid20x10_trajectory142_outcome242_baseline0.10_mc100_alpha0.05_min100_profiles2b1671cb4b,games10_possessions92_source4370615271_grid20x10_trajectory142_outcome242_baseline0.10_mc100_alpha0.05_min100_profiles2b1671cb4b_plandc0cd9facf,high_y_side,full_game,16,b050_p00100_s100,p00100_s100,full_factorial_nested_prefix,50,100,100,3943612369,1180889823,5.241395057179095,nested_prefix_median_v1,ok,whole_grid_cosine_dual_leakage_penalty_v2,35,165,-0.009572467301040888,0.5,1.0,0.982334133481445,0.9920763466671645,0.01954361443320254,0.9726875890596013,0.9631357739321096,0.2459351765591832,0.004902270347758176,0.09078294923529029,
high_y_side__full_game__b100_p00100_s100,high_y_side__full_game__p00100_s100,games10_possessions92_source4370615271_grid20x10_trajectory142_outcome242_baseline0.10_mc100_alpha0.05_min100_profiles2b1671cb4b,games10_possessions92_source4370615271_grid20x10_trajectory142_outcome242_baseline0.10_mc100_alpha0.05_min100_profiles2b1671cb4b_plandc0cd9facf,high_y_side,full_game,31,b100_p00100_s100,p00100_s100,full_factorial_nested_prefix,100,100,100,3943612369,1180889823,5.241395057179095,nested_prefix_median_v1,ok,whole_grid_cosine_dual_leakage_penalty_v2,35,165,-0.008651675656437874,0.5,1.0,0.9781165138062501,0.9875395233860212,0.01899276458419508,0.9687834177007627,0.9595393771236144,0.23593496189266414,0.004567812577354833,0.08906090771779418,
high_y_side__full_game__b010_p00100_s150,high_y_side__full_game__p00100_s150,games10_possessions92_source4370615271_grid20x10_trajectory142_outcome242_baseline0.10_mc100_alpha0.05_min100_profiles2b1671cb4b,games10_possessions92_source4370615271_grid20x10_trajectory142_outcome242_baseline0.10_mc100_alpha0.05_min100_profiles2b1671cb4b_plandc0cd9facf,high_y_side,full_game,2,b010_p00100_s150,p00100_s150,full_factorial_nested_prefix,10,100,150,4026978240,4020078778,5.3970169620813415,nested_prefix_median_v1,ok,whole_grid_cosine_dual_leakage_penalty_v2,35,165,-0.012038464192301035,0.5,1.0,0.9805268581736059,0.9829086098651572,0.004840462229435915,0.9781508778641174,0.9757806549516691,0.28585909190442793,0.001390420414805134,0.10123549774289131,
high_y_side__full_game__b050_p00100_s150,high_y_side__full_game__p00100_s150,games10_possessions92_source4370615271_grid20x10_trajectory142_outcome242_baseline0.10_mc100_alpha0.05_min100_profiles2b1671cb4b,games10_possessions92_source4370615271_grid20x10_trajectory142_outcome242_baseline0.10_mc100_alpha0.05_min100_profiles2b1671cb4b_plandc0cd9facf,high_y_side,full_game,17,b050_p00100_s150,p00100_s150,full_factorial_nested_prefix,50,100,150,4026978240,4020078778,5.3970169620813415,nested_prefix_median_v1,ok,whole_grid_cosine_dual_leakage_penalty_v2,35,165,-0.01393612427636981,0.5,1.0,0.9850042733667126,0.9894671969405866,0.009000518123487535,0.9805614795019264,0.9761387245525628,0.30953160044459643,0.002811247463337066,0.10093656508252025,
high_y_side__full_game__b100_p00100_s150,high_y_side__full_game__p00100_s150,games10_possessions92_source4370615271_grid20x10_trajectory142_outcome242_baseline0.10_mc100_alpha0.05_min100_profiles2b1671cb4b,games10_possessions92_source4370615271_grid20x10_trajectory142_outcome242_baseline0.10_mc100_alpha0.05_min100_profiles2b1671cb4b_plandc0cd9facf,high_y_side,full_game,32,b100_p00100_s150,p00100_s150,full_factorial_nested_prefix,100,100,150,4026978240,4020078778,5.3970169620813415,nested_prefix_median_v1,ok,whole_grid_cosine_dual_leakage_penalty_v2,35,165,-0.011264759581536055,0.5,1.0,0.9833968880988072,0.9876262678906033,0.008546398667672749,0.9791856200705444,0.9749923862445661,0.23590839164143262,0.0020335466645214776,0.0882553462870419,
high_y_side__full_game__b010_p00100_s200,high_y_side__full_game__p00100_s200,games10_possessions92_source4370615271_grid20x10_trajectory142_outcome242_baseline0.10_mc100_alpha0.05_min100_profiles2b1671cb4b,games10_possessions92_source4370615271_grid20x10_trajectory142_outcome242_baseline0.10_mc100_alpha0.05_min100_profiles2b1671cb4b_plandc0cd9facf,high_y_side,full_game,3,b010_p00100_s200,p00100_s200,full_factorial_nested_prefix,10,100,200,1010574105,120454109,4.810103601899965,nested_prefix_median_v1,ok,whole_grid_cosine_dual_leakage_penalty_v2,35,165,-0.013231591321527958,0.5,1.0,0.9700276043319046,0.9825233185739729,0.025274217661081406,0.9576908103632463,0.9455109155227627,0.3898328334440498,0.010108196646095437,0.11638163591269404,
high_y_side__full_game__b050_p00100_s200,high_y_side__full_game__p00100_s200,games10_possessions92_source4370615271_grid20x10_trajectory142_outcome242_baseline0.10_mc100_alpha0.05_min100_profiles2b1671cb4b,games10_possessions92_source4370615271_grid20x10_trajectory142_outcome242_baseline0.10_mc100_alpha0.05_min100_profiles2b1671cb4b_plandc0cd9facf,high_y_side,full_game,18,b050_p00100_s200,p00100_s200,full_factorial_nested_prefix,50,100,200,1010574105,120454109,4.810103601899965,nested_prefix_median_v1,ok,whole_grid_cosine_dual_leakage_penalty_v2,35,165,-0.01863507181406021,0.5,1.0,0.9833368925780974,0.992353156604732,0.018088931840095038,0.9744025479936058,0.9655493785524013,0.4359693933154777,0.00803150193105572,0.11893269652500749,
high_y_side__full_game__b100_p00100_s200,high_y_side__full_game__p00100_s200,games10_possessions92_source4370615271_grid20x10_trajectory142_outcome242_baseline0.10_mc100_alpha0.05_min100_profiles2b1671cb4b,games10_possessions92_source4370615271_grid20x10_trajectory142_outcome242_baseline0.10_mc100_alpha0.05_min100_profiles2b1671cb4b_plandc0cd9facf,high_y_side,full_game,33,b100_p00100_s200,p00100_s200,full_factorial_nested_prefix,100,100,200,1010574105,120454109,4.810103601899965,nested_prefix_median_v1,ok,whole_grid_cosine_dual_leakage_penalty_v2,35,165,-0.018662380054593086,0.5,1.0,0.9814095955995107,0.991288171011356,0.019831475367282053,0.9716294640660664,0.9619467953791648,0.43667413336312133,0.008835105496337942,0.12108938675373793,
high_y_side__full_game__b010_p00100_s250,high_y_side__full_game__p00100_s250,games10_possessions92_source4370615271_grid20x10_trajectory142_outcome242_baseline0.10_mc100_alpha0.05_min100_profiles2b1671cb4b,games10_possessions92_source4370615271_grid20x10_trajectory142_outcome242_baseline0.10_mc100_alpha0.05_min100_profiles2b1671cb4b_plandc0cd9facf,high_y_side,full_game,4,b010_p00100_s250,p00100_s250,full_factorial_nested_prefix,10,100,250,3449694541,2466912138,5.428008556741339,nested_prefix_median_v1,ok,whole_grid_cosine_dual_leakage_penalty_v2,35,165,-0.012617556843906641,0.5,1.0,0.9641723395365179,0.9904641517538072,0.05238524760875642,0.9385784419165871,0.9136639327923834,0.22746287636747514,0.012574412829941336,0.08554689399898052,
high_y_side__full_game__b050_p00100_s250,high_y_side__full_game__p00100_s250,games10_possessions92_source4370615271_grid20x10_trajectory142_outcome242_baseline0.10_mc100_alpha0.05_min100_profiles2b1671cb4b,games10_possessions92_source4370615271_grid20x10_trajectory142_outcome242_baseline0.10_mc100_alpha0.05_min100_profiles2b1671cb4b_plandc0cd9facf,high_y_side,full_game,19,b050_p00100_s250,p00100_s250,full_factorial_nested_prefix,50,100,250,3449694541,2466912138,5.428008556741339,nested_prefix_median_v1,ok,whole_grid_cosine_dual_leakage_penalty_v2,35,165,-0.01300597982481122,0.5,1.0,0.9773972111197066,0.9944221330021994,0.03394772589791159,0.9606637630042243,0.9442167985032315,0.25411739207808254,0.008929855871595662,0.08963067459408194,
high_y_side__full_game__b100_p00100_s250,high_y_side__full_game__p00100_s250,games10_possessions92_source4370615271_grid20x10_trajectory142_outcome242_baseline0.10_mc100_alpha0.05_min100_profiles2b1671cb4b,games10_possessions92_source4370615271_grid20x10_trajectory142_outcome242_baseline0.10_mc100_alpha0.05_min100_profiles2b1671cb4b_plandc0cd9facf,high_y_side,full_game,34,b100_p00100_s250,p00100_s250,full_factorial_nested_prefix,100,100,250,3449694541,2466912138,5.428008556741339,nested_prefix_median_v1,ok,whole_grid_cosine_dual_leakage_penalty_v2,35,165,-0.01313756499439478,0.5,1.0,0.9826393331021442,0.9907618175394634,0.01632923137018092,0.9745834385881208,0.9665935880784791,0.29358994969834484,0.004873681692566585,0.0974475643830374,
high_y_side__full_game__b010_p01000_s050,high_y_side__full_game__p01000_s050,games10_possessions92_source4370615271_grid20x10_trajectory142_outcome242_baseline0.10_mc100_alpha0.05_min100_profiles2b1671cb4b,games10_possessions92_source4370615271_grid20x10_trajectory142_outcome242_baseline0.10_mc100_alpha0.05_min100_profiles2b1671cb4b_plandc0cd9facf,high_y_side,full_game,5,b010_p01000_s050,p01000_s050,full_factorial_nested_prefix,10,1000,50,4287460892,3069445354,12.521976748513769,nested_prefix_median_v1,ok,whole_grid_cosine_dual_leakage_penalty_v2,35,165,-0.045939769595861435,0.5,1.0,0.9889752959382264,0.9903956815150666,0.002866262592725352,0.9875569474211435,0.9861406330423492,2.2478122814110244,0.006461340155262956,0.27307762764394283,
high_y_side__full_game__b050_p01000_s050,high_y_side__full_game__p01000_s050,games10_possessions92_source4370615271_grid20x10_trajectory142_outcome242_baseline0.10_mc100_alpha0.05_min100_profiles2b1671cb4b,games10_possessions92_source4370615271_grid20x10_trajectory142_outcome242_baseline0.10_mc100_alpha0.05_min100_profiles2b1671cb4b_plandc0cd9facf,high_y_side,full_game,20,b050_p01000_s050,p01000_s050,full_factorial_nested_prefix,50,1000,50,4287460892,3069445354,12.521976748513769,nested_prefix_median_v1,ok,whole_grid_cosine_dual_leakage_penalty_v2,35,165,-0.0415443554520607,0.5,1.0,0.9813096801925663,0.984211314857251,0.00588767340213462,0.9784166000766862,0.9755320492892393,2.121011371687074,0.012561781907929788,0.2735399007797241,
high_y_side__full_game__b100_p01000_s050,high_y_side__full_game__p01000_s050,games10_possessions92_source4370615271_grid20x10_trajectory142_outcome242_baseline0.10_mc100_alpha0.05_min100_profiles2b1671cb4b,games10_possessions92_source4370615271_grid20x10_trajectory142_outcome242_baseline0.10_mc100_alpha0.05_min100_profiles2b1671cb4b_plandc0cd9facf,high_y_side,full_game,35,b100_p01000_s050,p01000_s050,full_factorial_nested_prefix,100,1000,50,4287460892,3069445354,12.521976748513769,nested_prefix_median_v1,ok,whole_grid_cosine_dual_leakage_penalty_v2,35,165,-0.04094547592103481,0.5,1.0,0.9798883565215832,0.98383787738861,0.008012688828377622,0.9759546906195234,0.9720368160342254,1.9826166404560928,0.016014408679457068,0.2655046060681343,
high_y_side__full_game__b010_p01000_s100,high_y_side__full_game__p01000_s100,games10_possessions92_source4370615271_grid20x10_trajectory142_outcome242_baseline0.10_mc100_alpha0.05_min100_profiles2b1671cb4b,games10_possessions92_source4370615271_grid20x10_trajectory142_outcome242_baseline0.10_mc100_alpha0.05_min100_profiles2b1671cb4b_plandc0cd9facf,high_y_side,full_game,6,b010_p01000_s100,p01000_s100,full_factorial_nested_prefix,10,1000,100,720283694,2279431524,15.646194613865434,nested_prefix_median_v1,ok,whole_grid_cosine_dual_leakage_penalty_v2,35,165,-0.03980714827775955,0.5,1.0,0.9920781584685777,0.9956366910508971,0.0071354808224310205,0.9885323445357949,0.9849992037944726,1.506078467122269,0.010823827230858354,0.21762360073626041,
high_y_side__full_game__b050_p01000_s100,high_y_side__full_game__p01000_s100,games10_possessions92_source4370615271_grid20x10_trajectory142_outcome242_baseline0.10_mc100_alpha0.05_min100_profiles2b1671cb4b,games10_possessions92_source4370615271_grid20x10_trajectory142_outcome242_baseline0.10_mc100_alpha0.05_min100_profiles2b1671cb4b_plandc0cd9facf,high_y_side,full_game,21,b050_p01000_s100,p01000_s100,full_factorial_nested_prefix,50,1000,100,720283694,2279431524,15.646194613865434,nested_prefix_median_v1,ok,whole_grid_cosine_dual_leakage_penalty_v2,35,165,-0.039623863995075226,0.5,1.0,0.989392306067294,0.9926296680546092,0.006512162442472164,0.9861655024110203,0.9829492226508516,1.6079903520897794,0.010540133439862369,0.22826356813311577,
high_y_side__full_game__b100_p01000_s100,high_y_side__full_game__p01000_s100,games10_possessions92_source4370615271_grid20x10_trajectory142_outcome242_baseline0.10_mc100_alpha0.05_min100_profiles2b1671cb4b,games10_possessions92_source4370615271_grid20x10_trajectory142_outcome242_baseline0.10_mc100_alpha0.05_min100_profiles2b1671cb4b_plandc0cd9facf,high_y_side,full_game,36,b100_p01000_s100,p01000_s100,full_factorial_nested_prefix,100,1000,100,720283694,2279431524,15.646194613865434,nested_prefix_median_v1,ok,whole_grid_cosine_dual_leakage_penalty_v2,35,165,-0.03944200277328491,0.5,1.0,0.986031409174799,0.9891805315349829,0.006356998624934179,0.9828923122562035,0.9797632088625329,1.5923418376944718,0.010187275368156116,0.22901808097958565,
high_y_side__full_game__b500_p01000_s100,high_y_side__full_game__p01000_s100,games10_possessions92_source4370615271_grid20x10_trajectory142_outcome242_baseline0.10_mc100_alpha0.05_min100_profiles2b1671cb4b,games10_possessions92_source4370615271_grid20x10_trajectory142_outcome242_baseline0.10_mc100_alpha0.05_min100_profiles2b1671cb4b_plandc0cd9facf,high_y_side,full_game,12,b500_p01000_s100,p01000_s100,targeted_nested_prefix,500,1000,100,720283694,2279431524,15.646194613865434,nested_prefix_median_v1,ok,whole_grid_cosine_dual_leakage_penalty_v2,35,165,-0.03928685188293457,0.5,1.0,0.985900910417512,0.989590707861968,0.0074433167329722265,0.9822248707873452,0.9785625376739487,1.5592590836031015,0.01169309463497867,0.22703209146857262,
high_y_side__full_game__b010_p01000_s150,high_y_side__full_game__p01000_s150,games10_possessions92_source4370615271_grid20x10_trajectory142_outcome242_baseline0.10_mc100_alpha0.05_min100_profiles2b1671cb4b,games10_possessions92_source4370615271_grid20x10_trajectory142_outcome242_baseline0.10_mc100_alpha0.05_min100_profiles2b1671cb4b_plandc0cd9facf,high_y_side,full_game,7,b010_p01000_s150,p01000_s150,full_factorial_nested_prefix,10,1000,150,12221624,1347732266,16.18203959251413,nested_prefix_median_v1,ok,whole_grid_cosine_dual_leakage_penalty_v2,35,165,-0.037006692960858345,0.5,1.0,0.9899336072575372,0.9930815852819397,0.006329769214157563,0.9867956080362754,0.9836675559862585,1.4086633510053743,0.008973312912126026,0.2142125926911831,
high_y_side__full_game__b050_p01000_s150,high_y_side__full_game__p01000_s150,games10_possessions92_source4370615271_grid20x10_trajectory142_outcome242_baseline0.10_mc100_alpha0.05_min100_profiles2b1671cb4b,games10_possessions92_source4370615271_grid20x10_trajectory142_outcome242_baseline0.10_mc100_alpha0.05_min100_profiles2b1671cb4b_plandc0cd9facf,high_y_side,full_game,22,b050_p01000_s150,p01000_s150,full_factorial_nested_prefix,50,1000,150,12221624,1347732266,16.18203959251413,nested_prefix_median_v1,ok,whole_grid_cosine_dual_leakage_penalty_v2,35,165,-0.03575340658426285,0.5,1.0,0.9878900005658043,0.9912652835140946,0.006798455556004057,0.9845262105399141,0.9811738743027368,1.3863651623623552,0.009489656951740956,0.21463898941874504,
high_y_side__full_game__b100_p01000_s150,high_y_side__full_game__p01000_s150,games10_possessions92_source4370615271_grid20x10_trajectory142_outcome242_baseline0.10_mc100_alpha0.05_min100_profiles2b1671cb4b,games10_possessions92_source4370615271_grid20x10_trajectory142_outcome242_baseline0.10_mc100_alpha0.05_min100_profiles2b1671cb4b_plandc0cd9facf,high_y_side,full_game,37,b100_p01000_s150,p01000_s150,full_factorial_nested_prefix,100,1000,150,12221624,1347732266,16.18203959251413,nested_prefix_median_v1,ok,whole_grid_cosine_dual_leakage_penalty_v2,35,165,-0.03783920221030712,0.5,1.0,0.9866483546135669,0.9920871117586824,0.010934219537397772,0.9812394134784901,0.9758601248980099,1.4273670091904966,0.015779682754394796,0.21641262620687485,
high_y_side__full_game__b010_p01000_s200,high_y_side__full_game__p01000_s200,games10_possessions92_source4370615271_grid20x10_trajectory142_outcome242_baseline0.10_mc100_alpha0.05_min100_profiles2b1671cb4b,games10_possessions92_source4370615271_grid20x10_trajectory142_outcome242_baseline0.10_mc100_alpha0.05_min100_profiles2b1671cb4b_plandc0cd9facf,high_y_side,full_game,8,b010_p01000_s200,p01000_s200,full_factorial_nested_prefix,10,1000,200,2165290739,311832422,17.93774565867971,nested_prefix_median_v1,ok,whole_grid_cosine_dual_leakage_penalty_v2,35,165,-0.03634815476834774,0.5,1.0,0.985233877505479,0.9883698253796349,0.006335630347580152,0.9821078795193273,0.9789917998516913,1.3318815586831245,0.008492112105747384,0.20926008746027946,
high_y_side__full_game__b050_p01000_s200,high_y_side__full_game__p01000_s200,games10_possessions92_source4370615271_grid20x10_trajectory142_outcome242_baseline0.10_mc100_alpha0.05_min100_profiles2b1671cb4b,games10_possessions92_source4370615271_grid20x10_trajectory142_outcome242_baseline0.10_mc100_alpha0.05_min100_profiles2b1671cb4b_plandc0cd9facf,high_y_side,full_game,23,b050_p01000_s200,p01000_s200,full_factorial_nested_prefix,50,1000,200,2165290739,311832422,17.93774565867971,nested_prefix_median_v1,ok,whole_grid_cosine_dual_leakage_penalty_v2,35,165,-0.03655252233147621,0.5,1.0,0.9883335762897518,0.9925838113761966,0.008545646832728033,0.9841015406722922,0.9798876265938525,1.3402197867035055,0.011551762255937128,0.2092224843800068,
high_y_side__full_game__b100_p01000_s200,high_y_side__full_game__p01000_s200,games10_possessions92_source4370615271_grid20x10_trajectory142_outcome242_baseline0.10_mc100_alpha0.05_min100_profiles2b1671cb4b,games10_possessions92_source4370615271_grid20x10_trajectory142_outcome242_baseline0.10_mc100_alpha0.05_min100_profiles2b1671cb4b_plandc0cd9facf,high_y_side,full_game,38,b100_p01000_s200,p01000_s200,full_factorial_nested_prefix,100,1000,200,2165290739,311832422,17.93774565867971,nested_prefix_median_v1,ok,whole_grid_cosine_dual_leakage_penalty_v2,35,165,-0.036801593378186226,0.5,1.0,0.9886749195524345,0.9926094628621605,0.007911964393048724,0.9847559721357918,0.9808525587926352,1.3448971410201467,0.010725639167248387,0.20800530910491943,
high_y_side__full_game__b010_p01000_s250,high_y_side__full_game__p01000_s250,games10_possessions92_source4370615271_grid20x10_trajectory142_outcome242_baseline0.10_mc100_alpha0.05_min100_profiles2b1671cb4b,games10_possessions92_source4370615271_grid20x10_trajectory142_outcome242_baseline0.10_mc100_alpha0.05_min100_profiles2b1671cb4b_plandc0cd9facf,high_y_side,full_game,9,b010_p01000_s250,p01000_s250,full_factorial_nested_prefix,10,1000,250,3331613232,825228734,17.234761013255582,nested_prefix_median_v1,ok,whole_grid_cosine_dual_leakage_penalty_v2,35,165,-0.03598362021148205,0.5,1.0,0.9882403791655462,0.9920708209251823,0.007707205780987771,0.9844247269589986,0.9806238072022359,1.3644171738958757,0.010597521207040331,0.21065436312928795,
high_y_side__full_game__b050_p01000_s250,high_y_side__full_game__p01000_s250,games10_possessions92_source4370615271_grid20x10_trajectory142_outcome242_baseline0.10_mc100_alpha0.05_min100_profiles2b1671cb4b,games10_possessions92_source4370615271_grid20x10_trajectory142_outcome242_baseline0.10_mc100_alpha0.05_min100_profiles2b1671cb4b_plandc0cd9facf,high_y_side,full_game,24,b050_p01000_s250,p01000_s250,full_factorial_nested_prefix,50,1000,250,3331613232,825228734,17.234761013255582,nested_prefix_median_v1,ok,whole_grid_cosine_dual_leakage_penalty_v2,35,165,-0.03676788881421089,0.5,1.0,0.9906095167736078,0.9930921499377304,0.004993554715605486,0.9881330899493781,0.9856628539497992,1.3393160942077091,0.006721512438048244,0.20828035846352577,
high_y_side__full_game__b100_p01000_s250,high_y_side__full_game__p01000_s250,games10_possessions92_source4370615271_grid20x10_trajectory142_outcome242_baseline0.10_mc100_alpha0.05_min100_profiles2b1671cb4b,games10_possessions92_source4370615271_grid20x10_trajectory142_outcome242_baseline0.10_mc100_alpha0.05_min100_profiles2b1671cb4b_plandc0cd9facf,high_y_side,full_game,39,b100_p01000_s250,p01000_s250,full_factorial_nested_prefix,100,1000,250,3331613232,825228734,17.234761013255582,nested_prefix_median_v1,ok,whole_grid_cosine_dual_leakage_penalty_v2,35,165,-0.037146661430597305,0.5,1.0,0.9914510838025085,0.9939314872678753,0.004984867698597286,0.9889768703023751,0.986508831320122,1.3390946794336125,0.006708651553301298,0.20702798292040825,
high_y_side__full_game__b050_p02500_s150,high_y_side__full_game__p02500_s150,games10_possessions92_source4370615271_grid20x10_trajectory142_outcome242_baseline0.10_mc100_alpha0.05_min100_profiles2b1671cb4b,games10_possessions92_source4370615271_grid20x10_trajectory142_outcome242_baseline0.10_mc100_alpha0.05_min100_profiles2b1671cb4b_plandc0cd9facf,high_y_side,full_game,3,b050_p02500_s150,p02500_s150,full_factorial_nested_prefix,50,2500,150,2793541587,2343844846,25.0596685962226,nested_prefix_median_v1,ok,whole_grid_cosine_dual_leakage_penalty_v2,35,165,-0.0417953971773386,0.5,1.0,0.984661223710881,0.9883471871566646,0.007444934811500551,0.9809890067771533,0.9773304850889412,1.8433403410515166,0.013826485961190928,0.24988019093871117,
high_y_side__full_game__b100_p02500_s150,high_y_side__full_game__p02500_s150,games10_possessions92_source4370615271_grid20x10_trajectory142_outcome242_baseline0.10_mc100_alpha0.05_min100_profiles2b1671cb4b,games10_possessions92_source4370615271_grid20x10_trajectory142_outcome242_baseline0.10_mc100_alpha0.05_min100_profiles2b1671cb4b_plandc0cd9facf,high_y_side,full_game,9,b100_p02500_s150,p02500_s150,full_factorial_nested_prefix,100,2500,150,2793541587,2343844846,25.0596685962226,nested_prefix_median_v1,ok,whole_grid_cosine_dual_leakage_penalty_v2,35,165,-0.04166710935533047,0.5,1.0,0.9841212842349121,0.987764525595275,0.007363136566416623,0.9804914804978552,0.9768750648211731,1.8318232689871212,0.013588015307467349,0.24832819774746895,
high_y_side__full_game__b050_p02500_s200,high_y_side__full_game__p02500_s200,games10_possessions92_source4370615271_grid20x10_trajectory142_outcome242_baseline0.10_mc100_alpha0.05_min100_profiles2b1671cb4b,games10_possessions92_source4370615271_grid20x10_trajectory142_outcome242_baseline0.10_mc100_alpha0.05_min100_profiles2b1671cb4b_plandc0cd9facf,high_y_side,full_game,4,b050_p02500_s200,p02500_s200,full_factorial_nested_prefix,50,2500,200,1250155092,1084383193,26.58757112229922,nested_prefix_median_v1,ok,whole_grid_cosine_dual_leakage_penalty_v2,35,165,-0.04198065027594566,0.5,1.0,0.9855295959298741,0.9895105668421137,0.0080301574952492,0.9815646411471585,0.977615638058328,1.7036160311126267,0.013791049339486584,0.23763075284659863,
high_y_side__full_game__b100_p02500_s200,high_y_side__full_game__p02500_s200,games10_possessions92_source4370615271_grid20x10_trajectory142_outcome242_baseline0.10_mc100_alpha0.05_min100_profiles2b1671cb4b,games10_possessions92_source4370615271_grid20x10_trajectory142_outcome242_baseline0.10_mc100_alpha0.05_min100_profiles2b1671cb4b_plandc0cd9facf,high_y_side,full_game,10,b100_p02500_s200,p02500_s200,full_factorial_nested_prefix,100,2500,200,1250155092,1084383193,26.58757112229922,nested_prefix_median_v1,ok,whole_grid_cosine_dual_leakage_penalty_v2,35,165,-0.04179773107171059,0.5,1.0,0.9854021284271635,0.9894651259852619,0.008195651562941489,0.9813558145790047,0.9773261159331935,1.698052742196695,0.01403164710103567,0.23732750304043293,
high_y_side__full_game__b050_p02500_s250,high_y_side__full_game__p02500_s250,games10_possessions92_source4370615271_grid20x10_trajectory142_outcome242_baseline0.10_mc100_alpha0.05_min100_profiles2b1671cb4b,games10_possessions92_source4370615271_grid20x10_trajectory142_outcome242_baseline0.10_mc100_alpha0.05_min100_profiles2b1671cb4b_plandc0cd9facf,high_y_side,full_game,5,b050_p02500_s250,p02500_s250,full_factorial_nested_prefix,50,2500,250,4290107670,3156692951,25.952738440523795,nested_prefix_median_v1,ok,whole_grid_cosine_dual_leakage_penalty_v2,35,165,-0.04268183186650276,0.5,1.0,0.9878890001445026,0.9915920987387504,0.007455049292984895,0.9841997307641185,0.9805242389524278,1.7178531403143715,0.012902871381321332,0.2369951754808426,
high_y_side__full_game__b100_p02500_s250,high_y_side__full_game__p02500_s250,games10_possessions92_source4370615271_grid20x10_trajectory142_outcome242_baseline0.10_mc100_alpha0.05_min100_profiles2b1671cb4b,games10_possessions92_source4370615271_grid20x10_trajectory142_outcome242_baseline0.10_mc100_alpha0.05_min100_profiles2b1671cb4b_plandc0cd9facf,high_y_side,full_game,11,b100_p02500_s250,p02500_s250,full_factorial_nested_prefix,100,2500,250,4290107670,3156692951,25.952738440523795,nested_prefix_median_v1,ok,whole_grid_cosine_dual_leakage_penalty_v2,35,165,-0.042246248573064804,0.5,1.0,0.987161296586754,0.9915283374103532,0.00878930770706567,0.9828134897525784,0.9784848321945471,1.6891220069936663,0.014977858077681162,0.23405252024531364,
high_y_side__full_game__b010_p10000_s050,high_y_side__full_game__p10000_s050,games10_possessions92_source4370615271_grid20x10_trajectory142_outcome242_baseline0.10_mc100_alpha0.05_min100_profiles2b1671cb4b,games10_possessions92_source4370615271_grid20x10_trajectory142_outcome242_baseline0.10_mc100_alpha0.05_min100_profiles2b1671cb4b_plandc0cd9facf,high_y_side,full_game,10,b010_p10000_s050,p10000_s050,full_factorial_nested_prefix,10,10000,50,1756964159,3154329032,41.047425770307726,nested_prefix_median_v1,ok,whole_grid_cosine_dual_leakage_penalty_v2,35,165,-0.04279583506286144,0.5,1.0,0.9737351808922233,0.9804285762829499,0.013607411318874404,0.9670874813766891,0.9604851657701642,2.913716556381052,0.04019509078256919,0.34596839994192125,
high_y_side__full_game__b050_p10000_s050,high_y_side__full_game__p10000_s050,games10_possessions92_source4370615271_grid20x10_trajectory142_outcome242_baseline0.10_mc100_alpha0.05_min100_profiles2b1671cb4b,games10_possessions92_source4370615271_grid20x10_trajectory142_outcome242_baseline0.10_mc100_alpha0.05_min100_profiles2b1671cb4b_plandc0cd9facf,high_y_side,full_game,25,b050_p10000_s050,p10000_s050,full_factorial_nested_prefix,50,10000,50,1756964159,3154329032,41.047425770307726,nested_prefix_median_v1,ok,whole_grid_cosine_dual_leakage_penalty_v2,35,165,-0.045435063540935516,0.5,1.0,0.9756211737844657,0.9819271915842495,0.012802922597931915,0.9693556537535918,0.9631303714115996,2.925613271061688,0.037942170938609715,0.34643833078444003,
high_y_side__full_game__b100_p10000_s050,high_y_side__full_game__p10000_s050,games10_possessions92_source4370615271_grid20x10_trajectory142_outcome242_baseline0.10_mc100_alpha0.05_min100_profiles2b1671cb4b,games10_possessions92_source4370615271_grid20x10_trajectory142_outcome242_baseline0.10_mc100_alpha0.05_min100_profiles2b1671cb4b_plandc0cd9facf,high_y_side,full_game,40,b100_p10000_s050,p10000_s050,full_factorial_nested_prefix,100,10000,50,1756964159,3154329032,41.047425770307726,nested_prefix_median_v1,ok,whole_grid_cosine_dual_leakage_penalty_v2,35,165,-0.04443488083779812,0.5,1.0,0.9745883401047531,0.9811016304102631,0.013233430758085309,0.9681182899175844,0.9616911927883396,2.911683975480826,0.0390483114041389,0.3460570029914379,
high_y_side__full_game__b010_p10000_s100,high_y_side__full_game__p10000_s100,games10_possessions92_source4370615271_grid20x10_trajectory142_outcome242_baseline0.10_mc100_alpha0.05_min100_profiles2b1671cb4b,games10_possessions92_source4370615271_grid20x10_trajectory142_outcome242_baseline0.10_mc100_alpha0.05_min100_profiles2b1671cb4b_plandc0cd9facf,high_y_side,full_game,11,b010_p10000_s100,p10000_s100,full_factorial_nested_prefix,10,10000,100,489573535,2760864574,51.55367574025784,nested_prefix_median_v1,ok,whole_grid_cosine_dual_leakage_penalty_v2,35,165,-0.04942138306796551,0.5,1.0,0.9824751236415528,0.9871373057644318,0.009423557415432353,0.9778349606866455,0.9732167129046826,2.429227948527559,0.02310974505752802,0.29314739257097244,
high_y_side__full_game__b050_p10000_s100,high_y_side__full_game__p10000_s100,games10_possessions92_source4370615271_grid20x10_trajectory142_outcome242_baseline0.10_mc100_alpha0.05_min100_profiles2b1671cb4b,games10_possessions92_source4370615271_grid20x10_trajectory142_outcome242_baseline0.10_mc100_alpha0.05_min100_profiles2b1671cb4b_plandc0cd9facf,high_y_side,full_game,26,b050_p10000_s100,p10000_s100,full_factorial_nested_prefix,50,10000,100,489573535,2760864574,51.55367574025784,nested_prefix_median_v1,ok,whole_grid_cosine_dual_leakage_penalty_v2,35,165,-0.04988890886306763,0.5,1.0,0.9821631546418719,0.9876603801387701,0.0111008340217106,0.97669652618903,0.9712603244799528,2.41445767938388,0.027103363895316937,0.289478353317827,
high_y_side__full_game__b100_p10000_s100,high_y_side__full_game__p10000_s100,games10_possessions92_source4370615271_grid20x10_trajectory142_outcome242_baseline0.10_mc100_alpha0.05_min100_profiles2b1671cb4b,games10_possessions92_source4370615271_grid20x10_trajectory142_outcome242_baseline0.10_mc100_alpha0.05_min100_profiles2b1671cb4b_plandc0cd9facf,high_y_side,full_game,41,b100_p10000_s100,p10000_s100,full_factorial_nested_prefix,100,10000,100,489573535,2760864574,51.55367574025784,nested_prefix_median_v1,ok,whole_grid_cosine_dual_leakage_penalty_v2,35,165,-0.04889298230409622,0.5,1.0,0.9812985146136105,0.9865561815141939,0.01063022486093989,0.9760688674667477,0.9708670907475615,2.360890299990058,0.025366445783507677,0.28785192407667637,
high_y_side__full_game__b010_p10000_s150,high_y_side__full_game__p10000_s150,games10_possessions92_source4370615271_grid20x10_trajectory142_outcome242_baseline0.10_mc100_alpha0.05_min100_profiles2b1671cb4b,games10_possessions92_source4370615271_grid20x10_trajectory142_outcome242_baseline0.10_mc100_alpha0.05_min100_profiles2b1671cb4b_plandc0cd9facf,high_y_side,full_game,12,b010_p10000_s150,p10000_s150,full_factorial_nested_prefix,10,10000,150,1448514925,4162332790,49.880775795526326,nested_prefix_median_v1,ok,whole_grid_cosine_dual_leakage_penalty_v2,35,165,-0.044902633875608444,0.5,1.0,0.9828909825102659,0.9893353344610036,0.01298520947101284,0.9764886079059529,0.9701279372152004,2.1646639244876855,0.028478412647446345,0.2803781181573868,
high_y_side__full_game__b050_p10000_s150,high_y_side__full_game__p10000_s150,games10_possessions92_source4370615271_grid20x10_trajectory142_outcome242_baseline0.10_mc100_alpha0.05_min100_profiles2b1671cb4b,games10_possessions92_source4370615271_grid20x10_trajectory142_outcome242_baseline0.10_mc100_alpha0.05_min100_profiles2b1671cb4b_plandc0cd9facf,high_y_side,full_game,27,b050_p10000_s150,p10000_s150,full_factorial_nested_prefix,50,10000,150,1448514925,4162332790,49.880775795526326,nested_prefix_median_v1,ok,whole_grid_cosine_dual_leakage_penalty_v2,35,165,-0.04443947970867157,0.5,1.0,0.9823858194641627,0.9878285065798533,0.010989140644595498,0.9769731201883065,0.9715902435268148,2.1741379603159503,0.024157376636124803,0.2796159200370312,
high_y_side__full_game__b100_p10000_s150,high_y_side__full_game__p10000_s150,games10_possessions92_source4370615271_grid20x10_trajectory142_outcome242_baseline0.10_mc100_alpha0.05_min100_profiles2b1671cb4b,games10_possessions92_source4370615271_grid20x10_trajectory142_outcome242_baseline0.10_mc100_alpha0.05_min100_profiles2b1671cb4b_plandc0cd9facf,high_y_side,full_game,42,b100_p10000_s150,p10000_s150,full_factorial_nested_prefix,100,10000,150,1448514925,4162332790,49.880775795526326,nested_prefix_median_v1,ok,whole_grid_cosine_dual_leakage_penalty_v2,35,165,-0.04457314871251583,0.5,1.0,0.9824885211118894,0.9877075450050553,0.010540033471514521,0.9772970744206345,0.9721330592139913,2.161355522311357,0.023023427242772253,0.2782307855784893,
high_y_side__full_game__b010_p10000_s200,high_y_side__full_game__p10000_s200,games10_possessions92_source4370615271_grid20x10_trajectory142_outcome242_baseline0.10_mc100_alpha0.05_min100_profiles2b1671cb4b,games10_possessions92_source4370615271_grid20x10_trajectory142_outcome242_baseline0.10_mc100_alpha0.05_min100_profiles2b1671cb4b_plandc0cd9facf,high_y_side,full_game,13,b010_p10000_s200,p10000_s200,full_factorial_nested_prefix,10,10000,200,895264997,4109806956,47.6490230697756,nested_prefix_median_v1,ok,whole_grid_cosine_dual_leakage_penalty_v2,35,165,-0.04347315989434719,0.5,1.0,0.9816896337601384,0.9893536342881606,0.015432936777144229,0.9740850021999534,0.9665392797075404,2.096013322086777,0.032854685365902206,0.2755456529557705,
high_y_side__full_game__b050_p10000_s200,high_y_side__full_game__p10000_s200,games10_possessions92_source4370615271_grid20x10_trajectory142_outcome242_baseline0.10_mc100_alpha0.05_min100_profiles2b1671cb4b,games10_possessions92_source4370615271_grid20x10_trajectory142_outcome242_baseline0.10_mc100_alpha0.05_min100_profiles2b1671cb4b_plandc0cd9facf,high_y_side,full_game,28,b050_p10000_s200,p10000_s200,full_factorial_nested_prefix,50,10000,200,895264997,4109806956,47.6490230697756,nested_prefix_median_v1,ok,whole_grid_cosine_dual_leakage_penalty_v2,35,165,-0.04488709010183811,0.5,1.0,0.9797554071275947,0.9884971958053341,0.017608820034876033,0.9710909265794184,0.9625030704852882,2.088716627258205,0.03743909345211009,0.2731403410434723,
high_y_side__full_game__b100_p10000_s200,high_y_side__full_game__p10000_s200,games10_possessions92_source4370615271_grid20x10_trajectory142_outcome242_baseline0.10_mc100_alpha0.05_min100_profiles2b1671cb4b,games10_possessions92_source4370615271_grid20x10_trajectory142_outcome242_baseline0.10_mc100_alpha0.05_min100_profiles2b1671cb4b_plandc0cd9facf,high_y_side,full_game,43,b100_p10000_s200,p10000_s200,full_factorial_nested_prefix,100,10000,200,895264997,4109806956,47.6490230697756,nested_prefix_median_v1,ok,whole_grid_cosine_dual_leakage_penalty_v2,35,165,-0.04526819661259651,0.5,1.0,0.9802849095731596,0.989019312499585,0.01758476181745464,0.9716276434564173,0.9630468329250705,2.0950944802151366,0.037501186858424365,0.2723821271210909,
high_y_side__full_game__b010_p10000_s250,high_y_side__full_game__p10000_s250,games10_possessions92_source4370615271_grid20x10_trajectory142_outcome242_baseline0.10_mc100_alpha0.05_min100_profiles2b1671cb4b,games10_possessions92_source4370615271_grid20x10_trajectory142_outcome242_baseline0.10_mc100_alpha0.05_min100_profiles2b1671cb4b_plandc0cd9facf,high_y_side,full_game,14,b010_p10000_s250,p10000_s250,full_factorial_nested_prefix,10,10000,250,2119542591,353219078,51.87427665150037,nested_prefix_median_v1,ok,whole_grid_cosine_dual_leakage_penalty_v2,35,165,-0.0431883055716753,0.5,1.0,0.9792963666021195,0.9864442216039598,0.014439656853829292,0.972200305538556,0.9651556631101831,1.9463598273757579,0.028516537030768167,0.26521061547100544,
high_y_side__full_game__b050_p10000_s250,high_y_side__full_game__p10000_s250,games10_possessions92_source4370615271_grid20x10_trajectory142_outcome242_baseline0.10_mc100_alpha0.05_min100_profiles2b1671cb4b,games10_possessions92_source4370615271_grid20x10_trajectory142_outcome242_baseline0.10_mc100_alpha0.05_min100_profiles2b1671cb4b_plandc0cd9facf,high_y_side,full_game,29,b050_p10000_s250,p10000_s250,full_factorial_nested_prefix,50,10000,250,2119542591,353219078,51.87427665150037,nested_prefix_median_v1,ok,whole_grid_cosine_dual_leakage_penalty_v2,35,165,-0.042600663378834724,0.5,1.0,0.9812232576011755,0.9890908814759737,0.015845526251230653,0.9734182159486933,0.965675258714538,1.965925697160339,0.03165268062407365,0.26422596722841263,
high_y_side__full_game__b100_p10000_s250,high_y_side__full_game__p10000_s250,games10_possessions92_source4370615271_grid20x10_trajectory142_outcome242_baseline0.10_mc100_alpha0.05_min100_profiles2b1671cb4b,games10_possessions92_source4370615271_grid20x10_trajectory142_outcome242_baseline0.10_mc100_alpha0.05_min100_profiles2b1671cb4b_plandc0cd9facf,high_y_side,full_game,44,b100_p10000_s250,p10000_s250,full_factorial_nested_prefix,100,10000,250,2119542591,353219078,51.87427665150037,nested_prefix_median_v1,ok,whole_grid_cosine_dual_leakage_penalty_v2,35,165,-0.04327468201518059,0.5,1.0,0.9818485176545058,0.9890554931052532,0.014520353764738784,0.9746940574524068,0.9675917298347779,1.9928064321153593,0.029362609861608487,0.2655179537832737,
high_y_side__quarter_1__b010_p00100_s050,high_y_side__quarter_1__p00100_s050,games10_possessions92_source4370615271_grid20x10_trajectory142_outcome242_baseline0.10_mc100_alpha0.05_min100_profiles2b1671cb4b,games10_possessions92_source4370615271_grid20x10_trajectory142_outcome242_baseline0.10_mc100_alpha0.05_min100_profiles2b1671cb4b_plandc0cd9facf,high_y_side,quarter_1,0,b010_p00100_s050,p00100_s050,full_factorial_nested_prefix,10,100,50,2007033508,2608990703,4.82036558091117,nested_prefix_median_v1,ok,whole_grid_cosine_dual_leakage_penalty_v2,35,165,0.003825760097242892,0.5,1.0,0.9419629274470839,0.987776654824469,0.09061014316757267,0.8982740707132377,0.8566115317325578,0.0765724148052191,0.007629552293836689,0.05085358629003167,
high_y_side__quarter_1__b050_p00100_s050,high_y_side__quarter_1__p00100_s050,games10_possessions92_source4370615271_grid20x10_trajectory142_outcome242_baseline0.10_mc100_alpha0.05_min100_profiles2b1671cb4b,games10_possessions92_source4370615271_grid20x10_trajectory142_outcome242_baseline0.10_mc100_alpha0.05_min100_profiles2b1671cb4b_plandc0cd9facf,high_y_side,quarter_1,15,b050_p00100_s050,p00100_s050,full_factorial_nested_prefix,50,100,50,2007033508,2608990703,4.82036558091117,nested_prefix_median_v1,ok,whole_grid_cosine_dual_leakage_penalty_v2,35,165,0.001853997353464365,0.5,1.0,0.9485592643082248,0.9891214385894661,0.08033489139119593,0.909660475247678,0.8723568588319109,0.14939063976749783,0.01304962068066037,0.07756151189096272,
high_y_side__quarter_1__b100_p00100_s050,high_y_side__quarter_1__p00100_s050,games10_possessions92_source4370615271_grid20x10_trajectory142_outcome242_baseline0.10_mc100_alpha0.05_min100_profiles2b1671cb4b,games10_possessions92_source4370615271_grid20x10_trajectory142_outcome242_baseline0.10_mc100_alpha0.05_min100_profiles2b1671cb4b_plandc0cd9facf,high_y_side,quarter_1,30,b100_p00100_s050,p00100_s050,full_factorial_nested_prefix,100,100,50,2007033508,2608990703,4.82036558091117,nested_prefix_median_v1,ok,whole_grid_cosine_dual_leakage_penalty_v2,35,165,0.0016265141312032938,0.5,1.0,0.9376439634164366,0.9883162856461053,0.09991397178004385,0.8895696801723025,0.8439602309159182,0.15440847561688756,0.017140099492373436,0.08067139284685254,
high_y_side__quarter_1__b010_p00100_s100,high_y_side__quarter_1__p00100_s100,games10_possessions92_source4370615271_grid20x10_trajectory142_outcome242_baseline0.10_mc100_alpha0.05_min100_profiles2b1671cb4b,games10_possessions92_source4370615271_grid20x10_trajectory142_outcome242_baseline0.10_mc100_alpha0.05_min100_profiles2b1671cb4b_plandc0cd9facf,high_y_side,quarter_1,1,b010_p00100_s100,p00100_s100,full_factorial_nested_prefix,10,100,100,462622817,475699952,4.440401884264559,nested_prefix_median_v1,ok,whole_grid_cosine_dual_leakage_penalty_v2,35,165,-0.012478707823902369,0.5,1.0,0.942960519524056,0.9817011403944812,0.07736817999749171,0.9057487098606982,0.8700053803189906,0.3503915630533123,0.029382422036817925,0.10948833730071783,
high_y_side__quarter_1__b050_p00100_s100,high_y_side__quarter_1__p00100_s100,games10_possessions92_source4370615271_grid20x10_trajectory142_outcome242_baseline0.10_mc100_alpha0.05_min100_profiles2b1671cb4b,games10_possessions92_source4370615271_grid20x10_trajectory142_outcome242_baseline0.10_mc100_alpha0.05_min100_profiles2b1671cb4b_plandc0cd9facf,high_y_side,quarter_1,16,b050_p00100_s100,p00100_s100,full_factorial_nested_prefix,50,100,100,462622817,475699952,4.440401884264559,nested_prefix_median_v1,ok,whole_grid_cosine_dual_leakage_penalty_v2,35,165,-0.00495666591450572,0.5,1.0,0.9465208846311772,0.9891043990166588,0.0842516704141666,0.9057707011855048,0.8667749190191059,0.31771358169705066,0.02923062931859309,0.12069539818912745,
high_y_side__quarter_1__b100_p00100_s100,high_y_side__quarter_1__p00100_s100,games10_possessions92_source4370615271_grid20x10_trajectory142_outcome242_baseline0.10_mc100_alpha0.05_min100_profiles2b1671cb4b,games10_possessions92_source4370615271_grid20x10_trajectory142_outcome242_baseline0.10_mc100_alpha0.05_min100_profiles2b1671cb4b_plandc0cd9facf,high_y_side,quarter_1,31,b100_p00100_s100,p00100_s100,full_factorial_nested_prefix,100,100,100,462622817,475699952,4.440401884264559,nested_prefix_median_v1,ok,whole_grid_cosine_dual_leakage_penalty_v2,35,165,-0.0030127197969704866,0.5,1.0,0.9327446425213953,0.9839477489315048,0.10136888175315911,0.8842060659187801,0.8381933611477513,0.3032975942880113,0.03421307959085594,0.11891224887222052,
high_y_side__quarter_1__b010_p00100_s150,high_y_side__quarter_1__p00100_s150,games10_possessions92_source4370615271_grid20x10_trajectory142_outcome242_baseline0.10_mc100_alpha0.05_min100_profiles2b1671cb4b,games10_possessions92_source4370615271_grid20x10_trajectory142_outcome242_baseline0.10_mc100_alpha0.05_min100_profiles2b1671cb4b_plandc0cd9facf,high_y_side,quarter_1,2,b010_p00100_s150,p00100_s150,full_factorial_nested_prefix,10,100,150,3271144373,2228505419,4.620839768189989,nested_prefix_median_v1,ok,whole_grid_cosine_dual_leakage_penalty_v2,35,165,-0.010694576427340508,0.5,1.0,0.9025168244268224,0.9991641866571668,0.18410007150781327,0.8152179884455362,0.7363634125128398,0.2879198892012061,0.0649663890624686,0.11063779145479202,
high_y_side__quarter_1__b050_p00100_s150,high_y_side__quarter_1__p00100_s150,games10_possessions92_source4370615271_grid20x10_trajectory142_outcome242_baseline0.10_mc100_alpha0.05_min100_profiles2b1671cb4b,games10_possessions92_source4370615271_grid20x10_trajectory142_outcome242_baseline0.10_mc100_alpha0.05_min100_profiles2b1671cb4b_plandc0cd9facf,high_y_side,quarter_1,17,b050_p00100_s150,p00100_s150,full_factorial_nested_prefix,50,100,150,3271144373,2228505419,4.620839768189989,nested_prefix_median_v1,ok,whole_grid_cosine_dual_leakage_penalty_v2,35,165,-0.011035808827728033,0.5,1.0,0.9268781258631175,0.9967319666683948,0.1352541387224231,0.8619198429795542,0.8015140232488478,0.35304290713605246,0.05521913023810312,0.11544032022356987,
high_y_side__quarter_1__b100_p00100_s150,high_y_side__quarter_1__p00100_s150,games10_possessions92_source4370615271_grid20x10_trajectory142_outcome242_baseline0.10_mc100_alpha0.05_min100_profiles2b1671cb4b,games10_possessions92_source4370615271_grid20x10_trajectory142_outcome242_baseline0.10_mc100_alpha0.05_min100_profiles2b1671cb4b_plandc0cd9facf,high_y_side,quarter_1,32,b100_p00100_s150,p00100_s150,full_factorial_nested_prefix,100,100,150,3271144373,2228505419,4.620839768189989,nested_prefix_median_v1,ok,whole_grid_cosine_dual_leakage_penalty_v2,35,165,-0.011021572165191174,0.5,1.0,0.9333137830051568,0.9942562711200211,0.11883207321550729,0.8761067371153098,0.8224061712100459,0.3668264805293135,0.049469289413103246,0.11864849464036524,
high_y_side__quarter_1__b010_p00100_s200,high_y_side__quarter_1__p00100_s200,games10_possessions92_source4370615271_grid20x10_trajectory142_outcome242_baseline0.10_mc100_alpha0.05_min100_profiles2b1671cb4b,games10_possessions92_source4370615271_grid20x10_trajectory142_outcome242_baseline0.10_mc100_alpha0.05_min100_profiles2b1671cb4b_plandc0cd9facf,high_y_side,quarter_1,3,b010_p00100_s200,p00100_s200,full_factorial_nested_prefix,10,100,200,3563924186,263814182,4.978823998562964,nested_prefix_median_v1,ok,whole_grid_cosine_dual_leakage_penalty_v2,35,165,-0.007548469118773937,0.5,1.0,0.9266109409549264,0.9689047823240257,0.08539694299884877,0.886163275856589,0.8474811992480888,0.32576712735619695,0.030417038946875988,0.11285284489858896,
high_y_side__quarter_1__b050_p00100_s200,high_y_side__quarter_1__p00100_s200,games10_possessions92_source4370615271_grid20x10_trajectory142_outcome242_baseline0.10_mc100_alpha0.05_min100_profiles2b1671cb4b,games10_possessions92_source4370615271_grid20x10_trajectory142_outcome242_baseline0.10_mc100_alpha0.05_min100_profiles2b1671cb4b_plandc0cd9facf,high_y_side,quarter_1,18,b050_p00100_s200,p00100_s200,full_factorial_nested_prefix,50,100,200,3563924186,263814182,4.978823998562964,nested_prefix_median_v1,ok,whole_grid_cosine_dual_leakage_penalty_v2,35,165,-0.007813850650563836,0.5,1.0,0.9211501768716748,0.9874514256381534,0.12977932473381165,0.8593006464113941,0.8016039289388376,0.28276951286238433,0.04217049476946042,0.10938388109207153,
high_y_side__quarter_1__b100_p00100_s200,high_y_side__quarter_1__p00100_s200,games10_possessions92_source4370615271_grid20x10_trajectory142_outcome242_baseline0.10_mc100_alpha0.05_min100_profiles2b1671cb4b,games10_possessions92_source4370615271_grid20x10_trajectory142_outcome242_baseline0.10_mc100_alpha0.05_min100_profiles2b1671cb4b_plandc0cd9facf,high_y_side,quarter_1,33,b100_p00100_s200,p00100_s200,full_factorial_nested_prefix,100,100,200,3563924186,263814182,4.978823998562964,nested_prefix_median_v1,ok,whole_grid_cosine_dual_leakage_penalty_v2,35,165,-0.009082706645131111,0.5,1.0,0.9258229367343949,0.989681119346115,0.12488464976980093,0.8660851393727907,0.8102018635314714,0.3024572319654793,0.043162613333678046,0.11001533083617687,
high_y_side__quarter_1__b010_p00100_s250,high_y_side__quarter_1__p00100_s250,games10_possessions92_source4370615271_grid20x10_trajectory142_outcome242_baseline0.10_mc100_alpha0.05_min100_profiles2b1671cb4b,games10_possessions92_source4370615271_grid20x10_trajectory142_outcome242_baseline0.10_mc100_alpha0.05_min100_profiles2b1671cb4b_plandc0cd9facf,high_y_side,quarter_1,4,b010_p00100_s250,p00100_s250,full_factorial_nested_prefix,10,100,250,1923978833,38952808,4.884481012471357,nested_prefix_median_v1,ok,whole_grid_cosine_dual_leakage_penalty_v2,35,165,-0.005189431132748723,0.5,1.0,0.8929686680880334,0.9622006151440068,0.13872630860653754,0.828718075666139,0.769090421062884,0.25631873104800174,0.04128554226179988,0.10427889740094543,
high_y_side__quarter_1__b050_p00100_s250,high_y_side__quarter_1__p00100_s250,games10_possessions92_source4370615271_grid20x10_trajectory142_outcome242_baseline0.10_mc100_alpha0.05_min100_profiles2b1671cb4b,games10_possessions92_source4370615271_grid20x10_trajectory142_outcome242_baseline0.10_mc100_alpha0.05_min100_profiles2b1671cb4b_plandc0cd9facf,high_y_side,quarter_1,19,b050_p00100_s250,p00100_s250,full_factorial_nested_prefix,50,100,250,1923978833,38952808,4.884481012471357,nested_prefix_median_v1,ok,whole_grid_cosine_dual_leakage_penalty_v2,35,165,-0.011142919305711985,0.5,1.0,0.9336325292145562,0.9827196063065077,0.09740544753824751,0.886997363249612,0.8426916348701464,0.3706936535497296,0.040004209115952476,0.12115859426558018,
high_y_side__quarter_1__b100_p00100_s250,high_y_side__quarter_1__p00100_s250,games10_possessions92_source4370615271_grid20x10_trajectory142_outcome242_baseline0.10_mc100_alpha0.05_min100_profiles2b1671cb4b,games10_possessions92_source4370615271_grid20x10_trajectory142_outcome242_baseline0.10_mc100_alpha0.05_min100_profiles2b1671cb4b_plandc0cd9facf,high_y_side,quarter_1,34,b100_p00100_s250,p00100_s250,full_factorial_nested_prefix,100,100,250,1923978833,38952808,4.884481012471357,nested_prefix_median_v1,ok,whole_grid_cosine_dual_leakage_penalty_v2,35,165,-0.011758534237742424,0.5,1.0,0.9317763255066316,0.9852963411569047,0.10568687745564265,0.8811634474915618,0.8332997951767432,0.36601307125322463,0.043254177573341275,0.12217237427830696,
high_y_side__quarter_1__b010_p01000_s050,high_y_side__quarter_1__p01000_s050,games10_possessions92_source4370615271_grid20x10_trajectory142_outcome242_baseline0.10_mc100_alpha0.05_min100_profiles2b1671cb4b,games10_possessions92_source4370615271_grid20x10_trajectory142_outcome242_baseline0.10_mc100_alpha0.05_min100_profiles2b1671cb4b_plandc0cd9facf,high_y_side,quarter_1,5,b010_p01000_s050,p01000_s050,full_factorial_nested_prefix,10,1000,50,3490540687,2319683046,12.707442965194236,nested_prefix_median_v1,ok,whole_grid_cosine_dual_leakage_penalty_v2,35,165,0.0041281740996055305,0.5,1.0,0.8388432903863674,0.921842501742687,0.17196591329190503,0.7633170140192113,0.694590837846289,1.5462709538485049,0.3211291673177731,0.31313109397888184,
high_y_side__quarter_1__b050_p01000_s050,high_y_side__quarter_1__p01000_s050,games10_possessions92_source4370615271_grid20x10_trajectory142_outcome242_baseline0.10_mc100_alpha0.05_min100_profiles2b1671cb4b,games10_possessions92_source4370615271_grid20x10_trajectory142_outcome242_baseline0.10_mc100_alpha0.05_min100_profiles2b1671cb4b_plandc0cd9facf,high_y_side,quarter_1,20,b050_p01000_s050,p01000_s050,full_factorial_nested_prefix,50,1000,50,3490540687,2319683046,12.707442965194236,nested_prefix_median_v1,ok,whole_grid_cosine_dual_leakage_penalty_v2,35,165,-0.0069662637542933226,0.5,1.0,0.8621158900032186,0.9299308496588031,0.14053145078386645,0.799246318227578,0.7409614932372421,1.7262326273163062,0.28225579135904016,0.32063817232847214,
high_y_side__quarter_1__b100_p01000_s050,high_y_side__quarter_1__p01000_s050,games10_possessions92_source4370615271_grid20x10_trajectory142_outcome242_baseline0.10_mc100_alpha0.05_min100_profiles2b1671cb4b,games10_possessions92_source4370615271_grid20x10_trajectory142_outcome242_baseline0.10_mc100_alpha0.05_min100_profiles2b1671cb4b_plandc0cd9facf,high_y_side,quarter_1,35,b100_p01000_s050,p01000_s050,full_factorial_nested_prefix,100,1000,50,3490540687,2319683046,12.707442965194236,nested_prefix_median_v1,ok,whole_grid_cosine_dual_leakage_penalty_v2,35,165,-0.006286769872531295,0.5,1.0,0.86861658596642,0.9357091801528491,0.1382635663648786,0.8063346918245596,0.7485185589870176,1.7095392507716303,0.2742915170191252,0.3192428946495056,
high_y_side__quarter_1__b010_p01000_s100,high_y_side__quarter_1__p01000_s100,games10_possessions92_source4370615271_grid20x10_trajectory142_outcome242_baseline0.10_mc100_alpha0.05_min100_profiles2b1671cb4b,games10_possessions92_source4370615271_grid20x10_trajectory142_outcome242_baseline0.10_mc100_alpha0.05_min100_profiles2b1671cb4b_plandc0cd9facf,high_y_side,quarter_1,6,b010_p01000_s100,p01000_s100,full_factorial_nested_prefix,10,1000,100,1621772669,3232072047,15.414098129815091,nested_prefix_median_v1,ok,whole_grid_cosine_dual_leakage_penalty_v2,35,165,-0.017252731136977673,0.5,1.0,0.906048552815489,0.9588570981858632,0.10711574055080457,0.8561484100312888,0.8089964911056732,1.3769094425424415,0.16518229887971403,0.25841551274061203,
high_y_side__quarter_1__b050_p01000_s100,high_y_side__quarter_1__p01000_s100,games10_possessions92_source4370615271_grid20x10_trajectory142_outcome242_baseline0.10_mc100_alpha0.05_min100_profiles2b1671cb4b,games10_possessions92_source4370615271_grid20x10_trajectory142_outcome242_baseline0.10_mc100_alpha0.05_min100_profiles2b1671cb4b_plandc0cd9facf,high_y_side,quarter_1,21,b050_p01000_s100,p01000_s100,full_factorial_nested_prefix,50,1000,100,1621772669,3232072047,15.414098129815091,nested_prefix_median_v1,ok,whole_grid_cosine_dual_leakage_penalty_v2,35,165,-0.008219324750825763,0.5,1.0,0.8730957225437992,0.9439066393027915,0.14441011942741835,0.8075969687927423,0.7470118649796811,1.2629601474749577,0.21316781541043067,0.2608346566557884,
high_y_side__quarter_1__b100_p01000_s100,high_y_side__quarter_1__p01000_s100,games10_possessions92_source4370615271_grid20x10_trajectory142_outcome242_baseline0.10_mc100_alpha0.05_min100_profiles2b1671cb4b,games10_possessions92_source4370615271_grid20x10_trajectory142_outcome242_baseline0.10_mc100_alpha0.05_min100_profiles2b1671cb4b_plandc0cd9facf,high_y_side,quarter_1,36,b100_p01000_s100,p01000_s100,full_factorial_nested_prefix,100,1000,100,1621772669,3232072047,15.414098129815091,nested_prefix_median_v1,ok,whole_grid_cosine_dual_leakage_penalty_v2,35,165,-0.008044405840337276,0.5,1.0,0.8744686602456924,0.9447805496783271,0.14330425175948217,0.8093894799297623,0.7491535832020666,1.2230220028202183,0.2045816771700951,0.25914631970226765,
high_y_side__quarter_1__b500_p01000_s100,high_y_side__quarter_1__p01000_s100,games10_possessions92_source4370615271_grid20x10_trajectory142_outcome242_baseline0.10_mc100_alpha0.05_min100_profiles2b1671cb4b,games10_possessions92_source4370615271_grid20x10_trajectory142_outcome242_baseline0.10_mc100_alpha0.05_min100_profiles2b1671cb4b_plandc0cd9facf,high_y_side,quarter_1,12,b500_p01000_s100,p01000_s100,targeted_nested_prefix,500,1000,100,1621772669,3232072047,15.414098129815091,nested_prefix_median_v1,ok,whole_grid_cosine_dual_leakage_penalty_v2,35,165,-0.008789089508354664,0.5,1.0,0.8738274662591298,0.9447214957670929,0.14445316628048713,0.8082534844502984,0.7476003219751429,1.263487932122158,0.21333119960101163,0.2635606750845909,
high_y_side__quarter_1__b010_p01000_s150,high_y_side__quarter_1__p01000_s150,games10_possessions92_source4370615271_grid20x10_trajectory142_outcome242_baseline0.10_mc100_alpha0.05_min100_profiles2b1671cb4b,games10_possessions92_source4370615271_grid20x10_trajectory142_outcome242_baseline0.10_mc100_alpha0.05_min100_profiles2b1671cb4b_plandc0cd9facf,high_y_side,quarter_1,7,b010_p01000_s150,p01000_s150,full_factorial_nested_prefix,10,1000,150,4050652992,50392349,16.851359367278338,nested_prefix_median_v1,ok,whole_grid_cosine_dual_leakage_penalty_v2,35,165,-0.008193451212719083,0.5,1.0,0.8857122488322842,0.9475717731163816,0.12630254415795275,0.8278910473995205,0.773844538412905,1.163021751202609,0.16812754244128564,0.24852144718170166,
high_y_side__quarter_1__b050_p01000_s150,high_y_side__quarter_1__p01000_s150,games10_possessions92_source4370615271_grid20x10_trajectory142_outcome242_baseline0.10_mc100_alpha0.05_min100_profiles2b1671cb4b,games10_possessions92_source4370615271_grid20x10_trajectory142_outcome242_baseline0.10_mc100_alpha0.05_min100_profiles2b1671cb4b_plandc0cd9facf,high_y_side,quarter_1,22,b050_p01000_s150,p01000_s150,full_factorial_nested_prefix,50,1000,150,4050652992,50392349,16.851359367278338,nested_prefix_median_v1,ok,whole_grid_cosine_dual_leakage_penalty_v2,35,165,-0.008680331986397505,0.5,1.0,0.8705097253252566,0.9485414932924858,0.1577624736867366,0.7988972409161521,0.7331759576895825,1.073968453022432,0.20116880869936188,0.24132266826927662,
high_y_side__quarter_1__b100_p01000_s150,high_y_side__quarter_1__p01000_s150,games10_possessions92_source4370615271_grid20x10_trajectory142_outcome242_baseline0.10_mc100_alpha0.05_min100_profiles2b1671cb4b,games10_possessions92_source4370615271_grid20x10_trajectory142_outcome242_baseline0.10_mc100_alpha0.05_min100_profiles2b1671cb4b_plandc0cd9facf,high_y_side,quarter_1,37,b100_p01000_s150,p01000_s150,full_factorial_nested_prefix,100,1000,150,4050652992,50392349,16.851359367278338,nested_prefix_median_v1,ok,whole_grid_cosine_dual_leakage_penalty_v2,35,165,-0.009820164646953344,0.5,1.0,0.8747872199081382,0.9503036291513779,0.1526163431904781,0.8052717643496542,0.7412803933359936,1.1051479738316003,0.19904047133216995,0.24332383833825588,
high_y_side__quarter_1__b010_p01000_s200,high_y_side__quarter_1__p01000_s200,games10_possessions92_source4370615271_grid20x10_trajectory142_outcome242_baseline0.10_mc100_alpha0.05_min100_profiles2b1671cb4b,games10_possessions92_source4370615271_grid20x10_trajectory142_outcome242_baseline0.10_mc100_alpha0.05_min100_profiles2b1671cb4b_plandc0cd9facf,high_y_side,quarter_1,8,b010_p01000_s200,p01000_s200,full_factorial_nested_prefix,10,1000,200,3497043562,2731575075,15.881287224794177,nested_prefix_median_v1,ok,whole_grid_cosine_dual_leakage_penalty_v2,35,165,-0.012139474507421255,0.5,1.0,0.8681103762173454,0.9522312236748808,0.16887746355930694,0.7914208298986919,0.7215060977922445,1.1139028663520365,0.2263361688236412,0.24146061576902866,
high_y_side__quarter_1__b050_p01000_s200,high_y_side__quarter_1__p01000_s200,games10_possessions92_source4370615271_grid20x10_trajectory142_outcome242_baseline0.10_mc100_alpha0.05_min100_profiles2b1671cb4b,games10_possessions92_source4370615271_grid20x10_trajectory142_outcome242_baseline0.10_mc100_alpha0.05_min100_profiles2b1671cb4b_plandc0cd9facf,high_y_side,quarter_1,23,b050_p01000_s200,p01000_s200,full_factorial_nested_prefix,50,1000,200,3497043562,2731575075,15.881287224794177,nested_prefix_median_v1,ok,whole_grid_cosine_dual_leakage_penalty_v2,35,165,-0.01101491367444396,0.5,1.0,0.8654742299352293,0.9423329828031464,0.1564720107629392,0.7948842461757001,0.7300517369137576,1.164212090436866,0.2159579872505998,0.2476504947990179,
high_y_side__quarter_1__b100_p01000_s200,high_y_side__quarter_1__p01000_s200,games10_possessions92_source4370615271_grid20x10_trajectory142_outcome242_baseline0.10_mc100_alpha0.05_min100_profiles2b1671cb4b,games10_possessions92_source4370615271_grid20x10_trajectory142_outcome242_baseline0.10_mc100_alpha0.05_min100_profiles2b1671cb4b_plandc0cd9facf,high_y_side,quarter_1,38,b100_p01000_s200,p01000_s200,full_factorial_nested_prefix,100,1000,200,3497043562,2731575075,15.881287224794177,nested_prefix_median_v1,ok,whole_grid_cosine_dual_leakage_penalty_v2,35,165,-0.011353324633091688,0.5,1.0,0.8715515375492461,0.9470330574591102,0.1530537119153303,0.802086132708469,0.7381573396018205,1.153722265804869,0.20849194073467334,0.24594024382531643,
high_y_side__quarter_1__b010_p01000_s250,high_y_side__quarter_1__p01000_s250,games10_possessions92_source4370615271_grid20x10_trajectory142_outcome242_baseline0.10_mc100_alpha0.05_min100_profiles2b1671cb4b,games10_possessions92_source4370615271_grid20x10_trajectory142_outcome242_baseline0.10_mc100_alpha0.05_min100_profiles2b1671cb4b_plandc0cd9facf,high_y_side,quarter_1,9,b010_p01000_s250,p01000_s250,full_factorial_nested_prefix,10,1000,250,1213564615,3886741372,15.364026559022475,nested_prefix_median_v1,ok,whole_grid_cosine_dual_leakage_penalty_v2,35,165,-0.01165251387283206,0.5,1.0,0.8558951517856007,0.9425138531961234,0.17535762404131197,0.7772368632736291,0.7058074115399997,1.155686495622411,0.24575312149509115,0.2486329898238182,
high_y_side__quarter_1__b050_p01000_s250,high_y_side__quarter_1__p01000_s250,games10_possessions92_source4370615271_grid20x10_trajectory142_outcome242_baseline0.10_mc100_alpha0.05_min100_profiles2b1671cb4b,games10_possessions92_source4370615271_grid20x10_trajectory142_outcome242_baseline0.10_mc100_alpha0.05_min100_profiles2b1671cb4b_plandc0cd9facf,high_y_side,quarter_1,24,b050_p01000_s250,p01000_s250,full_factorial_nested_prefix,50,1000,250,1213564615,3886741372,15.364026559022475,nested_prefix_median_v1,ok,whole_grid_cosine_dual_leakage_penalty_v2,35,165,-0.01165251387283206,0.5,1.0,0.8713405299567125,0.9432733474128783,0.14670204639464435,0.8048932170378831,0.7435130911054689,1.1709679129099984,0.20131700581320164,0.24873222224414349,
high_y_side__quarter_1__b100_p01000_s250,high_y_side__quarter_1__p01000_s250,games10_possessions92_source4370615271_grid20x10_trajectory142_outcome242_baseline0.10_mc100_alpha0.05_min100_profiles2b1671cb4b,games10_possessions92_source4370615271_grid20x10_trajectory142_outcome242_baseline0.10_mc100_alpha0.05_min100_profiles2b1671cb4b_plandc0cd9facf,high_y_side,quarter_1,39,b100_p01000_s250,p01000_s250,full_factorial_nested_prefix,100,1000,250,1213564615,3886741372,15.364026559022475,nested_prefix_median_v1,ok,whole_grid_cosine_dual_leakage_penalty_v2,35,165,-0.01153162308037281,0.5,1.0,0.8669358249604743,0.9452120535523083,0.15876874993314197,0.7951419173880705,0.7292935077592426,1.137240746698524,0.21463573983016854,0.2467721775174141,
high_y_side__quarter_1__b050_p02500_s150,high_y_side__quarter_1__p02500_s150,games10_possessions92_source4370615271_grid20x10_trajectory142_outcome242_baseline0.10_mc100_alpha0.05_min100_profiles2b1671cb4b,games10_possessions92_source4370615271_grid20x10_trajectory142_outcome242_baseline0.10_mc100_alpha0.05_min100_profiles2b1671cb4b_plandc0cd9facf,high_y_side,quarter_1,3,b050_p02500_s150,p02500_s150,full_factorial_nested_prefix,50,2500,150,4052413110,1903479448,25.766706009667807,nested_prefix_median_v1,ok,whole_grid_cosine_dual_leakage_penalty_v2,35,165,-0.00992924952879548,0.5,1.0,0.8506639500664153,0.9270554106086345,0.15801438668149215,0.7805673184815525,0.7162468077246152,1.4528623545498864,0.2726568604682151,0.2850368730723858,
high_y_side__quarter_1__b100_p02500_s150,high_y_side__quarter_1__p02500_s150,games10_possessions92_source4370615271_grid20x10_trajectory142_outcome242_baseline0.10_mc100_alpha0.05_min100_profiles2b1671cb4b,games10_possessions92_source4370615271_grid20x10_trajectory142_outcome242_baseline0.10_mc100_alpha0.05_min100_profiles2b1671cb4b_plandc0cd9facf,high_y_side,quarter_1,9,b100_p02500_s150,p02500_s150,full_factorial_nested_prefix,100,2500,150,4052413110,1903479448,25.766706009667807,nested_prefix_median_v1,ok,whole_grid_cosine_dual_leakage_penalty_v2,35,165,-0.009349832776933908,0.5,1.0,0.8497140716894365,0.9248619650921187,0.1559041171842973,0.7806721769070978,0.7172401494836201,1.5223888479854932,0.28118451255166144,0.2906704507768154,
high_y_side__quarter_1__b050_p02500_s200,high_y_side__quarter_1__p02500_s200,games10_possessions92_source4370615271_grid20x10_trajectory142_outcome242_baseline0.10_mc100_alpha0.05_min100_profiles2b1671cb4b,games10_possessions92_source4370615271_grid20x10_trajectory142_outcome242_baseline0.10_mc100_alpha0.05_min100_profiles2b1671cb4b_plandc0cd9facf,high_y_side,quarter_1,4,b050_p02500_s200,p02500_s200,full_factorial_nested_prefix,50,2500,200,1981401840,3337975777,27.23687464261537,nested_prefix_median_v1,ok,whole_grid_cosine_dual_leakage_penalty_v2,35,165,-0.007363662123680115,0.5,1.0,0.8382465576146176,0.9177923430119028,0.16582975012548012,0.7655950681031599,0.6992403404218417,1.3841307840309867,0.27515973159120755,0.27936163917183876,
high_y_side__quarter_1__b100_p02500_s200,high_y_side__quarter_1__p02500_s200,games10_possessions92_source4370615271_grid20x10_trajectory142_outcome242_baseline0.10_mc100_alpha0.05_min100_profiles2b1671cb4b,games10_possessions92_source4370615271_grid20x10_trajectory142_outcome242_baseline0.10_mc100_alpha0.05_min100_profiles2b1671cb4b_plandc0cd9facf,high_y_side,quarter_1,10,b100_p02500_s200,p02500_s200,full_factorial_nested_prefix,100,2500,200,1981401840,3337975777,27.23687464261537,nested_prefix_median_v1,ok,whole_grid_cosine_dual_leakage_penalty_v2,35,165,-0.00677174236625433,0.5,1.0,0.8354220786210895,0.9160568948294632,0.16829942518700783,0.7618850459910694,0.6948210230006249,1.3873897499588008,0.28074634610047544,0.2831369899213314,
high_y_side__quarter_1__b050_p02500_s250,high_y_side__quarter_1__p02500_s250,games10_possessions92_source4370615271_grid20x10_trajectory142_outcome242_baseline0.10_mc100_alpha0.05_min100_profiles2b1671cb4b,games10_possessions92_source4370615271_grid20x10_trajectory142_outcome242_baseline0.10_mc100_alpha0.05_min100_profiles2b1671cb4b_plandc0cd9facf,high_y_side,quarter_1,5,b050_p02500_s250,p02500_s250,full_factorial_nested_prefix,50,2500,250,1813759423,2325725962,26.58113649633458,nested_prefix_median_v1,ok,whole_grid_cosine_dual_leakage_penalty_v2,35,165,-0.01382431061938405,0.5,1.0,0.8539300255679202,0.9256278703065217,0.14891737681482278,0.7877857959537836,0.726765006176931,1.4302690704950212,0.250259977486523,0.274435430765152,
high_y_side__quarter_1__b100_p02500_s250,high_y_side__quarter_1__p02500_s250,games10_possessions92_source4370615271_grid20x10_trajectory142_outcome242_baseline0.10_mc100_alpha0.05_min100_profiles2b1671cb4b,games10_possessions92_source4370615271_grid20x10_trajectory142_outcome242_baseline0.10_mc100_alpha0.05_min100_profiles2b1671cb4b_plandc0cd9facf,high_y_side,quarter_1,11,b100_p02500_s250,p02500_s250,full_factorial_nested_prefix,100,2500,250,1813759423,2325725962,26.58113649633458,nested_prefix_median_v1,ok,whole_grid_cosine_dual_leakage_penalty_v2,35,165,-0.011590775568038225,0.5,1.0,0.8474112447274034,0.9235664790338842,0.15811626013774435,0.7775356013804621,0.7134217479124355,1.3906499162381507,0.2611813882430133,0.27412939816713333,
high_y_side__quarter_1__b010_p10000_s050,high_y_side__quarter_1__p10000_s050,games10_possessions92_source4370615271_grid20x10_trajectory142_outcome242_baseline0.10_mc100_alpha0.05_min100_profiles2b1671cb4b,games10_possessions92_source4370615271_grid20x10_trajectory142_outcome242_baseline0.10_mc100_alpha0.05_min100_profiles2b1671cb4b_plandc0cd9facf,high_y_side,quarter_1,10,b010_p10000_s050,p10000_s050,full_factorial_nested_prefix,10,10000,50,3530007450,1672455019,41.70633467226047,nested_prefix_median_v1,ok,whole_grid_cosine_dual_leakage_penalty_v2,35,165,-0.045972345396876335,0.5,1.0,0.8039829295208483,0.8956047831421122,0.19413768555380462,0.7217341433719855,0.6478995443589032,4.160889241018279,1.0023863786857208,0.46847277879714966,
high_y_side__quarter_1__b050_p10000_s050,high_y_side__quarter_1__p10000_s050,games10_possessions92_source4370615271_grid20x10_trajectory142_outcome242_baseline0.10_mc100_alpha0.05_min100_profiles2b1671cb4b,games10_possessions92_source4370615271_grid20x10_trajectory142_outcome242_baseline0.10_mc100_alpha0.05_min100_profiles2b1671cb4b_plandc0cd9facf,high_y_side,quarter_1,25,b050_p10000_s050,p10000_s050,full_factorial_nested_prefix,50,10000,50,3530007450,1672455019,41.70633467226047,nested_prefix_median_v1,ok,whole_grid_cosine_dual_leakage_penalty_v2,35,165,-0.04684105142951012,0.5,1.0,0.8021129683245428,0.8950992849083031,0.19697575908135234,0.7187864238103144,0.6441161575198193,4.220292461034619,1.0352057493390403,0.47358813136816025,
high_y_side__quarter_1__b100_p10000_s050,high_y_side__quarter_1__p10000_s050,games10_possessions92_source4370615271_grid20x10_trajectory142_outcome242_baseline0.10_mc100_alpha0.05_min100_profiles2b1671cb4b,games10_possessions92_source4370615271_grid20x10_trajectory142_outcome242_baseline0.10_mc100_alpha0.05_min100_profiles2b1671cb4b_plandc0cd9facf,high_y_side,quarter_1,40,b100_p10000_s050,p10000_s050,full_factorial_nested_prefix,100,10000,50,3530007450,1672455019,41.70633467226047,nested_prefix_median_v1,ok,whole_grid_cosine_dual_leakage_penalty_v2,35,165,-0.04651821218430996,0.5,1.0,0.8005403161044485,0.8932523822971477,0.19681044804617662,0.7174509807189313,0.6429856178129041,4.203947942559985,1.0301190747879654,0.47394054383039474,
high_y_side__quarter_1__b010_p10000_s100,high_y_side__quarter_1__p10000_s100,games10_possessions92_source4370615271_grid20x10_trajectory142_outcome242_baseline0.10_mc100_alpha0.05_min100_profiles2b1671cb4b,games10_possessions92_source4370615271_grid20x10_trajectory142_outcome242_baseline0.10_mc100_alpha0.05_min100_profiles2b1671cb4b_plandc0cd9facf,high_y_side,quarter_1,11,b010_p10000_s100,p10000_s100,full_factorial_nested_prefix,10,10000,100,1611604615,2060650468,48.5233949798115,nested_prefix_median_v1,ok,whole_grid_cosine_dual_leakage_penalty_v2,35,165,-0.048203952610492706,0.5,1.0,0.8022023901202824,0.9084017117234032,0.22014831400450982,0.7084186064486853,0.6255988864449141,3.103359042366963,0.8760630683969413,0.389949481934309,
high_y_side__quarter_1__b050_p10000_s100,high_y_side__quarter_1__p10000_s100,games10_possessions92_source4370615271_grid20x10_trajectory142_outcome242_baseline0.10_mc100_alpha0.05_min100_profiles2b1671cb4b,games10_possessions92_source4370615271_grid20x10_trajectory142_outcome242_baseline0.10_mc100_alpha0.05_min100_profiles2b1671cb4b_plandc0cd9facf,high_y_side,quarter_1,26,b050_p10000_s100,p10000_s100,full_factorial_nested_prefix,50,10000,100,1611604615,2060650468,48.5233949798115,nested_prefix_median_v1,ok,whole_grid_cosine_dual_leakage_penalty_v2,35,165,-0.04518455080688,0.5,1.0,0.7959423680398069,0.9074120939617061,0.2305965679976466,0.6981659793345787,0.6124007896459077,3.0202728794182114,0.9052007457227967,0.38615531846880913,
high_y_side__quarter_1__b100_p10000_s100,high_y_side__quarter_1__p10000_s100,games10_possessions92_source4370615271_grid20x10_trajectory142_outcome242_baseline0.10_mc100_alpha0.05_min100_profiles2b1671cb4b,games10_possessions92_source4370615271_grid20x10_trajectory142_outcome242_baseline0.10_mc100_alpha0.05_min100_profiles2b1671cb4b_plandc0cd9facf,high_y_side,quarter_1,41,b100_p10000_s100,p10000_s100,full_factorial_nested_prefix,100,10000,100,1611604615,2060650468,48.5233949798115,nested_prefix_median_v1,ok,whole_grid_cosine_dual_leakage_penalty_v2,35,165,-0.04685153253376484,0.5,1.0,0.7941537901182701,0.9078097954244887,0.2347215273616868,0.6947272936885523,0.6077487995416373,3.045441656283803,0.9340792177120126,0.385583583265543,
high_y_side__quarter_1__b010_p10000_s150,high_y_side__quarter_1__p10000_s150,games10_possessions92_source4370615271_grid20x10_trajectory142_outcome242_baseline0.10_mc100_alpha0.05_min100_profiles2b1671cb4b,games10_possessions92_source4370615271_grid20x10_trajectory142_outcome242_baseline0.10_mc100_alpha0.05_min100_profiles2b1671cb4b_plandc0cd9facf,high_y_side,quarter_1,12,b010_p10000_s150,p10000_s150,full_factorial_nested_prefix,10,10000,150,4030596498,38142138,54.80754713462584,nested_prefix_median_v1,ok,whole_grid_cosine_dual_leakage_penalty_v2,35,165,-0.051565252244472504,0.5,1.0,0.8100308208824964,0.919432031623876,0.22381753420775144,0.7136470214341967,0.6287317199202953,2.7555179739912554,0.794572494979467,0.34823914617300034,
high_y_side__quarter_1__b050_p10000_s150,high_y_side__quarter_1__p10000_s150,games10_possessions92_source4370615271_grid20x10_trajectory142_outcome242_baseline0.10_mc100_alpha0.05_min100_profiles2b1671cb4b,games10_possessions92_source4370615271_grid20x10_trajectory142_outcome242_baseline0.10_mc100_alpha0.05_min100_profiles2b1671cb4b_plandc0cd9facf,high_y_side,quarter_1,27,b050_p10000_s150,p10000_s150,full_factorial_nested_prefix,50,10000,150,4030596498,38142138,54.80754713462584,nested_prefix_median_v1,ok,whole_grid_cosine_dual_leakage_penalty_v2,35,165,-0.051504552364349365,0.5,1.0,0.8097338589682893,0.9204951659900475,0.22617710492508294,0.7123002342488851,0.6265905989870263,2.739807982463515,0.8008057676611342,0.35085808858275414,
high_y_side__quarter_1__b100_p10000_s150,high_y_side__quarter_1__p10000_s150,games10_possessions92_source4370615271_grid20x10_trajectory142_outcome242_baseline0.10_mc100_alpha0.05_min100_profiles2b1671cb4b,games10_possessions92_source4370615271_grid20x10_trajectory142_outcome242_baseline0.10_mc100_alpha0.05_min100_profiles2b1671cb4b_plandc0cd9facf,high_y_side,quarter_1,42,b100_p10000_s150,p10000_s150,full_factorial_nested_prefix,100,10000,150,4030596498,38142138,54.80754713462584,nested_prefix_median_v1,ok,whole_grid_cosine_dual_leakage_penalty_v2,35,165,-0.050428446382284164,0.5,1.0,0.8082395196328981,0.9189231902075693,0.22639059591690278,0.7108876215746164,0.625261693139615,2.7262773194605003,0.7978232215505773,0.35268284007906914,
high_y_side__quarter_1__b010_p10000_s200,high_y_side__quarter_1__p10000_s200,games10_possessions92_source4370615271_grid20x10_trajectory142_outcome242_baseline0.10_mc100_alpha0.05_min100_profiles2b1671cb4b,games10_possessions92_source4370615271_grid20x10_trajectory142_outcome242_baseline0.10_mc100_alpha0.05_min100_profiles2b1671cb4b_plandc0cd9facf,high_y_side,quarter_1,13,b010_p10000_s200,p10000_s200,full_factorial_nested_prefix,10,10000,200,2766936781,3942072231,60.57074746837114,nested_prefix_median_v1,ok,whole_grid_cosine_dual_leakage_penalty_v2,35,165,-0.05009355582296848,0.5,1.0,0.8102419099773291,0.922757797162335,0.2290007428001305,0.7114455761875482,0.6246959107447243,2.4841557076767558,0.7378392352221026,0.33490292355418205,
high_y_side__quarter_1__b050_p10000_s200,high_y_side__quarter_1__p10000_s200,games10_possessions92_source4370615271_grid20x10_trajectory142_outcome242_baseline0.10_mc100_alpha0.05_min100_profiles2b1671cb4b,games10_possessions92_source4370615271_grid20x10_trajectory142_outcome242_baseline0.10_mc100_alpha0.05_min100_profiles2b1671cb4b_plandc0cd9facf,high_y_side,quarter_1,28,b050_p10000_s200,p10000_s200,full_factorial_nested_prefix,50,10000,200,2766936781,3942072231,60.57074746837114,nested_prefix_median_v1,ok,whole_grid_cosine_dual_leakage_penalty_v2,35,165,-0.046072857454419136,0.5,1.0,0.819779308564845,0.9228658109347886,0.21092771343958047,0.7282078356227492,0.646865133484182,2.41262405347326,0.6449209833571834,0.334310095757246,
high_y_side__quarter_1__b100_p10000_s200,high_y_side__quarter_1__p10000_s200,games10_possessions92_source4370615271_grid20x10_trajectory142_outcome242_baseline0.10_mc100_alpha0.05_min100_profiles2b1671cb4b,games10_possessions92_source4370615271_grid20x10_trajectory142_outcome242_baseline0.10_mc100_alpha0.05_min100_profiles2b1671cb4b_plandc0cd9facf,high_y_side,quarter_1,43,b100_p10000_s200,p10000_s200,full_factorial_nested_prefix,100,10000,200,2766936781,3942072231,60.57074746837114,nested_prefix_median_v1,ok,whole_grid_cosine_dual_leakage_penalty_v2,35,165,-0.04471381567418575,0.5,1.0,0.8179319586261197,0.9207573551057997,0.2108783448330623,0.7265895680682205,0.6454478210049788,2.4185757079068013,0.6463201697702023,0.3348855525255203,
high_y_side__quarter_1__b010_p10000_s250,high_y_side__quarter_1__p10000_s250,games10_possessions92_source4370615271_grid20x10_trajectory142_outcome242_baseline0.10_mc100_alpha0.05_min100_profiles2b1671cb4b,games10_possessions92_source4370615271_grid20x10_trajectory142_outcome242_baseline0.10_mc100_alpha0.05_min100_profiles2b1671cb4b_plandc0cd9facf,high_y_side,quarter_1,14,b010_p10000_s250,p10000_s250,full_factorial_nested_prefix,10,10000,250,2050262281,3656870318,53.75349483328287,nested_prefix_median_v1,ok,whole_grid_cosine_dual_leakage_penalty_v2,35,165,-0.05742123909294605,0.5,1.0,0.7893789139188121,0.9196340076880936,0.2632146250386953,0.6775728871816393,0.5816028390782194,2.7468296280624833,0.9812976141574702,0.3474549949169159,
high_y_side__quarter_1__b050_p10000_s250,high_y_side__quarter_1__p10000_s250,games10_possessions92_source4370615271_grid20x10_trajectory142_outcome242_baseline0.10_mc100_alpha0.05_min100_profiles2b1671cb4b,games10_possessions92_source4370615271_grid20x10_trajectory142_outcome242_baseline0.10_mc100_alpha0.05_min100_profiles2b1671cb4b_plandc0cd9facf,high_y_side,quarter_1,29,b050_p10000_s250,p10000_s250,full_factorial_nested_prefix,50,10000,250,2050262281,3656870318,53.75349483328287,nested_prefix_median_v1,ok,whole_grid_cosine_dual_leakage_penalty_v2,35,165,-0.0548310074955225,0.5,1.0,0.7919595178787293,0.9192956586996753,0.2578434123304038,0.6822613291200248,0.5877579733613363,2.676898989969384,0.9300204047300049,0.342773862183094,
high_y_side__quarter_1__b100_p10000_s250,high_y_side__quarter_1__p10000_s250,games10_possessions92_source4370615271_grid20x10_trajectory142_outcome242_baseline0.10_mc100_alpha0.05_min100_profiles2b1671cb4b,games10_possessions92_source4370615271_grid20x10_trajectory142_outcome242_baseline0.10_mc100_alpha0.05_min100_profiles2b1671cb4b_plandc0cd9facf,high_y_side,quarter_1,44,b100_p10000_s250,p10000_s250,full_factorial_nested_prefix,100,10000,250,2050262281,3656870318,53.75349483328287,nested_prefix_median_v1,ok,whole_grid_cosine_dual_leakage_penalty_v2,35,165,-0.05647651664912701,0.5,1.0,0.7922781827308958,0.9224001652279896,0.2622373763078058,0.6805123659927151,0.5845132307856293,2.6953809548193175,0.9580718879528739,0.3422372564673424,
high_y_side__quarter_2__b010_p00100_s050,high_y_side__quarter_2__p00100_s050,games10_possessions92_source4370615271_grid20x10_trajectory142_outcome242_baseline0.10_mc100_alpha0.05_min100_profiles2b1671cb4b,games10_possessions92_source4370615271_grid20x10_trajectory142_outcome242_baseline0.10_mc100_alpha0.05_min100_profiles2b1671cb4b_plandc0cd9facf,high_y_side,quarter_2,0,b010_p00100_s050,p00100_s050,full_factorial_nested_prefix,10,100,50,3626200452,2203686577,3.9835760329267553,nested_prefix_median_v1,ok,whole_grid_cosine_dual_leakage_penalty_v2,35,165,-0.007145305862650275,0.5,1.0,0.951218371677502,0.9538073252119686,0.005421304326921572,0.9486364454327474,0.9460615274032795,0.45782685431174885,0.0024955478305127747,0.13211917877197266,
high_y_side__quarter_2__b050_p00100_s050,high_y_side__quarter_2__p00100_s050,games10_possessions92_source4370615271_grid20x10_trajectory142_outcome242_baseline0.10_mc100_alpha0.05_min100_profiles2b1671cb4b,games10_possessions92_source4370615271_grid20x10_trajectory142_outcome242_baseline0.10_mc100_alpha0.05_min100_profiles2b1671cb4b_plandc0cd9facf,high_y_side,quarter_2,15,b050_p00100_s050,p00100_s050,full_factorial_nested_prefix,50,100,50,3626200452,2203686577,3.9835760329267553,nested_prefix_median_v1,ok,whole_grid_cosine_dual_leakage_penalty_v2,35,165,-0.008471553213894367,0.5,1.0,0.9777040447935949,0.9786139235658893,0.0018586610402718143,0.9767950119926897,0.9758868243766209,0.4441589220030047,0.0008270781419357888,0.128283416852355,
high_y_side__quarter_2__b100_p00100_s050,high_y_side__quarter_2__p00100_s050,games10_possessions92_source4370615271_grid20x10_trajectory142_outcome242_baseline0.10_mc100_alpha0.05_min100_profiles2b1671cb4b,games10_possessions92_source4370615271_grid20x10_trajectory142_outcome242_baseline0.10_mc100_alpha0.05_min100_profiles2b1671cb4b_plandc0cd9facf,high_y_side,quarter_2,30,b100_p00100_s050,p00100_s050,full_factorial_nested_prefix,100,100,50,3626200452,2203686577,3.9835760329267553,nested_prefix_median_v1,ok,whole_grid_cosine_dual_leakage_penalty_v2,35,165,-0.012362458277493715,0.5,1.0,0.9839253272516831,0.9849027456598565,0.001983817015448204,0.9829488788344546,0.9819733994455507,0.45385806413845686,0.000902161072722996,0.1274737138301134,
high_y_side__quarter_2__b010_p00100_s100,high_y_side__quarter_2__p00100_s100,games10_possessions92_source4370615271_grid20x10_trajectory142_outcome242_baseline0.10_mc100_alpha0.05_min100_profiles2b1671cb4b,games10_possessions92_source4370615271_grid20x10_trajectory142_outcome242_baseline0.10_mc100_alpha0.05_min100_profiles2b1671cb4b_plandc0cd9facf,high_y_side,quarter_2,1,b010_p00100_s100,p00100_s100,full_factorial_nested_prefix,10,100,100,2992400680,1874118479,4.907484351993479,nested_prefix_median_v1,ok,whole_grid_cosine_dual_leakage_penalty_v2,35,165,-0.003887469181790948,0.5,1.0,0.9860023575962468,0.9905969494869115,0.009254897389120246,0.9814290763654347,0.9768770069512629,0.22972492585897253,0.002145941081056321,0.09567435971694067,
high_y_side__quarter_2__b050_p00100_s100,high_y_side__quarter_2__p00100_s100,games10_possessions92_source4370615271_grid20x10_trajectory142_outcome242_baseline0.10_mc100_alpha0.05_min100_profiles2b1671cb4b,games10_possessions92_source4370615271_grid20x10_trajectory142_outcome242_baseline0.10_mc100_alpha0.05_min100_profiles2b1671cb4b_plandc0cd9facf,high_y_side,quarter_2,16,b050_p00100_s100,p00100_s100,full_factorial_nested_prefix,50,100,100,2992400680,1874118479,4.907484351993479,nested_prefix_median_v1,ok,whole_grid_cosine_dual_leakage_penalty_v2,35,165,-0.011678951792418957,0.5,1.0,0.9897792428111752,0.9904878583102553,0.0014303295371973165,0.9890711342702788,0.9883635323248776,0.34015412393679073,0.0004872293892531078,0.10559714494738728,
high_y_side__quarter_2__b100_p00100_s100,high_y_side__quarter_2__p00100_s100,games10_possessions92_source4370615271_grid20x10_trajectory142_outcome242_baseline0.10_mc100_alpha0.05_min100_profiles2b1671cb4b,games10_possessions92_source4370615271_grid20x10_trajectory142_outcome242_baseline0.10_mc100_alpha0.05_min100_profiles2b1671cb4b_plandc0cd9facf,high_y_side,quarter_2,31,b100_p00100_s100,p00100_s100,full_factorial_nested_prefix,100,100,100,2992400680,1874118479,4.907484351993479,nested_prefix_median_v1,ok,whole_grid_cosine_dual_leakage_penalty_v2,35,165,-0.011951005086302757,0.5,1.0,0.9902619551137869,0.9908211844661297,0.00112850137602573,0.9897030413960645,0.9891444431348151,0.37271096810519605,0.0004210800297595963,0.11098831053823233,
high_y_side__quarter_2__b010_p00100_s150,high_y_side__quarter_2__p00100_s150,games10_possessions92_source4370615271_grid20x10_trajectory142_outcome242_baseline0.10_mc100_alpha0.05_min100_profiles2b1671cb4b,games10_possessions92_source4370615271_grid20x10_trajectory142_outcome242_baseline0.10_mc100_alpha0.05_min100_profiles2b1671cb4b_plandc0cd9facf,high_y_side,quarter_2,2,b010_p00100_s150,p00100_s150,full_factorial_nested_prefix,10,100,150,4028150633,3593316352,4.76221572341114,nested_prefix_median_v1,ok,whole_grid_cosine_dual_leakage_penalty_v2,35,165,-0.02367895469069481,0.5,1.0,0.9881291126591977,0.9973346364716398,0.018375055688505736,0.9790085569863977,0.9699721851866512,0.5536725843774396,0.010364207460386165,0.13036025688052177,
high_y_side__quarter_2__b050_p00100_s150,high_y_side__quarter_2__p00100_s150,games10_possessions92_source4370615271_grid20x10_trajectory142_outcome242_baseline0.10_mc100_alpha0.05_min100_profiles2b1671cb4b,games10_possessions92_source4370615271_grid20x10_trajectory142_outcome242_baseline0.10_mc100_alpha0.05_min100_profiles2b1671cb4b_plandc0cd9facf,high_y_side,quarter_2,17,b050_p00100_s150,p00100_s150,full_factorial_nested_prefix,50,100,150,4028150633,3593316352,4.76221572341114,nested_prefix_median_v1,ok,whole_grid_cosine_dual_leakage_penalty_v2,35,165,-0.02379256021231413,0.5,1.0,0.9926498979364851,0.9941266137413786,0.002968674206808524,0.9911753757048629,0.9897030437880898,0.6756273618021441,0.0020116895733446097,0.14839541912078857,
high_y_side__quarter_2__b100_p00100_s150,high_y_side__quarter_2__p00100_s150,games10_possessions92_source4370615271_grid20x10_trajectory142_outcome242_baseline0.10_mc100_alpha0.05_min100_profiles2b1671cb4b,games10_possessions92_source4370615271_grid20x10_trajectory142_outcome242_baseline0.10_mc100_alpha0.05_min100_profiles2b1671cb4b_plandc0cd9facf,high_y_side,quarter_2,32,b100_p00100_s150,p00100_s150,full_factorial_nested_prefix,100,100,150,4028150633,3593316352,4.76221572341114,nested_prefix_median_v1,ok,whole_grid_cosine_dual_leakage_penalty_v2,35,165,-0.018157082609832287,0.5,1.0,0.9893884395928263,0.9900472480710064,0.0013304199038084513,0.988730069506462,0.9880721375201941,0.5549991769055822,0.0007393656182872552,0.13708660006523132,
high_y_side__quarter_2__b010_p00100_s200,high_y_side__quarter_2__p00100_s200,games10_possessions92_source4370615271_grid20x10_trajectory142_outcome242_baseline0.10_mc100_alpha0.05_min100_profiles2b1671cb4b,games10_possessions92_source4370615271_grid20x10_trajectory142_outcome242_baseline0.10_mc100_alpha0.05_min100_profiles2b1671cb4b_plandc0cd9facf,high_y_side,quarter_2,3,b010_p00100_s200,p00100_s200,full_factorial_nested_prefix,10,100,200,2490554124,883522769,5.136847974244802,nested_prefix_median_v1,ok,whole_grid_cosine_dual_leakage_penalty_v2,35,165,-0.0191511707380414,0.5,1.0,0.9980018481643254,0.9983118944839069,0.0006210447369392689,0.9976918981360139,0.9973820443690673,0.462942766438363,0.0002876868349954112,0.11760595627129078,
high_y_side__quarter_2__b050_p00100_s200,high_y_side__quarter_2__p00100_s200,games10_possessions92_source4370615271_grid20x10_trajectory142_outcome242_baseline0.10_mc100_alpha0.05_min100_profiles2b1671cb4b,games10_possessions92_source4370615271_grid20x10_trajectory142_outcome242_baseline0.10_mc100_alpha0.05_min100_profiles2b1671cb4b_plandc0cd9facf,high_y_side,quarter_2,18,b050_p00100_s200,p00100_s200,full_factorial_nested_prefix,50,100,200,2490554124,883522769,5.136847974244802,nested_prefix_median_v1,ok,whole_grid_cosine_dual_leakage_penalty_v2,35,165,-0.0183399161323905,0.5,1.0,0.9899226284935987,0.9911589063189222,0.0024930549671952997,0.9886878926842441,0.9874546969674937,0.44532313995512346,0.0011129898108485018,0.12144079338759184,
high_y_side__quarter_2__b100_p00100_s200,high_y_side__quarter_2__p00100_s200,games10_possessions92_source4370615271_grid20x10_trajectory142_outcome242_baseline0.10_mc100_alpha0.05_min100_profiles2b1671cb4b,games10_possessions92_source4370615271_grid20x10_trajectory142_outcome242_baseline0.10_mc100_alpha0.05_min100_profiles2b1671cb4b_plandc0cd9facf,high_y_side,quarter_2,33,b100_p00100_s200,p00100_s200,full_factorial_nested_prefix,100,100,200,2490554124,883522769,5.136847974244802,nested_prefix_median_v1,ok,whole_grid_cosine_dual_leakage_penalty_v2,35,165,-0.018499264493584633,0.5,1.0,0.9921759047629188,0.993096354741626,0.0018528381771248013,0.9912563079019974,0.9903375633681508,0.4563901219292254,0.0008471867415109373,0.1216932525858283,
high_y_side__quarter_2__b010_p00100_s250,high_y_side__quarter_2__p00100_s250,games10_possessions92_source4370615271_grid20x10_trajectory142_outcome242_baseline0.10_mc100_alpha0.05_min100_profiles2b1671cb4b,games10_possessions92_source4370615271_grid20x10_trajectory142_outcome242_baseline0.10_mc100_alpha0.05_min100_profiles2b1671cb4b_plandc0cd9facf,high_y_side,quarter_2,4,b010_p00100_s250,p00100_s250,full_factorial_nested_prefix,10,100,250,1149619297,3832041265,4.902586259764301,nested_prefix_median_v1,ok,whole_grid_cosine_dual_leakage_penalty_v2,35,165,-0.0008797769551165402,0.5,1.0,0.9714684019705162,0.972416340368346,0.0019487051382957017,0.9705213876493075,0.9695752965039044,0.20099052958223632,0.00039243601983398094,0.08971954855223885,
high_y_side__quarter_2__b050_p00100_s250,high_y_side__quarter_2__p00100_s250,games10_possessions92_source4370615271_grid20x10_trajectory142_outcome242_baseline0.10_mc100_alpha0.05_min100_profiles2b1671cb4b,games10_possessions92_source4370615271_grid20x10_trajectory142_outcome242_baseline0.10_mc100_alpha0.05_min100_profiles2b1671cb4b_plandc0cd9facf,high_y_side,quarter_2,19,b050_p00100_s250,p00100_s250,full_factorial_nested_prefix,50,100,250,1149619297,3832041265,4.902586259764301,nested_prefix_median_v1,ok,whole_grid_cosine_dual_leakage_penalty_v2,35,165,-0.02245834469795227,0.5,1.0,0.9901717490389664,0.9928794364457638,0.0054467747690984565,0.9874714457825743,0.9847785065392268,0.4891411241729433,0.002678832531114759,0.12505824682302774,
high_y_side__quarter_2__b100_p00100_s250,high_y_side__quarter_2__p00100_s250,games10_possessions92_source4370615271_grid20x10_trajectory142_outcome242_baseline0.10_mc100_alpha0.05_min100_profiles2b1671cb4b,games10_possessions92_source4370615271_grid20x10_trajectory142_outcome242_baseline0.10_mc100_alpha0.05_min100_profiles2b1671cb4b_plandc0cd9facf,high_y_side,quarter_2,34,b100_p00100_s250,p00100_s250,full_factorial_nested_prefix,100,100,250,1149619297,3832041265,4.902586259764301,nested_prefix_median_v1,ok,whole_grid_cosine_dual_leakage_penalty_v2,35,165,-0.018035223707556725,0.5,1.0,0.9903279799205212,0.9912028390298719,0.0017644683595097336,0.9894538929825476,0.9885805775344143,0.4678920525225458,0.0008270400082687373,0.12248227465897799,
high_y_side__quarter_2__b010_p01000_s050,high_y_side__quarter_2__p01000_s050,games10_possessions92_source4370615271_grid20x10_trajectory142_outcome242_baseline0.10_mc100_alpha0.05_min100_profiles2b1671cb4b,games10_possessions92_source4370615271_grid20x10_trajectory142_outcome242_baseline0.10_mc100_alpha0.05_min100_profiles2b1671cb4b_plandc0cd9facf,high_y_side,quarter_2,5,b010_p01000_s050,p01000_s050,full_factorial_nested_prefix,10,1000,50,3687190213,1880612110,13.575371397060085,nested_prefix_median_v1,ok,whole_grid_cosine_dual_leakage_penalty_v2,35,165,-0.047757893800735474,0.5,1.0,0.9857214199174258,0.990388576375412,0.009402692435621899,0.9810762572000005,0.9764529845787377,2.546683596457884,0.02417297362458327,0.2972992490977049,
high_y_side__quarter_2__b050_p01000_s050,high_y_side__quarter_2__p01000_s050,games10_possessions92_source4370615271_grid20x10_trajectory142_outcome242_baseline0.10_mc100_alpha0.05_min100_profiles2b1671cb4b,games10_possessions92_source4370615271_grid20x10_trajectory142_outcome242_baseline0.10_mc100_alpha0.05_min100_profiles2b1671cb4b_plandc0cd9facf,high_y_side,quarter_2,20,b050_p01000_s050,p01000_s050,full_factorial_nested_prefix,50,1000,50,3687190213,1880612110,13.575371397060085,nested_prefix_median_v1,ok,whole_grid_cosine_dual_leakage_penalty_v2,35,165,-0.04313891939818859,0.5,1.0,0.9811306665417722,0.9846139320508707,0.007062878205100204,0.9776597237697506,0.9742010601406988,2.3487996693670588,0.016707287529880297,0.2895802933722734,
high_y_side__quarter_2__b100_p01000_s050,high_y_side__quarter_2__p01000_s050,games10_possessions92_source4370615271_grid20x10_trajectory142_outcome242_baseline0.10_mc100_alpha0.05_min100_profiles2b1671cb4b,games10_possessions92_source4370615271_grid20x10_trajectory142_outcome242_baseline0.10_mc100_alpha0.05_min100_profiles2b1671cb4b_plandc0cd9facf,high_y_side,quarter_2,35,b100_p01000_s050,p01000_s050,full_factorial_nested_prefix,100,1000,50,3687190213,1880612110,13.575371397060085,nested_prefix_median_v1,ok,whole_grid_cosine_dual_leakage_penalty_v2,35,165,-0.044115228578448296,0.5,1.0,0.9831183915162631,0.9856240025744502,0.005077851641553534,0.9806191501150229,0.9781262621780609,2.444912947862014,0.012478268019503198,0.2975979711860418,
high_y_side__quarter_2__b010_p01000_s100,high_y_side__quarter_2__p01000_s100,games10_possessions92_source4370615271_grid20x10_trajectory142_outcome242_baseline0.10_mc100_alpha0.05_min100_profiles2b1671cb4b,games10_possessions92_source4370615271_grid20x10_trajectory142_outcome242_baseline0.10_mc100_alpha0.05_min100_profiles2b1671cb4b_plandc0cd9facf,high_y_side,quarter_2,6,b010_p01000_s100,p01000_s100,full_factorial_nested_prefix,10,1000,100,2261497806,1778824526,14.508783616508117,nested_prefix_median_v1,ok,whole_grid_cosine_dual_leakage_penalty_v2,35,165,-0.043707506731152534,0.5,1.0,0.9736329911117927,0.9776127875264257,0.008125294027466702,0.969669396182762,0.9657219367841674,2.0942933594091895,0.017156148072437975,0.2832479365170002,
high_y_side__quarter_2__b050_p01000_s100,high_y_side__quarter_2__p01000_s100,games10_possessions92_source4370615271_grid20x10_trajectory142_outcome242_baseline0.10_mc100_alpha0.05_min100_profiles2b1671cb4b,games10_possessions92_source4370615271_grid20x10_trajectory142_outcome242_baseline0.10_mc100_alpha0.05_min100_profiles2b1671cb4b_plandc0cd9facf,high_y_side,quarter_2,21,b050_p01000_s100,p01000_s100,full_factorial_nested_prefix,50,1000,100,2261497806,1778824526,14.508783616508117,nested_prefix_median_v1,ok,whole_grid_cosine_dual_leakage_penalty_v2,35,165,-0.04623250477015972,0.5,1.0,0.9827694592764794,0.9866452860314795,0.007841144387067102,0.9789088578848876,0.9750634220470927,2.207693408216145,0.017447652337391904,0.28530864603817463,
high_y_side__quarter_2__b100_p01000_s100,high_y_side__quarter_2__p01000_s100,games10_possessions92_source4370615271_grid20x10_trajectory142_outcome242_baseline0.10_mc100_alpha0.05_min100_profiles2b1671cb4b,games10_possessions92_source4370615271_grid20x10_trajectory142_outcome242_baseline0.10_mc100_alpha0.05_min100_profiles2b1671cb4b_plandc0cd9facf,high_y_side,quarter_2,36,b100_p01000_s100,p01000_s100,full_factorial_nested_prefix,100,1000,100,2261497806,1778824526,14.508783616508117,nested_prefix_median_v1,ok,whole_grid_cosine_dual_leakage_penalty_v2,35,165,-0.046226879581809044,0.5,1.0,0.9828993424217711,0.9871307286779394,0.00855472756933594,0.9786860942187794,0.9744909063192734,2.1578061804343647,0.018618722116440656,0.2809587735682726,
high_y_side__quarter_2__b500_p01000_s100,high_y_side__quarter_2__p01000_s100,games10_possessions92_source4370615271_grid20x10_trajectory142_outcome242_baseline0.10_mc100_alpha0.05_min100_profiles2b1671cb4b,games10_possessions92_source4370615271_grid20x10_trajectory142_outcome242_baseline0.10_mc100_alpha0.05_min100_profiles2b1671cb4b_plandc0cd9facf,high_y_side,quarter_2,12,b500_p01000_s100,p01000_s100,targeted_nested_prefix,500,1000,100,2261497806,1778824526,14.508783616508117,nested_prefix_median_v1,ok,whole_grid_cosine_dual_leakage_penalty_v2,35,165,-0.04660801775753498,0.5,1.0,0.9833046460189548,0.9877266346985155,0.00893382854115372,0.9789024542985882,0.9745199709077016,2.1989004269563184,0.01982168291001263,0.2835078686475754,
high_y_side__quarter_2__b010_p01000_s150,high_y_side__quarter_2__p01000_s150,games10_possessions92_source4370615271_grid20x10_trajectory142_outcome242_baseline0.10_mc100_alpha0.05_min100_profiles2b1671cb4b,games10_possessions92_source4370615271_grid20x10_trajectory142_outcome242_baseline0.10_mc100_alpha0.05_min100_profiles2b1671cb4b_plandc0cd9facf,high_y_side,quarter_2,7,b010_p01000_s150,p01000_s150,full_factorial_nested_prefix,10,1000,150,4158371063,2907760287,17.6283564711403,nested_prefix_median_v1,ok,whole_grid_cosine_dual_leakage_penalty_v2,35,165,-0.043479425832629204,0.5,1.0,0.9803195711423469,0.9885771603658938,0.016636235823124495,0.972130957596692,0.9640107435747985,1.8633878189806523,0.0315242032661719,0.2592810243368149,
high_y_side__quarter_2__b050_p01000_s150,high_y_side__quarter_2__p01000_s150,games10_possessions92_source4370615271_grid20x10_trajectory142_outcome242_baseline0.10_mc100_alpha0.05_min100_profiles2b1671cb4b,games10_possessions92_source4370615271_grid20x10_trajectory142_outcome242_baseline0.10_mc100_alpha0.05_min100_profiles2b1671cb4b_plandc0cd9facf,high_y_side,quarter_2,22,b050_p01000_s150,p01000_s150,full_factorial_nested_prefix,50,1000,150,4158371063,2907760287,17.6283564711403,nested_prefix_median_v1,ok,whole_grid_cosine_dual_leakage_penalty_v2,35,165,-0.04209721460938454,0.5,1.0,0.9865667032251975,0.9904229272407721,0.0077718654961983,0.9827254934659059,0.9788992395047034,1.8199914974232896,0.014255521114881414,0.25469357147812843,
high_y_side__quarter_2__b100_p01000_s150,high_y_side__quarter_2__p01000_s150,games10_possessions92_source4370615271_grid20x10_trajectory142_outcome242_baseline0.10_mc100_alpha0.05_min100_profiles2b1671cb4b,games10_possessions92_source4370615271_grid20x10_trajectory142_outcome242_baseline0.10_mc100_alpha0.05_min100_profiles2b1671cb4b_plandc0cd9facf,high_y_side,quarter_2,37,b100_p01000_s150,p01000_s150,full_factorial_nested_prefix,100,1000,150,4158371063,2907760287,17.6283564711403,nested_prefix_median_v1,ok,whole_grid_cosine_dual_leakage_penalty_v2,35,165,-0.042374828830361366,0.5,1.0,0.9886622331843127,0.9919864325215227,0.006690876899019845,0.9853491734160235,0.9820472158873664,1.8731862081516215,0.012617681682573378,0.2552140895277262,
high_y_side__quarter_2__b010_p01000_s200,high_y_side__quarter_2__p01000_s200,games10_possessions92_source4370615271_grid20x10_trajectory142_outcome242_baseline0.10_mc100_alpha0.05_min100_profiles2b1671cb4b,games10_possessions92_source4370615271_grid20x10_trajectory142_outcome242_baseline0.10_mc100_alpha0.05_min100_profiles2b1671cb4b_plandc0cd9facf,high_y_side,quarter_2,8,b010_p01000_s200,p01000_s200,full_factorial_nested_prefix,10,1000,200,3531618443,294502376,16.49101955623294,nested_prefix_median_v1,ok,whole_grid_cosine_dual_leakage_penalty_v2,35,165,-0.04255320690572262,0.5,1.0,0.9862492573658462,0.9922278194703913,0.012014479731005457,0.9803067184448246,0.974399985653505,1.7998717034949119,0.02188748889170184,0.2510352712124586,
high_y_side__quarter_2__b050_p01000_s200,high_y_side__quarter_2__p01000_s200,games10_possessions92_source4370615271_grid20x10_trajectory142_outcome242_baseline0.10_mc100_alpha0.05_min100_profiles2b1671cb4b,games10_possessions92_source4370615271_grid20x10_trajectory142_outcome242_baseline0.10_mc100_alpha0.05_min100_profiles2b1671cb4b_plandc0cd9facf,high_y_side,quarter_2,23,b050_p01000_s200,p01000_s200,full_factorial_nested_prefix,50,1000,200,3531618443,294502376,16.49101955623294,nested_prefix_median_v1,ok,whole_grid_cosine_dual_leakage_penalty_v2,35,165,-0.04510677047073841,0.5,1.0,0.9881170030176891,0.9926061635809603,0.009024745944542613,0.9836481451316551,0.9791994981019716,1.9462763826943048,0.017724609993840002,0.2605051938444376,
high_y_side__quarter_2__b100_p01000_s200,high_y_side__quarter_2__p01000_s200,games10_possessions92_source4370615271_grid20x10_trajectory142_outcome242_baseline0.10_mc100_alpha0.05_min100_profiles2b1671cb4b,games10_possessions92_source4370615271_grid20x10_trajectory142_outcome242_baseline0.10_mc100_alpha0.05_min100_profiles2b1671cb4b_plandc0cd9facf,high_y_side,quarter_2,38,b100_p01000_s200,p01000_s200,full_factorial_nested_prefix,100,1000,200,3531618443,294502376,16.49101955623294,nested_prefix_median_v1,ok,whole_grid_cosine_dual_leakage_penalty_v2,35,165,-0.04579892009496689,0.5,1.0,0.9867812086183453,0.9917486528559931,0.00999245892027733,0.9818386451830893,0.9769208379279248,1.9395082763863165,0.01957606985113611,0.2613537013530731,
high_y_side__quarter_2__b010_p01000_s250,high_y_side__quarter_2__p01000_s250,games10_possessions92_source4370615271_grid20x10_trajectory142_outcome242_baseline0.10_mc100_alpha0.05_min100_profiles2b1671cb4b,games10_possessions92_source4370615271_grid20x10_trajectory142_outcome242_baseline0.10_mc100_alpha0.05_min100_profiles2b1671cb4b_plandc0cd9facf,high_y_side,quarter_2,9,b010_p01000_s250,p01000_s250,full_factorial_nested_prefix,10,1000,250,2896701537,1377020871,18.632461944873462,nested_prefix_median_v1,ok,whole_grid_cosine_dual_leakage_penalty_v2,35,165,-0.042482318356633186,0.5,1.0,0.9940950951564446,0.9946346291364863,0.0010845945448697547,0.9935558538435864,0.9930169050391561,1.744008519206674,0.0018935959099320376,0.24383382685482502,
high_y_side__quarter_2__b050_p01000_s250,high_y_side__quarter_2__p01000_s250,games10_possessions92_source4370615271_grid20x10_trajectory142_outcome242_baseline0.10_mc100_alpha0.05_min100_profiles2b1671cb4b,games10_possessions92_source4370615271_grid20x10_trajectory142_outcome242_baseline0.10_mc100_alpha0.05_min100_profiles2b1671cb4b_plandc0cd9facf,high_y_side,quarter_2,24,b050_p01000_s250,p01000_s250,full_factorial_nested_prefix,50,1000,250,2896701537,1377020871,18.632461944873462,nested_prefix_median_v1,ok,whole_grid_cosine_dual_leakage_penalty_v2,35,165,-0.04282902181148529,0.5,1.0,0.990745659619087,0.9944324535854874,0.0074011254924623675,0.987072534202724,0.9834130266611337,1.7138072967414422,0.012778679483566938,0.2414141371846199,
high_y_side__quarter_2__b100_p01000_s250,high_y_side__quarter_2__p01000_s250,games10_possessions92_source4370615271_grid20x10_trajectory142_outcome242_baseline0.10_mc100_alpha0.05_min100_profiles2b1671cb4b,games10_possessions92_source4370615271_grid20x10_trajectory142_outcome242_baseline0.10_mc100_alpha0.05_min100_profiles2b1671cb4b_plandc0cd9facf,high_y_side,quarter_2,39,b100_p01000_s250,p01000_s250,full_factorial_nested_prefix,100,1000,250,2896701537,1377020871,18.632461944873462,nested_prefix_median_v1,ok,whole_grid_cosine_dual_leakage_penalty_v2,35,165,-0.042994385585188866,0.5,1.0,0.989573398687116,0.9936782801434906,0.008244927785687813,0.9854854744815011,0.9814144374763031,1.7070748223755337,0.014191718328021484,0.24247239343822002,
high_y_side__quarter_2__b050_p02500_s150,high_y_side__quarter_2__p02500_s150,games10_possessions92_source4370615271_grid20x10_trajectory142_outcome242_baseline0.10_mc100_alpha0.05_min100_profiles2b1671cb4b,games10_possessions92_source4370615271_grid20x10_trajectory142_outcome242_baseline0.10_mc100_alpha0.05_min100_profiles2b1671cb4b_plandc0cd9facf,high_y_side,quarter_2,3,b050_p02500_s150,p02500_s150,full_factorial_nested_prefix,50,2500,150,839507654,3351567330,24.07626870285974,nested_prefix_median_v1,ok,whole_grid_cosine_dual_leakage_penalty_v2,35,165,-0.05308385752141476,0.5,1.0,0.9737040577433638,0.9801434499676219,0.013096530542640702,0.9673069713389518,0.9609519128116346,2.7072369977571453,0.03592591689518351,0.32727205380797386,
high_y_side__quarter_2__b100_p02500_s150,high_y_side__quarter_2__p02500_s150,games10_possessions92_source4370615271_grid20x10_trajectory142_outcome242_baseline0.10_mc100_alpha0.05_min100_profiles2b1671cb4b,games10_possessions92_source4370615271_grid20x10_trajectory142_outcome242_baseline0.10_mc100_alpha0.05_min100_profiles2b1671cb4b_plandc0cd9facf,high_y_side,quarter_2,9,b100_p02500_s150,p02500_s150,full_factorial_nested_prefix,100,2500,150,839507654,3351567330,24.07626870285974,nested_prefix_median_v1,ok,whole_grid_cosine_dual_leakage_penalty_v2,35,165,-0.05308385752141476,0.5,1.0,0.9719996952880935,0.9784843210054948,0.013210509509611711,0.9655580445778457,0.9591590840701505,2.7248801064837536,0.036478960210010486,0.33230557665228844,
high_y_side__quarter_2__b050_p02500_s200,high_y_side__quarter_2__p02500_s200,games10_possessions92_source4370615271_grid20x10_trajectory142_outcome242_baseline0.10_mc100_alpha0.05_min100_profiles2b1671cb4b,games10_possessions92_source4370615271_grid20x10_trajectory142_outcome242_baseline0.10_mc100_alpha0.05_min100_profiles2b1671cb4b_plandc0cd9facf,high_y_side,quarter_2,4,b050_p02500_s200,p02500_s200,full_factorial_nested_prefix,50,2500,200,3001684622,2866071822,28.07945488809393,nested_prefix_median_v1,ok,whole_grid_cosine_dual_leakage_penalty_v2,35,165,-0.05267998389899731,0.5,1.0,0.9771833330334765,0.9849912462666756,0.015790936303182998,0.9694373122376856,0.9617526932650129,2.435840531559787,0.03908133352693936,0.3038061838597059,
high_y_side__quarter_2__b100_p02500_s200,high_y_side__quarter_2__p02500_s200,games10_possessions92_source4370615271_grid20x10_trajectory142_outcome242_baseline0.10_mc100_alpha0.05_min100_profiles2b1671cb4b,games10_possessions92_source4370615271_grid20x10_trajectory142_outcome242_baseline0.10_mc100_alpha0.05_min100_profiles2b1671cb4b_plandc0cd9facf,high_y_side,quarter_2,10,b100_p02500_s200,p02500_s200,full_factorial_nested_prefix,100,2500,200,3001684622,2866071822,28.07945488809393,nested_prefix_median_v1,ok,whole_grid_cosine_dual_leakage_penalty_v2,35,165,-0.05154310166835785,0.5,1.0,0.9751225760671121,0.9824397726778226,0.01484049735860623,0.9678598778264075,0.9606512720526708,2.4208928860153343,0.036468464633444234,0.30601806938648224,
high_y_side__quarter_2__b050_p02500_s250,high_y_side__quarter_2__p02500_s250,games10_possessions92_source4370615271_grid20x10_trajectory142_outcome242_baseline0.10_mc100_alpha0.05_min100_profiles2b1671cb4b,games10_possessions92_source4370615271_grid20x10_trajectory142_outcome242_baseline0.10_mc100_alpha0.05_min100_profiles2b1671cb4b_plandc0cd9facf,high_y_side,quarter_2,5,b050_p02500_s250,p02500_s250,full_factorial_nested_prefix,50,2500,250,1780359904,1217718016,29.019463354984328,nested_prefix_median_v1,ok,whole_grid_cosine_dual_leakage_penalty_v2,35,165,-0.053112566471099854,0.5,1.0,0.9766862000597457,0.9847988465156797,0.01640788068461342,0.9686403845437056,0.9606608494228569,2.41089096740367,0.040217495199438034,0.3025421258062124,
high_y_side__quarter_2__b100_p02500_s250,high_y_side__quarter_2__p02500_s250,games10_possessions92_source4370615271_grid20x10_trajectory142_outcome242_baseline0.10_mc100_alpha0.05_min100_profiles2b1671cb4b,games10_possessions92_source4370615271_grid20x10_trajectory142_outcome242_baseline0.10_mc100_alpha0.05_min100_profiles2b1671cb4b_plandc0cd9facf,high_y_side,quarter_2,11,b100_p02500_s250,p02500_s250,full_factorial_nested_prefix,100,2500,250,1780359904,1217718016,29.019463354984328,nested_prefix_median_v1,ok,whole_grid_cosine_dual_leakage_penalty_v2,35,165,-0.051830654963850975,0.5,1.0,0.9752363466081472,0.9830714340012214,0.015876495375142245,0.9674637049258665,0.9597530112615523,2.4021636904598136,0.038753205814810635,0.3039179779589176,
high_y_side__quarter_2__b010_p10000_s050,high_y_side__quarter_2__p10000_s050,games10_possessions92_source4370615271_grid20x10_trajectory142_outcome242_baseline0.10_mc100_alpha0.05_min100_profiles2b1671cb4b,games10_possessions92_source4370615271_grid20x10_trajectory142_outcome242_baseline0.10_mc100_alpha0.05_min100_profiles2b1671cb4b_plandc0cd9facf,high_y_side,quarter_2,10,b010_p10000_s050,p10000_s050,full_factorial_nested_prefix,10,10000,50,3230771700,4187308831,41.24197896469219,nested_prefix_median_v1,ok,whole_grid_cosine_dual_leakage_penalty_v2,35,165,-0.0756012573838234,0.5,1.0,0.9257769198590013,0.9400963313023584,0.030231701512828467,0.9116756196211205,0.8977891083503583,5.458963234507042,0.17017853371013722,0.4868500122800456,
high_y_side__quarter_2__b050_p10000_s050,high_y_side__quarter_2__p10000_s050,games10_possessions92_source4370615271_grid20x10_trajectory142_outcome242_baseline0.10_mc100_alpha0.05_min100_profiles2b1671cb4b,games10_possessions92_source4370615271_grid20x10_trajectory142_outcome242_baseline0.10_mc100_alpha0.05_min100_profiles2b1671cb4b_plandc0cd9facf,high_y_side,quarter_2,25,b050_p10000_s050,p10000_s050,full_factorial_nested_prefix,50,10000,50,3230771700,4187308831,41.24197896469219,nested_prefix_median_v1,ok,whole_grid_cosine_dual_leakage_penalty_v2,35,165,-0.07441140338778496,0.5,1.0,0.9245564999312539,0.9374110746089908,0.027237651901895123,0.9118781980698099,0.8993737518224919,5.441910246627997,0.15237519962487373,0.48568441718816685,
high_y_side__quarter_2__b100_p10000_s050,high_y_side__quarter_2__p10000_s050,games10_possessions92_source4370615271_grid20x10_trajectory142_outcome242_baseline0.10_mc100_alpha0.05_min100_profiles2b1671cb4b,games10_possessions92_source4370615271_grid20x10_trajectory142_outcome242_baseline0.10_mc100_alpha0.05_min100_profiles2b1671cb4b_plandc0cd9facf,high_y_side,quarter_2,40,b100_p10000_s050,p10000_s050,full_factorial_nested_prefix,100,10000,50,3230771700,4187308831,41.24197896469219,nested_prefix_median_v1,ok,whole_grid_cosine_dual_leakage_penalty_v2,35,165,-0.07406111061573029,0.5,1.0,0.9228427599194141,0.9357596048968839,0.02741664733803417,0.910104213816248,0.8975415054222454,5.4009108548101405,0.15224902606569257,0.4902959875762454,
high_y_side__quarter_2__b010_p10000_s100,high_y_side__quarter_2__p10000_s100,games10_possessions92_source4370615271_grid20x10_trajectory142_outcome242_baseline0.10_mc100_alpha0.05_min100_profiles2b1671cb4b,games10_possessions92_source4370615271_grid20x10_trajectory142_outcome242_baseline0.10_mc100_alpha0.05_min100_profiles2b1671cb4b_plandc0cd9facf,high_y_side,quarter_2,11,b010_p10000_s100,p10000_s100,full_factorial_nested_prefix,10,10000,100,1661703445,3583474708,46.15339921967635,nested_prefix_median_v1,ok,whole_grid_cosine_dual_leakage_penalty_v2,35,165,-0.0668228454887867,0.5,1.0,0.9340221270904713,0.9478576632320269,0.028980216146483675,0.9203885432754618,0.906953963961791,4.1763342193455015,0.12464325690283465,0.47364593483507605,
high_y_side__quarter_2__b050_p10000_s100,high_y_side__quarter_2__p10000_s100,games10_possessions92_source4370615271_grid20x10_trajectory142_outcome242_baseline0.10_mc100_alpha0.05_min100_profiles2b1671cb4b,games10_possessions92_source4370615271_grid20x10_trajectory142_outcome242_baseline0.10_mc100_alpha0.05_min100_profiles2b1671cb4b_plandc0cd9facf,high_y_side,quarter_2,26,b050_p10000_s100,p10000_s100,full_factorial_nested_prefix,50,10000,100,1661703445,3583474708,46.15339921967635,nested_prefix_median_v1,ok,whole_grid_cosine_dual_leakage_penalty_v2,35,165,-0.06656943634152412,0.5,1.0,0.9345253738810587,0.9473911482927375,0.026976005529826343,0.9218343194374843,0.9093156122274803,4.257494302085837,0.11803428331570523,0.4890771390870213,
high_y_side__quarter_2__b100_p10000_s100,high_y_side__quarter_2__p10000_s100,games10_possessions92_source4370615271_grid20x10_trajectory142_outcome242_baseline0.10_mc100_alpha0.05_min100_profiles2b1671cb4b,games10_possessions92_source4370615271_grid20x10_trajectory142_outcome242_baseline0.10_mc100_alpha0.05_min100_profiles2b1671cb4b_plandc0cd9facf,high_y_side,quarter_2,41,b100_p10000_s100,p10000_s100,full_factorial_nested_prefix,100,10000,100,1661703445,3583474708,46.15339921967635,nested_prefix_median_v1,ok,whole_grid_cosine_dual_leakage_penalty_v2,35,165,-0.0662948228418827,0.5,1.0,0.9332232156018143,0.9460231897111837,0.026877523777771285,0.9205964289353983,0.9081404864345084,4.255404330314239,0.11753374715592578,0.4872937103733419,
high_y_side__quarter_2__b010_p10000_s150,high_y_side__quarter_2__p10000_s150,games10_possessions92_source4370615271_grid20x10_trajectory142_outcome242_baseline0.10_mc100_alpha0.05_min100_profiles2b1671cb4b,games10_possessions92_source4370615271_grid20x10_trajectory142_outcome242_baseline0.10_mc100_alpha0.05_min100_profiles2b1671cb4b_plandc0cd9facf,high_y_side,quarter_2,12,b010_p10000_s150,p10000_s150,full_factorial_nested_prefix,10,10000,150,3875731359,3626848958,49.48966952655986,nested_prefix_median_v1,ok,whole_grid_cosine_dual_leakage_penalty_v2,35,165,-0.06360583007335663,0.5,1.0,0.931412997490758,0.9458557731238713,0.030305906720972994,0.9171907562920855,0.9031856820701012,3.781177166449086,0.11817335311838949,0.46667810678482036,
high_y_side__quarter_2__b050_p10000_s150,high_y_side__quarter_2__p10000_s150,games10_possessions92_source4370615271_grid20x10_trajectory142_outcome242_baseline0.10_mc100_alpha0.05_min100_profiles2b1671cb4b,games10_possessions92_source4370615271_grid20x10_trajectory142_outcome242_baseline0.10_mc100_alpha0.05_min100_profiles2b1671cb4b_plandc0cd9facf,high_y_side,quarter_2,27,b050_p10000_s150,p10000_s150,full_factorial_nested_prefix,50,10000,150,3875731359,3626848958,49.48966952655986,nested_prefix_median_v1,ok,whole_grid_cosine_dual_leakage_penalty_v2,35,165,-0.06242626532912254,0.5,1.0,0.9330899143184517,0.9468971925699939,0.028950581412964523,0.9194839683067888,0.9060764187883593,3.788609318063918,0.11295248254627793,0.47346931435167783,
high_y_side__quarter_2__b100_p10000_s150,high_y_side__quarter_2__p10000_s150,games10_possessions92_source4370615271_grid20x10_trajectory142_outcome242_baseline0.10_mc100_alpha0.05_min100_profiles2b1671cb4b,games10_possessions92_source4370615271_grid20x10_trajectory142_outcome242_baseline0.10_mc100_alpha0.05_min100_profiles2b1671cb4b_plandc0cd9facf,high_y_side,quarter_2,42,b100_p10000_s150,p10000_s150,full_factorial_nested_prefix,100,10000,150,3875731359,3626848958,49.48966952655986,nested_prefix_median_v1,ok,whole_grid_cosine_dual_leakage_penalty_v2,35,165,-0.06245800293982029,0.5,1.0,0.9340924135700569,0.9481058901873796,0.029342531639421115,0.9202860631070349,0.9066837773707342,3.7698528776671836,0.1139609295189806,0.46998176928609603,
high_y_side__quarter_2__b010_p10000_s200,high_y_side__quarter_2__p10000_s200,games10_possessions92_source4370615271_grid20x10_trajectory142_outcome242_baseline0.10_mc100_alpha0.05_min100_profiles2b1671cb4b,games10_possessions92_source4370615271_grid20x10_trajectory142_outcome242_baseline0.10_mc100_alpha0.05_min100_profiles2b1671cb4b_plandc0cd9facf,high_y_side,quarter_2,13,b010_p10000_s200,p10000_s200,full_factorial_nested_prefix,10,10000,200,2072398969,4004585983,48.20579225664835,nested_prefix_median_v1,ok,whole_grid_cosine_dual_leakage_penalty_v2,35,165,-0.064548809081316,0.5,1.0,0.926255788037114,0.9462842448673469,0.04188276848322645,0.906651240920243,0.887461631310507,3.5746262491773346,0.15625983823644177,0.4647612772881984,
high_y_side__quarter_2__b050_p10000_s200,high_y_side__quarter_2__p10000_s200,games10_possessions92_source4370615271_grid20x10_trajectory142_outcome242_baseline0.10_mc100_alpha0.05_min100_profiles2b1671cb4b,games10_possessions92_source4370615271_grid20x10_trajectory142_outcome242_baseline0.10_mc100_alpha0.05_min100_profiles2b1671cb4b_plandc0cd9facf,high_y_side,quarter_2,28,b050_p10000_s200,p10000_s200,full_factorial_nested_prefix,50,10000,200,2072398969,4004585983,48.20579225664835,nested_prefix_median_v1,ok,whole_grid_cosine_dual_leakage_penalty_v2,35,165,-0.062412064522504807,0.5,1.0,0.9279987347384975,0.9459268507391715,0.0375467099446279,0.9104104096456325,0.8931554354162894,3.629365441472211,0.1415868519771734,0.4686454825103282,
high_y_side__quarter_2__b100_p10000_s200,high_y_side__quarter_2__p10000_s200,games10_possessions92_source4370615271_grid20x10_trajectory142_outcome242_baseline0.10_mc100_alpha0.05_min100_profiles2b1671cb4b,games10_possessions92_source4370615271_grid20x10_trajectory142_outcome242_baseline0.10_mc100_alpha0.05_min100_profiles2b1671cb4b_plandc0cd9facf,high_y_side,quarter_2,43,b100_p10000_s200,p10000_s200,full_factorial_nested_prefix,100,10000,200,2072398969,4004585983,48.20579225664835,nested_prefix_median_v1,ok,whole_grid_cosine_dual_leakage_penalty_v2,35,165,-0.0633387565612793,0.5,1.0,0.9284590214379007,0.9462519281945023,0.03725354996730289,0.9110006847058517,0.8938706268901707,3.671140481457128,0.14205507105043771,0.4668488487601279,
high_y_side__quarter_2__b010_p10000_s250,high_y_side__quarter_2__p10000_s250,games10_possessions92_source4370615271_grid20x10_trajectory142_outcome242_baseline0.10_mc100_alpha0.05_min100_profiles2b1671cb4b,games10_possessions92_source4370615271_grid20x10_trajectory142_outcome242_baseline0.10_mc100_alpha0.05_min100_profiles2b1671cb4b_plandc0cd9facf,high_y_side,quarter_2,14,b010_p10000_s250,p10000_s250,full_factorial_nested_prefix,10,10000,250,4027075343,1972508152,56.496388566745765,nested_prefix_median_v1,ok,whole_grid_cosine_dual_leakage_penalty_v2,35,165,-0.06151675246655941,0.5,1.0,0.9386477770119006,0.9538796412824424,0.0316816711542291,0.9236591401666179,0.9089098468109613,3.3833465386097377,0.11069714291663041,0.41626493260264397,
high_y_side__quarter_2__b050_p10000_s250,high_y_side__quarter_2__p10000_s250,games10_possessions92_source4370615271_grid20x10_trajectory142_outcome242_baseline0.10_mc100_alpha0.05_min100_profiles2b1671cb4b,games10_possessions92_source4370615271_grid20x10_trajectory142_outcome242_baseline0.10_mc100_alpha0.05_min100_profiles2b1671cb4b_plandc0cd9facf,high_y_side,quarter_2,29,b050_p10000_s250,p10000_s250,full_factorial_nested_prefix,50,10000,250,4027075343,1972508152,56.496388566745765,nested_prefix_median_v1,ok,whole_grid_cosine_dual_leakage_penalty_v2,35,165,-0.06181737966835499,0.5,1.0,0.9415199153812478,0.9560432228436481,0.030151346548908574,0.9272172323159538,0.9131318221298886,3.3363495193809194,0.10372281304838828,0.41457370296120644,
high_y_side__quarter_2__b100_p10000_s250,high_y_side__quarter_2__p10000_s250,games10_possessions92_source4370615271_grid20x10_trajectory142_outcome242_baseline0.10_mc100_alpha0.05_min100_profiles2b1671cb4b,games10_possessions92_source4370615271_grid20x10_trajectory142_outcome242_baseline0.10_mc100_alpha0.05_min100_profiles2b1671cb4b_plandc0cd9facf,high_y_side,quarter_2,44,b100_p10000_s250,p10000_s250,full_factorial_nested_prefix,100,10000,250,4027075343,1972508152,56.496388566745765,nested_prefix_median_v1,ok,whole_grid_cosine_dual_leakage_penalty_v2,35,165,-0.06036037392914295,0.5,1.0,0.9426715513011739,0.9565378735852208,0.02878258567425873,0.929006240288081,0.9155390266131614,3.3111114580149605,0.0981266890519031,0.4133855924010277,
high_y_side__quarter_3__b010_p00100_s050,high_y_side__quarter_3__p00100_s050,games10_possessions92_source4370615271_grid20x10_trajectory142_outcome242_baseline0.10_mc100_alpha0.05_min100_profiles2b1671cb4b,games10_possessions92_source4370615271_grid20x10_trajectory142_outcome242_baseline0.10_mc100_alpha0.05_min100_profiles2b1671cb4b_plandc0cd9facf,high_y_side,quarter_3,0,b010_p00100_s050,p00100_s050,full_factorial_nested_prefix,10,100,50,1879422960,103710779,4.127889850077887,nested_prefix_median_v1,ok,whole_grid_cosine_dual_leakage_penalty_v2,35,165,0.008855513529852033,0.5,1.0,0.7749043712143405,0.9993463286223275,0.3987374161010343,0.6008695557574057,0.46592100451093765,0.039224998390788905,0.026012718775027872,0.05959705542773008,
high_y_side__quarter_3__b050_p00100_s050,high_y_side__quarter_3__p00100_s050,games10_possessions92_source4370615271_grid20x10_trajectory142_outcome242_baseline0.10_mc100_alpha0.05_min100_profiles2b1671cb4b,games10_possessions92_source4370615271_grid20x10_trajectory142_outcome242_baseline0.10_mc100_alpha0.05_min100_profiles2b1671cb4b_plandc0cd9facf,high_y_side,quarter_3,15,b050_p00100_s050,p00100_s050,full_factorial_nested_prefix,50,100,50,1879422960,103710779,4.127889850077887,nested_prefix_median_v1,ok,whole_grid_cosine_dual_leakage_penalty_v2,35,165,0.004748731618747115,0.5,1.0,0.8881837996922493,0.9979540185632235,0.207891575496924,0.7904877853706285,0.7035378702433832,0.05047987062882432,0.013248615355266223,0.05891586281359196,
high_y_side__quarter_3__b100_p00100_s050,high_y_side__quarter_3__p00100_s050,games10_possessions92_source4370615271_grid20x10_trajectory142_outcome242_baseline0.10_mc100_alpha0.05_min100_profiles2b1671cb4b,games10_possessions92_source4370615271_grid20x10_trajectory142_outcome242_baseline0.10_mc100_alpha0.05_min100_profiles2b1671cb4b_plandc0cd9facf,high_y_side,quarter_3,30,b100_p00100_s050,p00100_s050,full_factorial_nested_prefix,100,100,50,1879422960,103710779,4.127889850077887,nested_prefix_median_v1,ok,whole_grid_cosine_dual_leakage_penalty_v2,35,165,0.005031107924878597,0.5,1.0,0.8836906029759279,0.9904350424659459,0.20393509490335696,0.7884505780850429,0.7034750759928273,0.06321805388137786,0.016195136521360877,0.06780074024572968,
high_y_side__quarter_3__b010_p00100_s100,high_y_side__quarter_3__p00100_s100,games10_possessions92_source4370615271_grid20x10_trajectory142_outcome242_baseline0.10_mc100_alpha0.05_min100_profiles2b1671cb4b,games10_possessions92_source4370615271_grid20x10_trajectory142_outcome242_baseline0.10_mc100_alpha0.05_min100_profiles2b1671cb4b_plandc0cd9facf,high_y_side,quarter_3,1,b010_p00100_s100,p00100_s100,full_factorial_nested_prefix,10,100,100,200650097,3571032611,5.199140266686804,nested_prefix_median_v1,ok,whole_grid_cosine_dual_leakage_penalty_v2,35,165,-0.0006679435027763247,0.5,1.0,0.971500907800192,0.9899933733943033,0.037009847057181015,0.9533538700573573,0.9355458077865945,0.06431400660162873,0.0024717298932776786,0.05021553230471909,
high_y_side__quarter_3__b050_p00100_s100,high_y_side__quarter_3__p00100_s100,games10_possessions92_source4370615271_grid20x10_trajectory142_outcome242_baseline0.10_mc100_alpha0.05_min100_profiles2b1671cb4b,games10_possessions92_source4370615271_grid20x10_trajectory142_outcome242_baseline0.10_mc100_alpha0.05_min100_profiles2b1671cb4b_plandc0cd9facf,high_y_side,quarter_3,16,b050_p00100_s100,p00100_s100,full_factorial_nested_prefix,50,100,100,200650097,3571032611,5.199140266686804,nested_prefix_median_v1,ok,whole_grid_cosine_dual_leakage_penalty_v2,35,165,0.0032927991123870015,0.5,1.0,0.9340865727133767,0.9898025805338677,0.10941147510941653,0.8815068201305502,0.8318867829129069,0.0339136957986181,0.004166399386512083,0.0427498200442642,
high_y_side__quarter_3__b100_p00100_s100,high_y_side__quarter_3__p00100_s100,games10_possessions92_source4370615271_grid20x10_trajectory142_outcome242_baseline0.10_mc100_alpha0.05_min100_profiles2b1671cb4b,games10_possessions92_source4370615271_grid20x10_trajectory142_outcome242_baseline0.10_mc100_alpha0.05_min100_profiles2b1671cb4b_plandc0cd9facf,high_y_side,quarter_3,31,b100_p00100_s100,p00100_s100,full_factorial_nested_prefix,100,100,100,200650097,3571032611,5.199140266686804,nested_prefix_median_v1,ok,whole_grid_cosine_dual_leakage_penalty_v2,35,165,0.004229674115777016,0.5,1.0,0.9350973991588958,0.9886699733031398,0.10543683974076998,0.8844277357714654,0.8365036845417685,0.032400983294355694,0.0038189112125524708,0.04169742506928742,
high_y_side__quarter_3__b010_p00100_s150,high_y_side__quarter_3__p00100_s150,games10_possessions92_source4370615271_grid20x10_trajectory142_outcome242_baseline0.10_mc100_alpha0.05_min100_profiles2b1671cb4b,games10_possessions92_source4370615271_grid20x10_trajectory142_outcome242_baseline0.10_mc100_alpha0.05_min100_profiles2b1671cb4b_plandc0cd9facf,high_y_side,quarter_3,2,b010_p00100_s150,p00100_s150,full_factorial_nested_prefix,10,100,150,2007200118,3018330983,5.751111683195584,nested_prefix_median_v1,ok,whole_grid_cosine_dual_leakage_penalty_v2,35,165,0.007659237133339047,0.5,1.0,0.7560937372373446,0.9487019211937455,0.3648274494536596,0.6025894189928447,0.4802499875331587,0.008381117765635299,0.004813907363247117,0.029974406585097313,
high_y_side__quarter_3__b050_p00100_s150,high_y_side__quarter_3__p00100_s150,games10_possessions92_source4370615271_grid20x10_trajectory142_outcome242_baseline0.10_mc100_alpha0.05_min100_profiles2b1671cb4b,games10_possessions92_source4370615271_grid20x10_trajectory142_outcome242_baseline0.10_mc100_alpha0.05_min100_profiles2b1671cb4b_plandc0cd9facf,high_y_side,quarter_3,17,b050_p00100_s150,p00100_s150,full_factorial_nested_prefix,50,100,150,2007200118,3018330983,5.751111683195584,nested_prefix_median_v1,ok,whole_grid_cosine_dual_leakage_penalty_v2,35,165,0.00453616282902658,0.5,1.0,0.9181052392430855,0.9724996206923184,0.10873664555948613,0.8667532741303631,0.8182735552572029,0.02175393167615973,0.0026540410827064214,0.037186646834015846,
high_y_side__quarter_3__b100_p00100_s150,high_y_side__quarter_3__p00100_s150,games10_possessions92_source4370615271_grid20x10_trajectory142_outcome242_baseline0.10_mc100_alpha0.05_min100_profiles2b1671cb4b,games10_possessions92_source4370615271_grid20x10_trajectory142_outcome242_baseline0.10_mc100_alpha0.05_min100_profiles2b1671cb4b_plandc0cd9facf,high_y_side,quarter_3,32,b100_p00100_s150,p00100_s150,full_factorial_nested_prefix,100,100,150,2007200118,3018330983,5.751111683195584,nested_prefix_median_v1,ok,whole_grid_cosine_dual_leakage_penalty_v2,35,165,0.0016648574965074658,0.5,1.0,0.948645010979921,0.9867333000138235,0.07571078760682448,0.9120269447118962,0.8768223500393466,0.032521316346680755,0.0026639004779063845,0.0405369414947927,
high_y_side__quarter_3__b010_p00100_s200,high_y_side__quarter_3__p00100_s200,games10_possessions92_source4370615271_grid20x10_trajectory142_outcome242_baseline0.10_mc100_alpha0.05_min100_profiles2b1671cb4b,games10_possessions92_source4370615271_grid20x10_trajectory142_outcome242_baseline0.10_mc100_alpha0.05_min100_profiles2b1671cb4b_plandc0cd9facf,high_y_side,quarter_3,3,b010_p00100_s200,p00100_s200,full_factorial_nested_prefix,10,100,200,3782968038,1956584118,5.588791807662834,nested_prefix_median_v1,ok,whole_grid_cosine_dual_leakage_penalty_v2,35,165,0.00027882063295692205,0.5,1.0,0.9860304044805429,0.9985180692148832,0.024855991118710372,0.9736989129546058,0.9615216415039961,0.07371781613667462,0.001879034651800819,0.053411690751090646,
high_y_side__quarter_3__b050_p00100_s200,high_y_side__quarter_3__p00100_s200,games10_possessions92_source4370615271_grid20x10_trajectory142_outcome242_baseline0.10_mc100_alpha0.05_min100_profiles2b1671cb4b,games10_possessions92_source4370615271_grid20x10_trajectory142_outcome242_baseline0.10_mc100_alpha0.05_min100_profiles2b1671cb4b_plandc0cd9facf,high_y_side,quarter_3,18,b050_p00100_s200,p00100_s200,full_factorial_nested_prefix,50,100,200,3782968038,1956584118,5.588791807662834,nested_prefix_median_v1,ok,whole_grid_cosine_dual_leakage_penalty_v2,35,165,-0.0014830055879428983,0.5,1.0,0.9853480287266528,0.9935609103343048,0.016463887095701343,0.9772030356838586,0.9691253700317254,0.07606102725360446,0.001273222354173238,0.05314069637097418,
high_y_side__quarter_3__b100_p00100_s200,high_y_side__quarter_3__p00100_s200,games10_possessions92_source4370615271_grid20x10_trajectory142_outcome242_baseline0.10_mc100_alpha0.05_min100_profiles2b1671cb4b,games10_possessions92_source4370615271_grid20x10_trajectory142_outcome242_baseline0.10_mc100_alpha0.05_min100_profiles2b1671cb4b_plandc0cd9facf,high_y_side,quarter_3,33,b100_p00100_s200,p00100_s200,full_factorial_nested_prefix,100,100,200,3782968038,1956584118,5.588791807662834,nested_prefix_median_v1,ok,whole_grid_cosine_dual_leakage_penalty_v2,35,165,0.0002763345983112231,0.5,1.0,0.9754833234000388,0.9918673581270294,0.03276388883569472,0.9593699262656011,0.943522696231086,0.06494445338631516,0.002199910473444607,0.05231968336738646,
high_y_side__quarter_3__b010_p00100_s250,high_y_side__quarter_3__p00100_s250,games10_possessions92_source4370615271_grid20x10_trajectory142_outcome242_baseline0.10_mc100_alpha0.05_min100_profiles2b1671cb4b,games10_possessions92_source4370615271_grid20x10_trajectory142_outcome242_baseline0.10_mc100_alpha0.05_min100_profiles2b1671cb4b_plandc0cd9facf,high_y_side,quarter_3,4,b010_p00100_s250,p00100_s250,full_factorial_nested_prefix,10,100,250,3868832867,2911770854,5.545822462372431,nested_prefix_median_v1,ok,whole_grid_cosine_dual_leakage_penalty_v2,35,165,-0.0064256200566887856,0.5,1.0,0.9111705414271081,0.9971745614470936,0.16505674816698693,0.8325841709797952,0.7607756948335967,0.058021732526901015,0.01147009509075035,0.04791590664535761,
high_y_side__quarter_3__b050_p00100_s250,high_y_side__quarter_3__p00100_s250,games10_possessions92_source4370615271_grid20x10_trajectory142_outcome242_baseline0.10_mc100_alpha0.05_min100_profiles2b1671cb4b,games10_possessions92_source4370615271_grid20x10_trajectory142_outcome242_baseline0.10_mc100_alpha0.05_min100_profiles2b1671cb4b_plandc0cd9facf,high_y_side,quarter_3,19,b050_p00100_s250,p00100_s250,full_factorial_nested_prefix,50,100,250,3868832867,2911770854,5.545822462372431,nested_prefix_median_v1,ok,whole_grid_cosine_dual_leakage_penalty_v2,35,165,-0.0026266329223290086,0.5,1.0,0.9725617644517134,0.9934897604967371,0.041686530322028216,0.9520746194711653,0.9320190389678518,0.10070192505589608,0.00438052264228309,0.06746157025918365,
high_y_side__quarter_3__b100_p00100_s250,high_y_side__quarter_3__p00100_s250,games10_possessions92_source4370615271_grid20x10_trajectory142_outcome242_baseline0.10_mc100_alpha0.05_min100_profiles2b1671cb4b,games10_possessions92_source4370615271_grid20x10_trajectory142_outcome242_baseline0.10_mc100_alpha0.05_min100_profiles2b1671cb4b_plandc0cd9facf,high_y_side,quarter_3,34,b100_p00100_s250,p00100_s250,full_factorial_nested_prefix,100,100,250,3868832867,2911770854,5.545822462372431,nested_prefix_median_v1,ok,whole_grid_cosine_dual_leakage_penalty_v2,35,165,-0.002892526797950268,0.5,1.0,0.9780831502430506,0.9943701553874787,0.03249015641971443,0.9620629134998436,0.9463050757001669,0.0989932520073127,0.0033243137147957137,0.06548487767577171,
high_y_side__quarter_3__b010_p01000_s050,high_y_side__quarter_3__p01000_s050,games10_possessions92_source4370615271_grid20x10_trajectory142_outcome242_baseline0.10_mc100_alpha0.05_min100_profiles2b1671cb4b,games10_possessions92_source4370615271_grid20x10_trajectory142_outcome242_baseline0.10_mc100_alpha0.05_min100_profiles2b1671cb4b_plandc0cd9facf,high_y_side,quarter_3,5,b010_p01000_s050,p01000_s050,full_factorial_nested_prefix,10,1000,50,342278515,2929939499,12.073817818882876,nested_prefix_median_v1,ok,whole_grid_cosine_dual_leakage_penalty_v2,35,165,-0.014332504011690617,0.5,1.0,0.9487282028387384,0.9984510410895815,0.09711991508970265,0.9014815607577361,0.8565878003358339,0.8830316252597213,0.09498487994146715,0.21169885620474815,
high_y_side__quarter_3__b050_p01000_s050,high_y_side__quarter_3__p01000_s050,games10_possessions92_source4370615271_grid20x10_trajectory142_outcome242_baseline0.10_mc100_alpha0.05_min100_profiles2b1671cb4b,games10_possessions92_source4370615271_grid20x10_trajectory142_outcome242_baseline0.10_mc100_alpha0.05_min100_profiles2b1671cb4b_plandc0cd9facf,high_y_side,quarter_3,20,b050_p01000_s050,p01000_s050,full_factorial_nested_prefix,50,1000,50,342278515,2929939499,12.073817818882876,nested_prefix_median_v1,ok,whole_grid_cosine_dual_leakage_penalty_v2,35,165,-0.008847962133586407,0.5,1.0,0.9279853797110517,0.9949774106152356,0.13012704951472212,0.8655039358380769,0.8072293802564534,0.7851250504218678,0.11744934275114488,0.2108713686466217,
high_y_side__quarter_3__b100_p01000_s050,high_y_side__quarter_3__p01000_s050,games10_possessions92_source4370615271_grid20x10_trajectory142_outcome242_baseline0.10_mc100_alpha0.05_min100_profiles2b1671cb4b,games10_possessions92_source4370615271_grid20x10_trajectory142_outcome242_baseline0.10_mc100_alpha0.05_min100_profiles2b1671cb4b_plandc0cd9facf,high_y_side,quarter_3,35,b100_p01000_s050,p01000_s050,full_factorial_nested_prefix,100,1000,50,342278515,2929939499,12.073817818882876,nested_prefix_median_v1,ok,whole_grid_cosine_dual_leakage_penalty_v2,35,165,-0.008305327966809273,0.5,1.0,0.9288710213882411,0.9966842558677754,0.13144838477643028,0.8656717203018579,0.8067724259611238,0.8034567167816147,0.12159678919200641,0.21315891668200493,
high_y_side__quarter_3__b010_p01000_s100,high_y_side__quarter_3__p01000_s100,games10_possessions92_source4370615271_grid20x10_trajectory142_outcome242_baseline0.10_mc100_alpha0.05_min100_profiles2b1671cb4b,games10_possessions92_source4370615271_grid20x10_trajectory142_outcome242_baseline0.10_mc100_alpha0.05_min100_profiles2b1671cb4b_plandc0cd9facf,high_y_side,quarter_3,6,b010_p01000_s100,p01000_s100,full_factorial_nested_prefix,10,1000,100,989841996,2281553899,15.372052179188772,nested_prefix_median_v1,ok,whole_grid_cosine_dual_leakage_penalty_v2,35,165,-0.014062236528843641,0.5,1.0,0.9621085323661809,0.9993402071647423,0.0731244837922075,0.9262639703830228,0.8917548425848255,0.7097441117746462,0.055994220249145785,0.1829617153853178,
high_y_side__quarter_3__b050_p01000_s100,high_y_side__quarter_3__p01000_s100,games10_possessions92_source4370615271_grid20x10_trajectory142_outcome242_baseline0.10_mc100_alpha0.05_min100_profiles2b1671cb4b,games10_possessions92_source4370615271_grid20x10_trajectory142_outcome242_baseline0.10_mc100_alpha0.05_min100_profiles2b1671cb4b_plandc0cd9facf,high_y_side,quarter_3,21,b050_p01000_s100,p01000_s100,full_factorial_nested_prefix,50,1000,100,989841996,2281553899,15.372052179188772,nested_prefix_median_v1,ok,whole_grid_cosine_dual_leakage_penalty_v2,35,165,-0.009974314365535975,0.5,1.0,0.9455734015879531,0.9988057563692154,0.1037515424308304,0.895178118557117,0.847468702691636,0.6912234276044453,0.08001742839568778,0.19013438001275063,
high_y_side__quarter_3__b100_p01000_s100,high_y_side__quarter_3__p01000_s100,games10_possessions92_source4370615271_grid20x10_trajectory142_outcome242_baseline0.10_mc100_alpha0.05_min100_profiles2b1671cb4b,games10_possessions92_source4370615271_grid20x10_trajectory142_outcome242_baseline0.10_mc100_alpha0.05_min100_profiles2b1671cb4b_plandc0cd9facf,high_y_side,quarter_3,36,b100_p01000_s100,p01000_s100,full_factorial_nested_prefix,100,1000,100,989841996,2281553899,15.372052179188772,nested_prefix_median_v1,ok,whole_grid_cosine_dual_leakage_penalty_v2,35,165,-0.011219982989132404,0.5,1.0,0.9510662734149298,0.9989969395227057,0.09365561901844081,0.9054352627541791,0.8619935728506929,0.6816826107359163,0.07044056125050115,0.18560706079006195,
high_y_side__quarter_3__b500_p01000_s100,high_y_side__quarter_3__p01000_s100,games10_possessions92_source4370615271_grid20x10_trajectory142_outcome242_baseline0.10_mc100_alpha0.05_min100_profiles2b1671cb4b,games10_possessions92_source4370615271_grid20x10_trajectory142_outcome242_baseline0.10_mc100_alpha0.05_min100_profiles2b1671cb4b_plandc0cd9facf,high_y_side,quarter_3,12,b500_p01000_s100,p01000_s100,targeted_nested_prefix,500,1000,100,989841996,2281553899,15.372052179188772,nested_prefix_median_v1,ok,whole_grid_cosine_dual_leakage_penalty_v2,35,165,-0.01111973961815238,0.5,1.0,0.9534543940990291,0.9991441501606461,0.0893666545882462,0.909853980009373,0.8682473645959355,0.6899849374616523,0.06771292297598337,0.18459512293338776,
high_y_side__quarter_3__b010_p01000_s150,high_y_side__quarter_3__p01000_s150,games10_possessions92_source4370615271_grid20x10_trajectory142_outcome242_baseline0.10_mc100_alpha0.05_min100_profiles2b1671cb4b,games10_possessions92_source4370615271_grid20x10_trajectory142_outcome242_baseline0.10_mc100_alpha0.05_min100_profiles2b1671cb4b_plandc0cd9facf,high_y_side,quarter_3,7,b010_p01000_s150,p01000_s150,full_factorial_nested_prefix,10,1000,150,3544777503,676745190,16.541198125559404,nested_prefix_median_v1,ok,whole_grid_cosine_dual_leakage_penalty_v2,35,165,-0.010349372401833534,0.5,1.0,0.9637372967528024,0.9956839021307021,0.06314072265724442,0.9328157010119845,0.9028862273840912,0.6459965556385571,0.043537690604718765,0.172804094851017,
high_y_side__quarter_3__b050_p01000_s150,high_y_side__quarter_3__p01000_s150,games10_possessions92_source4370615271_grid20x10_trajectory142_outcome242_baseline0.10_mc100_alpha0.05_min100_profiles2b1671cb4b,games10_possessions92_source4370615271_grid20x10_trajectory142_outcome242_baseline0.10_mc100_alpha0.05_min100_profiles2b1671cb4b_plandc0cd9facf,high_y_side,quarter_3,22,b050_p01000_s150,p01000_s150,full_factorial_nested_prefix,50,1000,150,3544777503,676745190,16.541198125559404,nested_prefix_median_v1,ok,whole_grid_cosine_dual_leakage_penalty_v2,35,165,-0.014139478094875813,0.5,1.0,0.9730482380280387,0.9996241583989252,0.0524650141841054,0.947178862749751,0.921997248418079,0.707713012205577,0.03918607099417005,0.1756535917520523,
high_y_side__quarter_3__b100_p01000_s150,high_y_side__quarter_3__p01000_s150,games10_possessions92_source4370615271_grid20x10_trajectory142_outcome242_baseline0.10_mc100_alpha0.05_min100_profiles2b1671cb4b,games10_possessions92_source4370615271_grid20x10_trajectory142_outcome242_baseline0.10_mc100_alpha0.05_min100_profiles2b1671cb4b_plandc0cd9facf,high_y_side,quarter_3,37,b100_p01000_s150,p01000_s150,full_factorial_nested_prefix,100,1000,150,3544777503,676745190,16.541198125559404,nested_prefix_median_v1,ok,whole_grid_cosine_dual_leakage_penalty_v2,35,165,-0.013867176603525877,0.5,1.0,0.9723488806338644,0.99937564798669,0.05335594510341126,0.9460530157750262,0.9204682871374006,0.6957900082628113,0.039216993221837866,0.175071120262146,
high_y_side__quarter_3__b010_p01000_s200,high_y_side__quarter_3__p01000_s200,games10_possessions92_source4370615271_grid20x10_trajectory142_outcome242_baseline0.10_mc100_alpha0.05_min100_profiles2b1671cb4b,games10_possessions92_source4370615271_grid20x10_trajectory142_outcome242_baseline0.10_mc100_alpha0.05_min100_profiles2b1671cb4b_plandc0cd9facf,high_y_side,quarter_3,8,b010_p01000_s200,p01000_s200,full_factorial_nested_prefix,10,1000,200,1074092448,1664290152,17.762750719544307,nested_prefix_median_v1,ok,whole_grid_cosine_dual_leakage_penalty_v2,35,165,-0.014026029035449028,0.5,1.0,0.9768404983982087,0.997273427273737,0.040557795478708136,0.9568262155740184,0.9372220012488548,0.6517001587274966,0.02754884205276262,0.16712697595357895,
high_y_side__quarter_3__b050_p01000_s200,high_y_side__quarter_3__p01000_s200,games10_possessions92_source4370615271_grid20x10_trajectory142_outcome242_baseline0.10_mc100_alpha0.05_min100_profiles2b1671cb4b,games10_possessions92_source4370615271_grid20x10_trajectory142_outcome242_baseline0.10_mc100_alpha0.05_min100_profiles2b1671cb4b_plandc0cd9facf,high_y_side,quarter_3,23,b050_p01000_s200,p01000_s200,full_factorial_nested_prefix,50,1000,200,1074092448,1664290152,17.762750719544307,nested_prefix_median_v1,ok,whole_grid_cosine_dual_leakage_penalty_v2,35,165,-0.013517121318727732,0.5,1.0,0.9697290118908959,0.9993887812067893,0.058475039739947485,0.9409494825100649,0.9130240693835957,0.6204915554471587,0.03853670363986194,0.1663569789379835,
high_y_side__quarter_3__b100_p01000_s200,high_y_side__quarter_3__p01000_s200,games10_possessions92_source4370615271_grid20x10_trajectory142_outcome242_baseline0.10_mc100_alpha0.05_min100_profiles2b1671cb4b,games10_possessions92_source4370615271_grid20x10_trajectory142_outcome242_baseline0.10_mc100_alpha0.05_min100_profiles2b1671cb4b_plandc0cd9facf,high_y_side,quarter_3,38,b100_p01000_s200,p01000_s200,full_factorial_nested_prefix,100,1000,200,1074092448,1664290152,17.762750719544307,nested_prefix_median_v1,ok,whole_grid_cosine_dual_leakage_penalty_v2,35,165,-0.01473303884267807,0.5,1.0,0.9732743570531108,0.9996871294348367,0.05214400620562893,0.9475594375538994,0.9225239329391539,0.6380476166819173,0.03510064725187184,0.1662050224840641,
high_y_side__quarter_3__b010_p01000_s250,high_y_side__quarter_3__p01000_s250,games10_possessions92_source4370615271_grid20x10_trajectory142_outcome242_baseline0.10_mc100_alpha0.05_min100_profiles2b1671cb4b,games10_possessions92_source4370615271_grid20x10_trajectory142_outcome242_baseline0.10_mc100_alpha0.05_min100_profiles2b1671cb4b_plandc0cd9facf,high_y_side,quarter_3,9,b010_p01000_s250,p01000_s250,full_factorial_nested_prefix,10,1000,250,2701262546,373230789,16.192719403250607,nested_prefix_median_v1,ok,whole_grid_cosine_dual_leakage_penalty_v2,35,165,-0.017542921006679535,0.5,1.0,0.9717447822512234,0.9998465859611183,0.05542227743206448,0.9444328110844786,0.917888473336135,0.7170931161626712,0.042074815739403415,0.17862187884747982,
high_y_side__quarter_3__b050_p01000_s250,high_y_side__quarter_3__p01000_s250,games10_possessions92_source4370615271_grid20x10_trajectory142_outcome242_baseline0.10_mc100_alpha0.05_min100_profiles2b1671cb4b,games10_possessions92_source4370615271_grid20x10_trajectory142_outcome242_baseline0.10_mc100_alpha0.05_min100_profiles2b1671cb4b_plandc0cd9facf,high_y_side,quarter_3,24,b050_p01000_s250,p01000_s250,full_factorial_nested_prefix,50,1000,250,2701262546,373230789,16.192719403250607,nested_prefix_median_v1,ok,whole_grid_cosine_dual_leakage_penalty_v2,35,165,-0.017312276177108288,0.5,1.0,0.976888463676331,0.9998216751801872,0.04534848377453894,0.9544812781658459,0.9325880530317706,0.7145143601131011,0.03394133075321235,0.1734004095196724,
high_y_side__quarter_3__b100_p01000_s250,high_y_side__quarter_3__p01000_s250,games10_possessions92_source4370615271_grid20x10_trajectory142_outcome242_baseline0.10_mc100_alpha0.05_min100_profiles2b1671cb4b,games10_possessions92_source4370615271_grid20x10_trajectory142_outcome242_baseline0.10_mc100_alpha0.05_min100_profiles2b1671cb4b_plandc0cd9facf,high_y_side,quarter_3,39,b100_p01000_s250,p01000_s250,full_factorial_nested_prefix,100,1000,250,2701262546,373230789,16.192719403250607,nested_prefix_median_v1,ok,whole_grid_cosine_dual_leakage_penalty_v2,35,165,-0.01570939738303423,0.5,1.0,0.9714282044547164,0.999889727151841,0.05611908619419632,0.9437768293691153,0.9169125413174488,0.6786115646936927,0.04034731535980509,0.17196662351489067,
high_y_side__quarter_3__b050_p02500_s150,high_y_side__quarter_3__p02500_s150,games10_possessions92_source4370615271_grid20x10_trajectory142_outcome242_baseline0.10_mc100_alpha0.05_min100_profiles2b1671cb4b,games10_possessions92_source4370615271_grid20x10_trajectory142_outcome242_baseline0.10_mc100_alpha0.05_min100_profiles2b1671cb4b_plandc0cd9facf,high_y_side,quarter_3,3,b050_p02500_s150,p02500_s150,full_factorial_nested_prefix,50,2500,150,3948530278,1369204443,25.540258632492616,nested_prefix_median_v1,ok,whole_grid_cosine_dual_leakage_penalty_v2,35,165,-0.01192356925457716,0.5,1.0,0.9475251325695401,0.999889295811698,0.10199730883643673,0.897903278504545,0.850880118992559,0.7861826631555124,0.08929652069508051,0.20062530785799026,
high_y_side__quarter_3__b100_p02500_s150,high_y_side__quarter_3__p02500_s150,games10_possessions92_source4370615271_grid20x10_trajectory142_outcome242_baseline0.10_mc100_alpha0.05_min100_profiles2b1671cb4b,games10_possessions92_source4370615271_grid20x10_trajectory142_outcome242_baseline0.10_mc100_alpha0.05_min100_profiles2b1671cb4b_plandc0cd9facf,high_y_side,quarter_3,9,b100_p02500_s150,p02500_s150,full_factorial_nested_prefix,100,2500,150,3948530278,1369204443,25.540258632492616,nested_prefix_median_v1,ok,whole_grid_cosine_dual_leakage_penalty_v2,35,165,-0.012287359219044447,0.5,1.0,0.9471885740665666,0.999818370110085,0.10250781195085835,0.8973291766418268,0.8500943458341493,0.7959210217298136,0.09090677725068674,0.20143086835741997,
high_y_side__quarter_3__b050_p02500_s200,high_y_side__quarter_3__p02500_s200,games10_possessions92_source4370615271_grid20x10_trajectory142_outcome242_baseline0.10_mc100_alpha0.05_min100_profiles2b1671cb4b,games10_possessions92_source4370615271_grid20x10_trajectory142_outcome242_baseline0.10_mc100_alpha0.05_min100_profiles2b1671cb4b_plandc0cd9facf,high_y_side,quarter_3,4,b050_p02500_s200,p02500_s200,full_factorial_nested_prefix,50,2500,200,531714605,1623074673,25.72742508528504,nested_prefix_median_v1,ok,whole_grid_cosine_dual_leakage_penalty_v2,35,165,-0.012321253307163715,0.5,1.0,0.9510044207121003,0.9998562046569623,0.0953304359513899,0.9045394767783119,0.8603447546939168,0.8180073552899495,0.08619832134315537,0.2002169769257307,
high_y_side__quarter_3__b100_p02500_s200,high_y_side__quarter_3__p02500_s200,games10_possessions92_source4370615271_grid20x10_trajectory142_outcome242_baseline0.10_mc100_alpha0.05_min100_profiles2b1671cb4b,games10_possessions92_source4370615271_grid20x10_trajectory142_outcome242_baseline0.10_mc100_alpha0.05_min100_profiles2b1671cb4b_plandc0cd9facf,high_y_side,quarter_3,10,b100_p02500_s200,p02500_s200,full_factorial_nested_prefix,100,2500,200,531714605,1623074673,25.72742508528504,nested_prefix_median_v1,ok,whole_grid_cosine_dual_leakage_penalty_v2,35,165,-0.011762389913201332,0.5,1.0,0.9501118597660015,0.9999073365775062,0.09712013380757216,0.9027962022539255,0.8578368688133663,0.7955898096812495,0.08557925773451236,0.1974861123599112,
high_y_side__quarter_3__b050_p02500_s250,high_y_side__quarter_3__p02500_s250,games10_possessions92_source4370615271_grid20x10_trajectory142_outcome242_baseline0.10_mc100_alpha0.05_min100_profiles2b1671cb4b,games10_possessions92_source4370615271_grid20x10_trajectory142_outcome242_baseline0.10_mc100_alpha0.05_min100_profiles2b1671cb4b_plandc0cd9facf,high_y_side,quarter_3,5,b050_p02500_s250,p02500_s250,full_factorial_nested_prefix,50,2500,250,3291164629,3303801531,28.04779593955044,nested_prefix_median_v1,ok,whole_grid_cosine_dual_leakage_penalty_v2,35,165,-0.013399986084550619,0.5,1.0,0.9556691594145031,0.9997806006256632,0.08629556936531146,0.9135039644542785,0.8731991451779599,0.796448709081605,0.07522125592925312,0.19522486627101898,
high_y_side__quarter_3__b100_p02500_s250,high_y_side__quarter_3__p02500_s250,games10_possessions92_source4370615271_grid20x10_trajectory142_outcome242_baseline0.10_mc100_alpha0.05_min100_profiles2b1671cb4b,games10_possessions92_source4370615271_grid20x10_trajectory142_outcome242_baseline0.10_mc100_alpha0.05_min100_profiles2b1671cb4b_plandc0cd9facf,high_y_side,quarter_3,11,b100_p02500_s250,p02500_s250,full_factorial_nested_prefix,100,2500,250,3291164629,3303801531,28.04779593955044,nested_prefix_median_v1,ok,whole_grid_cosine_dual_leakage_penalty_v2,35,165,-0.012955468147993088,0.5,1.0,0.9541936341961355,0.9998887426665443,0.08931187826817852,0.9105868009997876,0.8689728084945393,0.7768475417789851,0.07618603057252776,0.19335860945284367,
high_y_side__quarter_3__b010_p10000_s050,high_y_side__quarter_3__p10000_s050,games10_possessions92_source4370615271_grid20x10_trajectory142_outcome242_baseline0.10_mc100_alpha0.05_min100_profiles2b1671cb4b,games10_possessions92_source4370615271_grid20x10_trajectory142_outcome242_baseline0.10_mc100_alpha0.05_min100_profiles2b1671cb4b_plandc0cd9facf,high_y_side,quarter_3,10,b010_p10000_s050,p10000_s050,full_factorial_nested_prefix,10,10000,50,3969548929,3681273046,42.38135556424247,nested_prefix_median_v1,ok,whole_grid_cosine_dual_leakage_penalty_v2,35,165,-0.004187801969237626,0.5,1.0,0.824221214162931,0.9744372720037745,0.28454915287134824,0.6971619717288328,0.5896897658942749,1.2104093899865371,0.48140409355928976,0.3016229271888733,
high_y_side__quarter_3__b050_p10000_s050,high_y_side__quarter_3__p10000_s050,games10_possessions92_source4370615271_grid20x10_trajectory142_outcome242_baseline0.10_mc100_alpha0.05_min100_profiles2b1671cb4b,games10_possessions92_source4370615271_grid20x10_trajectory142_outcome242_baseline0.10_mc100_alpha0.05_min100_profiles2b1671cb4b_plandc0cd9facf,high_y_side,quarter_3,25,b050_p10000_s050,p10000_s050,full_factorial_nested_prefix,50,10000,50,3969548929,3681273046,42.38135556424247,nested_prefix_median_v1,ok,whole_grid_cosine_dual_leakage_penalty_v2,35,165,-0.0036522141890600324,0.5,1.0,0.8304207630467284,0.9730494642150926,0.2716727436718172,0.7086984465433867,0.6048180759477797,1.2387607571122456,0.46206911894838965,0.30317289009690285,
high_y_side__quarter_3__b100_p10000_s050,high_y_side__quarter_3__p10000_s050,games10_possessions92_source4370615271_grid20x10_trajectory142_outcome242_baseline0.10_mc100_alpha0.05_min100_profiles2b1671cb4b,games10_possessions92_source4370615271_grid20x10_trajectory142_outcome242_baseline0.10_mc100_alpha0.05_min100_profiles2b1671cb4b_plandc0cd9facf,high_y_side,quarter_3,40,b100_p10000_s050,p10000_s050,full_factorial_nested_prefix,100,10000,50,3969548929,3681273046,42.38135556424247,nested_prefix_median_v1,ok,whole_grid_cosine_dual_leakage_penalty_v2,35,165,-0.002055681368801743,0.5,1.0,0.8256937086664562,0.9728309387702899,0.2796174186293745,0.7008104629085504,0.594815365270627,1.205599066619271,0.46795481682618295,0.30396490916609764,
high_y_side__quarter_3__b010_p10000_s100,high_y_side__quarter_3__p10000_s100,games10_possessions92_source4370615271_grid20x10_trajectory142_outcome242_baseline0.10_mc100_alpha0.05_min100_profiles2b1671cb4b,games10_possessions92_source4370615271_grid20x10_trajectory142_outcome242_baseline0.10_mc100_alpha0.05_min100_profiles2b1671cb4b_plandc0cd9facf,high_y_side,quarter_3,11,b010_p10000_s100,p10000_s100,full_factorial_nested_prefix,10,10000,100,2821273799,3526644209,45.19921288632966,nested_prefix_median_v1,ok,whole_grid_cosine_dual_leakage_penalty_v2,35,165,-0.0002903585336753167,0.5,1.0,0.7338054252119747,0.9788629952612178,0.43802368154544635,0.5500978223482965,0.4123812713226038,0.9762791221054056,0.760945543855952,0.2902626655995846,
high_y_side__quarter_3__b050_p10000_s100,high_y_side__quarter_3__p10000_s100,games10_possessions92_source4370615271_grid20x10_trajectory142_outcome242_baseline0.10_mc100_alpha0.05_min100_profiles2b1671cb4b,games10_possessions92_source4370615271_grid20x10_trajectory142_outcome242_baseline0.10_mc100_alpha0.05_min100_profiles2b1671cb4b_plandc0cd9facf,high_y_side,quarter_3,26,b050_p10000_s100,p10000_s100,full_factorial_nested_prefix,50,10000,100,2821273799,3526644209,45.19921288632966,nested_prefix_median_v1,ok,whole_grid_cosine_dual_leakage_penalty_v2,35,165,-9.511863754596561e-05,0.5,1.0,0.7495845588161995,0.9807768004923999,0.41588158980741563,0.5728897854573901,0.43784614080062817,0.9945522216773087,0.7081029323511424,0.2902412015944719,
high_y_side__quarter_3__b100_p10000_s100,high_y_side__quarter_3__p10000_s100,games10_possessions92_source4370615271_grid20x10_trajectory142_outcome242_baseline0.10_mc100_alpha0.05_min100_profiles2b1671cb4b,games10_possessions92_source4370615271_grid20x10_trajectory142_outcome242_baseline0.10_mc100_alpha0.05_min100_profiles2b1671cb4b_plandc0cd9facf,high_y_side,quarter_3,41,b100_p10000_s100,p10000_s100,full_factorial_nested_prefix,100,10000,100,2821273799,3526644209,45.19921288632966,nested_prefix_median_v1,ok,whole_grid_cosine_dual_leakage_penalty_v2,35,165,0.0010846055811271071,0.5,1.0,0.7524586615869884,0.9801910513205836,0.4106899807261824,0.5776364073457566,0.44343142836257915,0.990010360902758,0.6899379320563656,0.2893967293202877,
high_y_side__quarter_3__b010_p10000_s150,high_y_side__quarter_3__p10000_s150,games10_possessions92_source4370615271_grid20x10_trajectory142_outcome242_baseline0.10_mc100_alpha0.05_min100_profiles2b1671cb4b,games10_possessions92_source4370615271_grid20x10_trajectory142_outcome242_baseline0.10_mc100_alpha0.05_min100_profiles2b1671cb4b_plandc0cd9facf,high_y_side,quarter_3,12,b010_p10000_s150,p10000_s150,full_factorial_nested_prefix,10,10000,150,724496479,1228300943,54.7572987949671,nested_prefix_median_v1,ok,whole_grid_cosine_dual_leakage_penalty_v2,35,165,-0.004160309792496264,0.5,1.0,0.8219111021415332,0.9917433268688447,0.3131670531232676,0.6811619917386629,0.5645156243545723,0.8723384370622962,0.39774978603346756,0.2529439143836498,
high_y_side__quarter_3__b050_p10000_s150,high_y_side__quarter_3__p10000_s150,games10_possessions92_source4370615271_grid20x10_trajectory142_outcome242_baseline0.10_mc100_alpha0.05_min100_profiles2b1671cb4b,games10_possessions92_source4370615271_grid20x10_trajectory142_outcome242_baseline0.10_mc100_alpha0.05_min100_profiles2b1671cb4b_plandc0cd9facf,high_y_side,quarter_3,27,b050_p10000_s150,p10000_s150,full_factorial_nested_prefix,50,10000,150,724496479,1228300943,54.7572987949671,nested_prefix_median_v1,ok,whole_grid_cosine_dual_leakage_penalty_v2,35,165,-0.0033856247318908572,0.5,1.0,0.8256769452348033,0.9923597849989095,0.30771965109578403,0.686991178197558,0.5715999237293168,0.8707593024947462,0.38705381306318887,0.25548069830983877,
high_y_side__quarter_3__b100_p10000_s150,high_y_side__quarter_3__p10000_s150,games10_possessions92_source4370615271_grid20x10_trajectory142_outcome242_baseline0.10_mc100_alpha0.05_min100_profiles2b1671cb4b,games10_possessions92_source4370615271_grid20x10_trajectory142_outcome242_baseline0.10_mc100_alpha0.05_min100_profiles2b1671cb4b_plandc0cd9facf,high_y_side,quarter_3,42,b100_p10000_s150,p10000_s150,full_factorial_nested_prefix,100,10000,150,724496479,1228300943,54.7572987949671,nested_prefix_median_v1,ok,whole_grid_cosine_dual_leakage_penalty_v2,35,165,-0.002764986827969551,0.5,1.0,0.8220765588461497,0.993009048146767,0.3146410037352627,0.6805676845196703,0.5634175652235665,0.8583089209847085,0.39404046913428387,0.2572175614535809,
high_y_side__quarter_3__b010_p10000_s200,high_y_side__quarter_3__p10000_s200,games10_possessions92_source4370615271_grid20x10_trajectory142_outcome242_baseline0.10_mc100_alpha0.05_min100_profiles2b1671cb4b,games10_possessions92_source4370615271_grid20x10_trajectory142_outcome242_baseline0.10_mc100_alpha0.05_min100_profiles2b1671cb4b_plandc0cd9facf,high_y_side,quarter_3,13,b010_p10000_s200,p10000_s200,full_factorial_nested_prefix,10,10000,200,403135225,3518214837,53.48208879720841,nested_prefix_median_v1,ok,whole_grid_cosine_dual_leakage_penalty_v2,35,165,-0.0024877114919945598,0.5,1.0,0.8005298995717332,0.99593418338018,0.35390878352649446,0.6434643280676479,0.5172153366377142,0.8340018771208451,0.45684043098696875,0.2566142912954092,
high_y_side__quarter_3__b050_p10000_s200,high_y_side__quarter_3__p10000_s200,games10_possessions92_source4370615271_grid20x10_trajectory142_outcome242_baseline0.10_mc100_alpha0.05_min100_profiles2b1671cb4b,games10_possessions92_source4370615271_grid20x10_trajectory142_outcome242_baseline0.10_mc100_alpha0.05_min100_profiles2b1671cb4b_plandc0cd9facf,high_y_side,quarter_3,28,b050_p10000_s200,p10000_s200,full_factorial_nested_prefix,50,10000,200,403135225,3518214837,53.48208879720841,nested_prefix_median_v1,ok,whole_grid_cosine_dual_leakage_penalty_v2,35,165,-0.0057088471949100494,0.5,1.0,0.8054756106569889,0.9940343876888513,0.34339834630698,0.6526846227842282,0.528876617966774,0.8947644279721731,0.4679559108201825,0.26253534182906146,
high_y_side__quarter_3__b100_p10000_s200,high_y_side__quarter_3__p10000_s200,games10_possessions92_source4370615271_grid20x10_trajectory142_outcome242_baseline0.10_mc100_alpha0.05_min100_profiles2b1671cb4b,games10_possessions92_source4370615271_grid20x10_trajectory142_outcome242_baseline0.10_mc100_alpha0.05_min100_profiles2b1671cb4b_plandc0cd9facf,high_y_side,quarter_3,43,b100_p10000_s200,p10000_s200,full_factorial_nested_prefix,100,10000,200,403135225,3518214837,53.48208879720841,nested_prefix_median_v1,ok,whole_grid_cosine_dual_leakage_penalty_v2,35,165,-0.0046964113134890795,0.5,1.0,0.8022641168343845,0.9930145380661085,0.34728510708236054,0.6481553778794791,0.5236497371112198,0.8745915804828596,0.4653373685463712,0.26107690017670393,
high_y_side__quarter_3__b010_p10000_s250,high_y_side__quarter_3__p10000_s250,games10_possessions92_source4370615271_grid20x10_trajectory142_outcome242_baseline0.10_mc100_alpha0.05_min100_profiles2b1671cb4b,games10_possessions92_source4370615271_grid20x10_trajectory142_outcome242_baseline0.10_mc100_alpha0.05_min100_profiles2b1671cb4b_plandc0cd9facf,high_y_side,quarter_3,14,b010_p10000_s250,p10000_s250,full_factorial_nested_prefix,10,10000,250,3485685853,3853679544,50.69618434771802,nested_prefix_median_v1,ok,whole_grid_cosine_dual_leakage_penalty_v2,35,165,-0.01834337506443262,0.5,1.0,0.80341931363206,0.9930776572665292,0.34548724676499704,0.6499819916336828,0.525848186967496,1.037415677810744,0.5476041291879741,0.2515883293002844,
high_y_side__quarter_3__b050_p10000_s250,high_y_side__quarter_3__p10000_s250,games10_possessions92_source4370615271_grid20x10_trajectory142_outcome242_baseline0.10_mc100_alpha0.05_min100_profiles2b1671cb4b,games10_possessions92_source4370615271_grid20x10_trajectory142_outcome242_baseline0.10_mc100_alpha0.05_min100_profiles2b1671cb4b_plandc0cd9facf,high_y_side,quarter_3,29,b050_p10000_s250,p10000_s250,full_factorial_nested_prefix,50,10000,250,3485685853,3853679544,50.69618434771802,nested_prefix_median_v1,ok,whole_grid_cosine_dual_leakage_penalty_v2,35,165,-0.014117125887423754,0.5,1.0,0.7943292942171096,0.9935059040737289,0.36076542973084696,0.6350833196504363,0.5077627450410738,0.9762925762709815,0.5509911810200367,0.25745066460222005,
high_y_side__quarter_3__b100_p10000_s250,high_y_side__quarter_3__p10000_s250,games10_possessions92_source4370615271_grid20x10_trajectory142_outcome242_baseline0.10_mc100_alpha0.05_min100_profiles2b1671cb4b,games10_possessions92_source4370615271_grid20x10_trajectory142_outcome242_baseline0.10_mc100_alpha0.05_min100_profiles2b1671cb4b_plandc0cd9facf,high_y_side,quarter_3,44,b100_p10000_s250,p10000_s250,full_factorial_nested_prefix,100,10000,250,3485685853,3853679544,50.69618434771802,nested_prefix_median_v1,ok,whole_grid_cosine_dual_leakage_penalty_v2,35,165,-0.013778666034340858,0.5,1.0,0.7934576522709599,0.9937637968196247,0.3624985697361628,0.6335258418169321,0.5058303881765234,0.9846029217318253,0.5598687845109924,0.25623560249805444,
high_y_side__quarter_4__b010_p00100_s050,high_y_side__quarter_4__p00100_s050,games10_possessions92_source4370615271_grid20x10_trajectory142_outcome242_baseline0.10_mc100_alpha0.05_min100_profiles2b1671cb4b,games10_possessions92_source4370615271_grid20x10_trajectory142_outcome242_baseline0.10_mc100_alpha0.05_min100_profiles2b1671cb4b_plandc0cd9facf,high_y_side,quarter_4,0,b010_p00100_s050,p00100_s050,full_factorial_nested_prefix,10,100,50,3771175008,1355734051,3.848445419611629,nested_prefix_median_v1,ok,whole_grid_cosine_dual_leakage_penalty_v2,35,165,-0.03379109874367714,0.5,1.0,0.9630196896361392,0.9713513235374214,0.017081156882784793,0.9547595191917781,0.9465701992362535,0.9742759956544883,0.01693096153913198,0.18542621843516827,
high_y_side__quarter_4__b050_p00100_s050,high_y_side__quarter_4__p00100_s050,games10_possessions92_source4370615271_grid20x10_trajectory142_outcome242_baseline0.10_mc100_alpha0.05_min100_profiles2b1671cb4b,games10_possessions92_source4370615271_grid20x10_trajectory142_outcome242_baseline0.10_mc100_alpha0.05_min100_profiles2b1671cb4b_plandc0cd9facf,high_y_side,quarter_4,15,b050_p00100_s050,p00100_s050,full_factorial_nested_prefix,50,100,50,3771175008,1355734051,3.848445419611629,nested_prefix_median_v1,ok,whole_grid_cosine_dual_leakage_penalty_v2,35,165,-0.027724980376660824,0.5,1.0,0.9718075920659828,0.9856022190598036,0.02779638876848471,0.9582060366077357,0.9447948504287518,0.6671816980452029,0.019075471067825495,0.14748654142022133,
high_y_side__quarter_4__b100_p00100_s050,high_y_side__quarter_4__p00100_s050,games10_possessions92_source4370615271_grid20x10_trajectory142_outcome242_baseline0.10_mc100_alpha0.05_min100_profiles2b1671cb4b,games10_possessions92_source4370615271_grid20x10_trajectory142_outcome242_baseline0.10_mc100_alpha0.05_min100_profiles2b1671cb4b_plandc0cd9facf,high_y_side,quarter_4,30,b100_p00100_s050,p00100_s050,full_factorial_nested_prefix,100,100,50,3771175008,1355734051,3.848445419611629,nested_prefix_median_v1,ok,whole_grid_cosine_dual_leakage_penalty_v2,35,165,-0.028950351290404797,0.5,1.0,0.9555638945489004,0.9728657135946195,0.03525248694621453,0.9385697777257056,0.9218778908300415,0.6629798561558894,0.024225705076718538,0.14915462397038937,
high_y_side__quarter_4__b010_p00100_s100,high_y_side__quarter_4__p00100_s100,games10_possessions92_source4370615271_grid20x10_trajectory142_outcome242_baseline0.10_mc100_alpha0.05_min100_profiles2b1671cb4b,games10_possessions92_source4370615271_grid20x10_trajectory142_outcome242_baseline0.10_mc100_alpha0.05_min100_profiles2b1671cb4b_plandc0cd9facf,high_y_side,quarter_4,1,b010_p00100_s100,p00100_s100,full_factorial_nested_prefix,10,100,100,2016640081,1332940240,4.580670304540794,nested_prefix_median_v1,ok,whole_grid_cosine_dual_leakage_penalty_v2,35,165,-0.016166854184120893,0.5,1.0,0.9234242773001187,0.9524864550860203,0.06009283681782727,0.8952488419693453,0.8679330928907025,0.3962524160009068,0.025334344397157312,0.11788614841643721,
high_y_side__quarter_4__b050_p00100_s100,high_y_side__quarter_4__p00100_s100,games10_possessions92_source4370615271_grid20x10_trajectory142_outcome242_baseline0.10_mc100_alpha0.05_min100_profiles2b1671cb4b,games10_possessions92_source4370615271_grid20x10_trajectory142_outcome242_baseline0.10_mc100_alpha0.05_min100_profiles2b1671cb4b_plandc0cd9facf,high_y_side,quarter_4,16,b050_p00100_s100,p00100_s100,full_factorial_nested_prefix,50,100,100,2016640081,1332940240,4.580670304540794,nested_prefix_median_v1,ok,whole_grid_cosine_dual_leakage_penalty_v2,35,165,-0.025075562298297882,0.5,1.0,0.9551212713103487,0.9746806929003681,0.039732329195117454,0.9359543587499254,0.9171720785373868,0.5386013783986054,0.022285335560178067,0.13378022611141205,
high_y_side__quarter_4__b100_p00100_s100,high_y_side__quarter_4__p00100_s100,games10_possessions92_source4370615271_grid20x10_trajectory142_outcome242_baseline0.10_mc100_alpha0.05_min100_profiles2b1671cb4b,games10_possessions92_source4370615271_grid20x10_trajectory142_outcome242_baseline0.10_mc100_alpha0.05_min100_profiles2b1671cb4b_plandc0cd9facf,high_y_side,quarter_4,31,b100_p00100_s100,p00100_s100,full_factorial_nested_prefix,100,100,100,2016640081,1332940240,4.580670304540794,nested_prefix_median_v1,ok,whole_grid_cosine_dual_leakage_penalty_v2,35,165,-0.02613782975822687,0.5,1.0,0.9659432755533494,0.9789717525119617,0.02643954394916816,0.9530881858364276,0.9404041758669531,0.539910318876923,0.014662656557006326,0.1338761979714036,
high_y_side__quarter_4__b010_p00100_s150,high_y_side__quarter_4__p00100_s150,games10_possessions92_source4370615271_grid20x10_trajectory142_outcome242_baseline0.10_mc100_alpha0.05_min100_profiles2b1671cb4b,games10_possessions92_source4370615271_grid20x10_trajectory142_outcome242_baseline0.10_mc100_alpha0.05_min100_profiles2b1671cb4b_plandc0cd9facf,high_y_side,quarter_4,2,b010_p00100_s150,p00100_s150,full_factorial_nested_prefix,10,100,150,1182809535,2906404011,4.952089972195704,nested_prefix_median_v1,ok,whole_grid_cosine_dual_leakage_penalty_v2,35,165,-0.019133567810058594,0.5,1.0,0.9823056378564864,0.9981993554593379,0.03159125388349672,0.9666649861946792,0.9512733710597719,0.40941606171874056,0.013355896259307522,0.11313859559595585,
high_y_side__quarter_4__b050_p00100_s150,high_y_side__quarter_4__p00100_s150,games10_possessions92_source4370615271_grid20x10_trajectory142_outcome242_baseline0.10_mc100_alpha0.05_min100_profiles2b1671cb4b,games10_possessions92_source4370615271_grid20x10_trajectory142_outcome242_baseline0.10_mc100_alpha0.05_min100_profiles2b1671cb4b_plandc0cd9facf,high_y_side,quarter_4,17,b050_p00100_s150,p00100_s150,full_factorial_nested_prefix,50,100,150,1182809535,2906404011,4.952089972195704,nested_prefix_median_v1,ok,whole_grid_cosine_dual_leakage_penalty_v2,35,165,-0.022168979048728943,0.5,1.0,0.9614376613554941,0.9778402757525105,0.03326727968970749,0.9453101898071912,0.9294532457709627,0.45422195883319144,0.01563072049620963,0.12491137348115444,
high_y_side__quarter_4__b100_p00100_s150,high_y_side__quarter_4__p00100_s150,games10_possessions92_source4370615271_grid20x10_trajectory142_outcome242_baseline0.10_mc100_alpha0.05_min100_profiles2b1671cb4b,games10_possessions92_source4370615271_grid20x10_trajectory142_outcome242_baseline0.10_mc100_alpha0.05_min100_profiles2b1671cb4b_plandc0cd9facf,high_y_side,quarter_4,32,b100_p00100_s150,p00100_s150,full_factorial_nested_prefix,100,100,150,1182809535,2906404011,4.952089972195704,nested_prefix_median_v1,ok,whole_grid_cosine_dual_leakage_penalty_v2,35,165,-0.022168979048728943,0.5,1.0,0.9600055939824217,0.973143849336207,0.026819399101871987,0.9470447160573271,0.9342588208173774,0.46101259619634916,0.01270481634854773,0.12563264463096857,
high_y_side__quarter_4__b010_p00100_s200,high_y_side__quarter_4__p00100_s200,games10_possessions92_source4370615271_grid20x10_trajectory142_outcome242_baseline0.10_mc100_alpha0.05_min100_profiles2b1671cb4b,games10_possessions92_source4370615271_grid20x10_trajectory142_outcome242_baseline0.10_mc100_alpha0.05_min100_profiles2b1671cb4b_plandc0cd9facf,high_y_side,quarter_4,3,b010_p00100_s200,p00100_s200,full_factorial_nested_prefix,10,100,200,3764962087,3736641867,5.332499006498622,nested_prefix_median_v1,ok,whole_grid_cosine_dual_leakage_penalty_v2,35,165,-0.02704000659286976,0.5,1.0,0.9671987524196207,0.9740924963432065,0.014104102255863603,0.9603537961681121,0.9535572823137507,0.5398255881459184,0.00772267671765655,0.13370158709585667,
high_y_side__quarter_4__b050_p00100_s200,high_y_side__quarter_4__p00100_s200,games10_possessions92_source4370615271_grid20x10_trajectory142_outcome242_baseline0.10_mc100_alpha0.05_min100_profiles2b1671cb4b,games10_possessions92_source4370615271_grid20x10_trajectory142_outcome242_baseline0.10_mc100_alpha0.05_min100_profiles2b1671cb4b_plandc0cd9facf,high_y_side,quarter_4,18,b050_p00100_s200,p00100_s200,full_factorial_nested_prefix,50,100,200,3764962087,3736641867,5.332499006498622,nested_prefix_median_v1,ok,whole_grid_cosine_dual_leakage_penalty_v2,35,165,-0.02538131270557642,0.5,1.0,0.9733121693879574,0.9928851078818277,0.03903778142306898,0.9541250760621167,0.9353162216629772,0.47692736076499476,0.0193745245175157,0.12274775002151728,
high_y_side__quarter_4__b100_p00100_s200,high_y_side__quarter_4__p00100_s200,games10_possessions92_source4370615271_grid20x10_trajectory142_outcome242_baseline0.10_mc100_alpha0.05_min100_profiles2b1671cb4b,games10_possessions92_source4370615271_grid20x10_trajectory142_outcome242_baseline0.10_mc100_alpha0.05_min100_profiles2b1671cb4b_plandc0cd9facf,high_y_side,quarter_4,33,b100_p00100_s200,p00100_s200,full_factorial_nested_prefix,100,100,200,3764962087,3736641867,5.332499006498622,nested_prefix_median_v1,ok,whole_grid_cosine_dual_leakage_penalty_v2,35,165,-0.023021485656499863,0.5,1.0,0.9754070261936715,0.9898247795448234,0.028919763173684686,0.9611992813369424,0.9471984859982024,0.4444638200385145,0.013236587387252162,0.11966272722929716,
high_y_side__quarter_4__b010_p00100_s250,high_y_side__quarter_4__p00100_s250,games10_possessions92_source4370615271_grid20x10_trajectory142_outcome242_baseline0.10_mc100_alpha0.05_min100_profiles2b1671cb4b,games10_possessions92_source4370615271_grid20x10_trajectory142_outcome242_baseline0.10_mc100_alpha0.05_min100_profiles2b1671cb4b_plandc0cd9facf,high_y_side,quarter_4,4,b010_p00100_s250,p00100_s250,full_factorial_nested_prefix,10,100,250,3323179320,3889458190,5.993028800695151,nested_prefix_median_v1,ok,whole_grid_cosine_dual_leakage_penalty_v2,35,165,-0.01093263179063797,0.5,1.0,0.9351518839728272,0.9509156948134818,0.03288019871757344,0.919649397804355,0.9044039041966875,0.2911286634105544,0.00989781027399849,0.10081812087446451,
high_y_side__quarter_4__b050_p00100_s250,high_y_side__quarter_4__p00100_s250,games10_possessions92_source4370615271_grid20x10_trajectory142_outcome242_baseline0.10_mc100_alpha0.05_min100_profiles2b1671cb4b,games10_possessions92_source4370615271_grid20x10_trajectory142_outcome242_baseline0.10_mc100_alpha0.05_min100_profiles2b1671cb4b_plandc0cd9facf,high_y_side,quarter_4,19,b050_p00100_s250,p00100_s250,full_factorial_nested_prefix,50,100,250,3323179320,3889458190,5.993028800695151,nested_prefix_median_v1,ok,whole_grid_cosine_dual_leakage_penalty_v2,35,165,-0.01983984000980854,0.5,1.0,0.953403798090908,0.9710557722432214,0.036025807677392614,0.9360727037483652,0.9190566562219893,0.34988127080153403,0.013075822436125376,0.10903855226933956,
high_y_side__quarter_4__b100_p00100_s250,high_y_side__quarter_4__p00100_s250,games10_possessions92_source4370615271_grid20x10_trajectory142_outcome242_baseline0.10_mc100_alpha0.05_min100_profiles2b1671cb4b,games10_possessions92_source4370615271_grid20x10_trajectory142_outcome242_baseline0.10_mc100_alpha0.05_min100_profiles2b1671cb4b_plandc0cd9facf,high_y_side,quarter_4,34,b100_p00100_s250,p00100_s250,full_factorial_nested_prefix,100,100,250,3323179320,3889458190,5.993028800695151,nested_prefix_median_v1,ok,whole_grid_cosine_dual_leakage_penalty_v2,35,165,-0.018931307829916477,0.5,1.0,0.9549932633415348,0.9747360236172218,0.04009869388676366,0.9356503821857934,0.916699280810881,0.35272522827196695,0.014734661641295796,0.10909662581980228,
high_y_side__quarter_4__b010_p01000_s050,high_y_side__quarter_4__p01000_s050,games10_possessions92_source4370615271_grid20x10_trajectory142_outcome242_baseline0.10_mc100_alpha0.05_min100_profiles2b1671cb4b,games10_possessions92_source4370615271_grid20x10_trajectory142_outcome242_baseline0.10_mc100_alpha0.05_min100_profiles2b1671cb4b_plandc0cd9facf,high_y_side,quarter_4,5,b010_p01000_s050,p01000_s050,full_factorial_nested_prefix,10,1000,50,3006037492,2303273360,14.349554559043815,nested_prefix_median_v1,ok,whole_grid_cosine_dual_leakage_penalty_v2,35,165,-0.06616823375225067,0.5,1.0,0.9345239378719764,0.9560443668478877,0.04451303463656776,0.9134879308322921,0.8929254414567794,2.936457937248295,0.1368000387319152,0.3189842104911804,
high_y_side__quarter_4__b050_p01000_s050,high_y_side__quarter_4__p01000_s050,games10_possessions92_source4370615271_grid20x10_trajectory142_outcome242_baseline0.10_mc100_alpha0.05_min100_profiles2b1671cb4b,games10_possessions92_source4370615271_grid20x10_trajectory142_outcome242_baseline0.10_mc100_alpha0.05_min100_profiles2b1671cb4b_plandc0cd9facf,high_y_side,quarter_4,20,b050_p01000_s050,p01000_s050,full_factorial_nested_prefix,50,1000,50,3006037492,2303273360,14.349554559043815,nested_prefix_median_v1,ok,whole_grid_cosine_dual_leakage_penalty_v2,35,165,-0.06153779290616512,0.5,1.0,0.9468110016390439,0.9606088500056946,0.028520983626139102,0.9332113407235579,0.9198070205642483,2.8961555324021804,0.0850262364149786,0.3155632521957159,
high_y_side__quarter_4__b100_p01000_s050,high_y_side__quarter_4__p01000_s050,games10_possessions92_source4370615271_grid20x10_trajectory142_outcome242_baseline0.10_mc100_alpha0.05_min100_profiles2b1671cb4b,games10_possessions92_source4370615271_grid20x10_trajectory142_outcome242_baseline0.10_mc100_alpha0.05_min100_profiles2b1671cb4b_plandc0cd9facf,high_y_side,quarter_4,35,b100_p01000_s050,p01000_s050,full_factorial_nested_prefix,100,1000,50,3006037492,2303273360,14.349554559043815,nested_prefix_median_v1,ok,whole_grid_cosine_dual_leakage_penalty_v2,35,165,-0.06059139035642147,0.5,1.0,0.9472967722196882,0.9615189871426062,0.029364020585701325,0.9332849238106078,0.9194803302994609,2.7805879107465254,0.0841193221590467,0.30934284441173077,
high_y_side__quarter_4__b010_p01000_s100,high_y_side__quarter_4__p01000_s100,games10_possessions92_source4370615271_grid20x10_trajectory142_outcome242_baseline0.10_mc100_alpha0.05_min100_profiles2b1671cb4b,games10_possessions92_source4370615271_grid20x10_trajectory142_outcome242_baseline0.10_mc100_alpha0.05_min100_profiles2b1671cb4b_plandc0cd9facf,high_y_side,quarter_4,6,b010_p01000_s100,p01000_s100,full_factorial_nested_prefix,10,1000,100,1763655778,620460948,14.772317316631158,nested_prefix_median_v1,ok,whole_grid_cosine_dual_leakage_penalty_v2,35,165,-0.0633131843060255,0.5,1.0,0.928429745782765,0.9636520048517425,0.07176565375634304,0.8944948887299468,0.8618003781098296,2.332393525478118,0.18032703363150598,0.2831437047570944,
high_y_side__quarter_4__b050_p01000_s100,high_y_side__quarter_4__p01000_s100,games10_possessions92_source4370615271_grid20x10_trajectory142_outcome242_baseline0.10_mc100_alpha0.05_min100_profiles2b1671cb4b,games10_possessions92_source4370615271_grid20x10_trajectory142_outcome242_baseline0.10_mc100_alpha0.05_min100_profiles2b1671cb4b_plandc0cd9facf,high_y_side,quarter_4,21,b050_p01000_s100,p01000_s100,full_factorial_nested_prefix,50,1000,100,1763655778,620460948,14.772317316631158,nested_prefix_median_v1,ok,whole_grid_cosine_dual_leakage_penalty_v2,35,165,-0.060626618564128876,0.5,1.0,0.9440537382978847,0.9631823402324952,0.03932517469595163,0.9253050264387968,0.9069286601169542,2.4330444359573162,0.09959654918276055,0.28935425728559494,
high_y_side__quarter_4__b100_p01000_s100,high_y_side__quarter_4__p01000_s100,games10_possessions92_source4370615271_grid20x10_trajectory142_outcome242_baseline0.10_mc100_alpha0.05_min100_profiles2b1671cb4b,games10_possessions92_source4370615271_grid20x10_trajectory142_outcome242_baseline0.10_mc100_alpha0.05_min100_profiles2b1671cb4b_plandc0cd9facf,high_y_side,quarter_4,36,b100_p01000_s100,p01000_s100,full_factorial_nested_prefix,100,1000,100,1763655778,620460948,14.772317316631158,nested_prefix_median_v1,ok,whole_grid_cosine_dual_leakage_penalty_v2,35,165,-0.060689108446240425,0.5,1.0,0.9464885147669095,0.9633145891480741,0.034628615168180735,0.9299563389545714,0.9137129282279433,2.4349995794242583,0.08734531051513857,0.2894167471677065,
high_y_side__quarter_4__b500_p01000_s100,high_y_side__quarter_4__p01000_s100,games10_possessions92_source4370615271_grid20x10_trajectory142_outcome242_baseline0.10_mc100_alpha0.05_min100_profiles2b1671cb4b,games10_possessions92_source4370615271_grid20x10_trajectory142_outcome242_baseline0.10_mc100_alpha0.05_min100_profiles2b1671cb4b_plandc0cd9facf,high_y_side,quarter_4,12,b500_p01000_s100,p01000_s100,targeted_nested_prefix,500,1000,100,1763655778,620460948,14.772317316631158,nested_prefix_median_v1,ok,whole_grid_cosine_dual_leakage_penalty_v2,35,165,-0.059655243530869484,0.5,1.0,0.946920390503931,0.9634554860640353,0.03403002173694915,0.9306690749306933,0.9146966690319218,2.3971898899054302,0.08445026853501425,0.2874514199793339,
high_y_side__quarter_4__b010_p01000_s150,high_y_side__quarter_4__p01000_s150,games10_possessions92_source4370615271_grid20x10_trajectory142_outcome242_baseline0.10_mc100_alpha0.05_min100_profiles2b1671cb4b,games10_possessions92_source4370615271_grid20x10_trajectory142_outcome242_baseline0.10_mc100_alpha0.05_min100_profiles2b1671cb4b_plandc0cd9facf,high_y_side,quarter_4,7,b010_p01000_s150,p01000_s150,full_factorial_nested_prefix,10,1000,150,797757005,2997764103,16.04008685712627,nested_prefix_median_v1,ok,whole_grid_cosine_dual_leakage_penalty_v2,35,165,-0.058227650821208954,0.5,1.0,0.944521699276934,0.961165097161467,0.034331876136521354,0.9281664960989721,0.9120944972891016,2.265829218355422,0.08055579981232447,0.27957965433597565,
high_y_side__quarter_4__b050_p01000_s150,high_y_side__quarter_4__p01000_s150,games10_possessions92_source4370615271_grid20x10_trajectory142_outcome242_baseline0.10_mc100_alpha0.05_min100_profiles2b1671cb4b,games10_possessions92_source4370615271_grid20x10_trajectory142_outcome242_baseline0.10_mc100_alpha0.05_min100_profiles2b1671cb4b_plandc0cd9facf,high_y_side,quarter_4,22,b050_p01000_s150,p01000_s150,full_factorial_nested_prefix,50,1000,150,797757005,2997764103,16.04008685712627,nested_prefix_median_v1,ok,whole_grid_cosine_dual_leakage_penalty_v2,35,165,-0.05557865835726261,0.5,1.0,0.9447290624284694,0.9616478338081696,0.034877510061711935,0.9281079518087015,0.9117792650480289,2.095540255017086,0.0757284459651895,0.26876665838062763,
high_y_side__quarter_4__b100_p01000_s150,high_y_side__quarter_4__p01000_s150,games10_possessions92_source4370615271_grid20x10_trajectory142_outcome242_baseline0.10_mc100_alpha0.05_min100_profiles2b1671cb4b,games10_possessions92_source4370615271_grid20x10_trajectory142_outcome242_baseline0.10_mc100_alpha0.05_min100_profiles2b1671cb4b_plandc0cd9facf,high_y_side,quarter_4,37,b100_p01000_s150,p01000_s150,full_factorial_nested_prefix,100,1000,150,797757005,2997764103,16.04008685712627,nested_prefix_median_v1,ok,whole_grid_cosine_dual_leakage_penalty_v2,35,165,-0.05556729435920715,0.5,1.0,0.94375874228979,0.9609260432882082,0.03541157201434764,0.9268981415058458,0.9103387616230249,2.085491604546608,0.07656170652382957,0.2682885527610779,
high_y_side__quarter_4__b010_p01000_s200,high_y_side__quarter_4__p01000_s200,games10_possessions92_source4370615271_grid20x10_trajectory142_outcome242_baseline0.10_mc100_alpha0.05_min100_profiles2b1671cb4b,games10_possessions92_source4370615271_grid20x10_trajectory142_outcome242_baseline0.10_mc100_alpha0.05_min100_profiles2b1671cb4b_plandc0cd9facf,high_y_side,quarter_4,8,b010_p01000_s200,p01000_s200,full_factorial_nested_prefix,10,1000,200,2788884382,204799898,15.92320697602505,nested_prefix_median_v1,ok,whole_grid_cosine_dual_leakage_penalty_v2,35,165,-0.06343017518520355,0.5,1.0,0.9379988280901939,0.9675690892575509,0.060188791217345224,0.9093322753558714,0.8815418124641587,2.2813984628680775,0.1461087232009116,0.2791941910982132,
high_y_side__quarter_4__b050_p01000_s200,high_y_side__quarter_4__p01000_s200,games10_possessions92_source4370615271_grid20x10_trajectory142_outcome242_baseline0.10_mc100_alpha0.05_min100_profiles2b1671cb4b,games10_possessions92_source4370615271_grid20x10_trajectory142_outcome242_baseline0.10_mc100_alpha0.05_min100_profiles2b1671cb4b_plandc0cd9facf,high_y_side,quarter_4,23,b050_p01000_s200,p01000_s200,full_factorial_nested_prefix,50,1000,200,2788884382,204799898,15.92320697602505,nested_prefix_median_v1,ok,whole_grid_cosine_dual_leakage_penalty_v2,35,165,-0.05855821818113327,0.5,1.0,0.9384296841779294,0.9627881588444072,0.049959776868418515,0.9146874772569851,0.8915459465496995,2.098861318389323,0.11037284589787551,0.2690859492868185,
high_y_side__quarter_4__b100_p01000_s200,high_y_side__quarter_4__p01000_s200,games10_possessions92_source4370615271_grid20x10_trajectory142_outcome242_baseline0.10_mc100_alpha0.05_min100_profiles2b1671cb4b,games10_possessions92_source4370615271_grid20x10_trajectory142_outcome242_baseline0.10_mc100_alpha0.05_min100_profiles2b1671cb4b_plandc0cd9facf,high_y_side,quarter_4,38,b100_p01000_s200,p01000_s200,full_factorial_nested_prefix,100,1000,200,2788884382,204799898,15.92320697602505,nested_prefix_median_v1,ok,whole_grid_cosine_dual_leakage_penalty_v2,35,165,-0.05790155567228794,0.5,1.0,0.9431729626976669,0.9657746281030832,0.04625757513043678,0.9211002356845354,0.8995440685146829,2.0529776759886382,0.09957171518415125,0.26603297889232635,
high_y_side__quarter_4__b010_p01000_s250,high_y_side__quarter_4__p01000_s250,games10_possessions92_source4370615271_grid20x10_trajectory142_outcome242_baseline0.10_mc100_alpha0.05_min100_profiles2b1671cb4b,games10_possessions92_source4370615271_grid20x10_trajectory142_outcome242_baseline0.10_mc100_alpha0.05_min100_profiles2b1671cb4b_plandc0cd9facf,high_y_side,quarter_4,9,b010_p01000_s250,p01000_s250,full_factorial_nested_prefix,10,1000,250,124805235,4092400444,16.919204942318764,nested_prefix_median_v1,ok,whole_grid_cosine_dual_leakage_penalty_v2,35,165,-0.05132244527339935,0.5,1.0,0.9399916075911525,0.956148259901251,0.03350975639972898,0.9241079646299353,0.9084927178029834,1.9667847599725952,0.06819156078790098,0.2612381726503372,
high_y_side__quarter_4__b050_p01000_s250,high_y_side__quarter_4__p01000_s250,games10_possessions92_source4370615271_grid20x10_trajectory142_outcome242_baseline0.10_mc100_alpha0.05_min100_profiles2b1671cb4b,games10_possessions92_source4370615271_grid20x10_trajectory142_outcome242_baseline0.10_mc100_alpha0.05_min100_profiles2b1671cb4b_plandc0cd9facf,high_y_side,quarter_4,24,b050_p01000_s250,p01000_s250,full_factorial_nested_prefix,50,1000,250,124805235,4092400444,16.919204942318764,nested_prefix_median_v1,ok,whole_grid_cosine_dual_leakage_penalty_v2,35,165,-0.05576731264591217,0.5,1.0,0.9429215653796233,0.9620588832506053,0.039388395063851486,0.9241649278824429,0.9057813982482255,1.9586231939342933,0.08031031870475319,0.26011931151151657,
high_y_side__quarter_4__b100_p01000_s250,high_y_side__quarter_4__p01000_s250,games10_possessions92_source4370615271_grid20x10_trajectory142_outcome242_baseline0.10_mc100_alpha0.05_min100_profiles2b1671cb4b,games10_possessions92_source4370615271_grid20x10_trajectory142_outcome242_baseline0.10_mc100_alpha0.05_min100_profiles2b1671cb4b_plandc0cd9facf,high_y_side,quarter_4,39,b100_p01000_s250,p01000_s250,full_factorial_nested_prefix,100,1000,250,124805235,4092400444,16.919204942318764,nested_prefix_median_v1,ok,whole_grid_cosine_dual_leakage_penalty_v2,35,165,-0.05580810643732548,0.5,1.0,0.9459123407427693,0.9648339371597421,0.03883789250611134,0.9273618204220839,0.9091750989327975,1.9600923536270238,0.07920189064746413,0.25986580550670624,
high_y_side__quarter_4__b050_p02500_s150,high_y_side__quarter_4__p02500_s150,games10_possessions92_source4370615271_grid20x10_trajectory142_outcome242_baseline0.10_mc100_alpha0.05_min100_profiles2b1671cb4b,games10_possessions92_source4370615271_grid20x10_trajectory142_outcome242_baseline0.10_mc100_alpha0.05_min100_profiles2b1671cb4b_plandc0cd9facf,high_y_side,quarter_4,3,b050_p02500_s150,p02500_s150,full_factorial_nested_prefix,50,2500,150,2304242463,2177261628,27.53906850642324,nested_prefix_median_v1,ok,whole_grid_cosine_dual_leakage_penalty_v2,35,165,-0.06703129783272743,0.5,1.0,0.9293903266343857,0.9641701816483981,0.07084342710424142,0.8958650616687065,0.8635491307780755,2.606518695408953,0.1987336930939011,0.3007541596889496,
high_y_side__quarter_4__b100_p02500_s150,high_y_side__quarter_4__p02500_s150,games10_possessions92_source4370615271_grid20x10_trajectory142_outcome242_baseline0.10_mc100_alpha0.05_min100_profiles2b1671cb4b,games10_possessions92_source4370615271_grid20x10_trajectory142_outcome242_baseline0.10_mc100_alpha0.05_min100_profiles2b1671cb4b_plandc0cd9facf,high_y_side,quarter_4,9,b100_p02500_s150,p02500_s150,full_factorial_nested_prefix,100,2500,150,2304242463,2177261628,27.53906850642324,nested_prefix_median_v1,ok,whole_grid_cosine_dual_leakage_penalty_v2,35,165,-0.06600730866193771,0.5,1.0,0.9322069861674906,0.9649898131297543,0.0667902896925445,0.9005378639604638,0.8699446115079501,2.6041001728870925,0.18637676292312857,0.2995447367429733,
high_y_side__quarter_4__b050_p02500_s200,high_y_side__quarter_4__p02500_s200,games10_possessions92_source4370615271_grid20x10_trajectory142_outcome242_baseline0.10_mc100_alpha0.05_min100_profiles2b1671cb4b,games10_possessions92_source4370615271_grid20x10_trajectory142_outcome242_baseline0.10_mc100_alpha0.05_min100_profiles2b1671cb4b_plandc0cd9facf,high_y_side,quarter_4,4,b050_p02500_s200,p02500_s200,full_factorial_nested_prefix,50,2500,200,1241465810,1980449907,24.667801441213108,nested_prefix_median_v1,ok,whole_grid_cosine_dual_leakage_penalty_v2,35,165,-0.06865382939577103,0.5,1.0,0.9204538001475566,0.9662436843222437,0.09253339125071984,0.8768338794373163,0.8352810885302909,2.6591520793906693,0.2711508692276356,0.3039706386625767,
high_y_side__quarter_4__b100_p02500_s200,high_y_side__quarter_4__p02500_s200,games10_possessions92_source4370615271_grid20x10_trajectory142_outcome242_baseline0.10_mc100_alpha0.05_min100_profiles2b1671cb4b,games10_possessions92_source4370615271_grid20x10_trajectory142_outcome242_baseline0.10_mc100_alpha0.05_min100_profiles2b1671cb4b_plandc0cd9facf,high_y_side,quarter_4,10,b100_p02500_s200,p02500_s200,full_factorial_nested_prefix,100,2500,200,1241465810,1980449907,24.667801441213108,nested_prefix_median_v1,ok,whole_grid_cosine_dual_leakage_penalty_v2,35,165,-0.06856784597039223,0.5,1.0,0.921427798770489,0.9661829033293962,0.09049744340647736,0.8787458207150382,0.8380409386981016,2.6636745408071545,0.2650412956647722,0.30339469388127327,
high_y_side__quarter_4__b050_p02500_s250,high_y_side__quarter_4__p02500_s250,games10_possessions92_source4370615271_grid20x10_trajectory142_outcome242_baseline0.10_mc100_alpha0.05_min100_profiles2b1671cb4b,games10_possessions92_source4370615271_grid20x10_trajectory142_outcome242_baseline0.10_mc100_alpha0.05_min100_profiles2b1671cb4b_plandc0cd9facf,high_y_side,quarter_4,5,b050_p02500_s250,p02500_s250,full_factorial_nested_prefix,50,2500,250,2443634533,3835941069,27.837828365625235,nested_prefix_median_v1,ok,whole_grid_cosine_dual_leakage_penalty_v2,35,165,-0.06667206063866615,0.5,1.0,0.9344096125087643,0.9692256306331859,0.07055260532132622,0.9008442372478092,0.8684845799089801,2.477827105262107,0.1880871997844257,0.2940167188644409,
high_y_side__quarter_4__b100_p02500_s250,high_y_side__quarter_4__p02500_s250,games10_possessions92_source4370615271_grid20x10_trajectory142_outcome242_baseline0.10_mc100_alpha0.05_min100_profiles2b1671cb4b,games10_possessions92_source4370615271_grid20x10_trajectory142_outcome242_baseline0.10_mc100_alpha0.05_min100_profiles2b1671cb4b_plandc0cd9facf,high_y_side,quarter_4,11,b100_p02500_s250,p02500_s250,full_factorial_nested_prefix,100,2500,250,2443634533,3835941069,27.837828365625235,nested_prefix_median_v1,ok,whole_grid_cosine_dual_leakage_penalty_v2,35,165,-0.06696450710296631,0.5,1.0,0.9326148699282069,0.9691024589545266,0.07388422810914468,0.8975010718159974,0.863709340140451,2.4889436778801715,0.198564464647714,0.2949355021119118,
high_y_side__quarter_4__b010_p10000_s050,high_y_side__quarter_4__p10000_s050,games10_possessions92_source4370615271_grid20x10_trajectory142_outcome242_baseline0.10_mc100_alpha0.05_min100_profiles2b1671cb4b,games10_possessions92_source4370615271_grid20x10_trajectory142_outcome242_baseline0.10_mc100_alpha0.05_min100_profiles2b1671cb4b_plandc0cd9facf,high_y_side,quarter_4,10,b010_p10000_s050,p10000_s050,full_factorial_nested_prefix,10,10000,50,3895058926,3148384509,42.59350734177875,nested_prefix_median_v1,ok,whole_grid_cosine_dual_leakage_penalty_v2,35,165,-0.0893956832587719,0.5,1.0,0.8658706379299946,0.9562616118511865,0.18011567784473032,0.7840239034357154,0.7099137610533846,4.904838918218206,1.0775158916952439,0.4332960695028305,
high_y_side__quarter_4__b050_p10000_s050,high_y_side__quarter_4__p10000_s050,games10_possessions92_source4370615271_grid20x10_trajectory142_outcome242_baseline0.10_mc100_alpha0.05_min100_profiles2b1671cb4b,games10_possessions92_source4370615271_grid20x10_trajectory142_outcome242_baseline0.10_mc100_alpha0.05_min100_profiles2b1671cb4b_plandc0cd9facf,high_y_side,quarter_4,25,b050_p10000_s050,p10000_s050,full_factorial_nested_prefix,50,10000,50,3895058926,3148384509,42.59350734177875,nested_prefix_median_v1,ok,whole_grid_cosine_dual_leakage_penalty_v2,35,165,-0.09160259366035461,0.5,1.0,0.8653071390908627,0.9563045442371079,0.18125599195296987,0.7829686154622783,0.7084650352509618,4.952546075626976,1.096409430551816,0.4424179121851921,
high_y_side__quarter_4__b100_p10000_s050,high_y_side__quarter_4__p10000_s050,games10_possessions92_source4370615271_grid20x10_trajectory142_outcome242_baseline0.10_mc100_alpha0.05_min100_profiles2b1671cb4b,games10_possessions92_source4370615271_grid20x10_trajectory142_outcome242_baseline0.10_mc100_alpha0.05_min100_profiles2b1671cb4b_plandc0cd9facf,high_y_side,quarter_4,40,b100_p10000_s050,p10000_s050,full_factorial_nested_prefix,100,10000,50,3895058926,3148384509,42.59350734177875,nested_prefix_median_v1,ok,whole_grid_cosine_dual_leakage_penalty_v2,35,165,-0.09195864573121071,0.5,1.0,0.8660717403185869,0.9570423170650451,0.1810725032270723,0.78374826901984,0.7092499623248734,4.952251719425155,1.0949890179295414,0.44111933931708336,
high_y_side__quarter_4__b010_p10000_s100,high_y_side__quarter_4__p10000_s100,games10_possessions92_source4370615271_grid20x10_trajectory142_outcome242_baseline0.10_mc100_alpha0.05_min100_profiles2b1671cb4b,games10_possessions92_source4370615271_grid20x10_trajectory142_outcome242_baseline0.10_mc100_alpha0.05_min100_profiles2b1671cb4b_plandc0cd9facf,high_y_side,quarter_4,11,b010_p10000_s100,p10000_s100,full_factorial_nested_prefix,10,10000,100,2168235201,308220970,47.4856603742609,nested_prefix_median_v1,ok,whole_grid_cosine_dual_leakage_penalty_v2,35,165,-0.0844067931175232,0.5,1.0,0.8511916194561775,0.9596095540619197,0.21319782528720482,0.7550228840110939,0.6697194172854264,4.105733655195678,1.1125204207979296,0.4065560922026634,
high_y_side__quarter_4__b050_p10000_s100,high_y_side__quarter_4__p10000_s100,games10_possessions92_source4370615271_grid20x10_trajectory142_outcome242_baseline0.10_mc100_alpha0.05_min100_profiles2b1671cb4b,games10_possessions92_source4370615271_grid20x10_trajectory142_outcome242_baseline0.10_mc100_alpha0.05_min100_profiles2b1671cb4b_plandc0cd9facf,high_y_side,quarter_4,26,b050_p10000_s100,p10000_s100,full_factorial_nested_prefix,50,10000,100,2168235201,308220970,47.4856603742609,nested_prefix_median_v1,ok,whole_grid_cosine_dual_leakage_penalty_v2,35,165,-0.07465093582868576,0.5,1.0,0.845198092110366,0.9586593776701702,0.22270053958606822,0.7451654169837791,0.6569720209402722,3.741142441262838,1.0718577366487538,0.3985423296689987,
high_y_side__quarter_4__b100_p10000_s100,high_y_side__quarter_4__p10000_s100,games10_possessions92_source4370615271_grid20x10_trajectory142_outcome242_baseline0.10_mc100_alpha0.05_min100_profiles2b1671cb4b,games10_possessions92_source4370615271_grid20x10_trajectory142_outcome242_baseline0.10_mc100_alpha0.05_min100_profiles2b1671cb4b_plandc0cd9facf,high_y_side,quarter_4,41,b100_p10000_s100,p10000_s100,full_factorial_nested_prefix,100,10000,100,2168235201,308220970,47.4856603742609,nested_prefix_median_v1,ok,whole_grid_cosine_dual_leakage_penalty_v2,35,165,-0.06890605390071869,0.5,1.0,0.8436716727238242,0.956482828664088,0.2219767429106378,0.74416588570728,0.65639618272662,3.6160397929213275,1.0316873283078984,0.39747285917401315,
high_y_side__quarter_4__b010_p10000_s150,high_y_side__quarter_4__p10000_s150,games10_possessions92_source4370615271_grid20x10_trajectory142_outcome242_baseline0.10_mc100_alpha0.05_min100_profiles2b1671cb4b,games10_possessions92_source4370615271_grid20x10_trajectory142_outcome242_baseline0.10_mc100_alpha0.05_min100_profiles2b1671cb4b_plandc0cd9facf,high_y_side,quarter_4,12,b010_p10000_s150,p10000_s150,full_factorial_nested_prefix,10,10000,150,546574915,3363145282,48.40620478240904,nested_prefix_median_v1,ok,whole_grid_cosine_dual_leakage_penalty_v2,35,165,-0.07489866018295288,0.5,1.0,0.8309256915707256,0.9548416571090576,0.24271098207831923,0.7230911007828286,0.6292509009354882,3.605835786699969,1.1556696641461257,0.3959071785211563,
high_y_side__quarter_4__b050_p10000_s150,high_y_side__quarter_4__p10000_s150,games10_possessions92_source4370615271_grid20x10_trajectory142_outcome242_baseline0.10_mc100_alpha0.05_min100_profiles2b1671cb4b,games10_possessions92_source4370615271_grid20x10_trajectory142_outcome242_baseline0.10_mc100_alpha0.05_min100_profiles2b1671cb4b_plandc0cd9facf,high_y_side,quarter_4,27,b050_p10000_s150,p10000_s150,full_factorial_nested_prefix,50,10000,150,546574915,3363145282,48.40620478240904,nested_prefix_median_v1,ok,whole_grid_cosine_dual_leakage_penalty_v2,35,165,-0.07025337964296341,0.5,1.0,0.8298452782275743,0.9547534680194358,0.2445394938021047,0.7212785382441591,0.6269153339557365,3.4368694149154426,1.1125006536969113,0.38951386511325836,
high_y_side__quarter_4__b100_p10000_s150,high_y_side__quarter_4__p10000_s150,games10_possessions92_source4370615271_grid20x10_trajectory142_outcome242_baseline0.10_mc100_alpha0.05_min100_profiles2b1671cb4b,games10_possessions92_source4370615271_grid20x10_trajectory142_outcome242_baseline0.10_mc100_alpha0.05_min100_profiles2b1671cb4b_plandc0cd9facf,high_y_side,quarter_4,42,b100_p10000_s150,p10000_s150,full_factorial_nested_prefix,100,10000,150,546574915,3363145282,48.40620478240904,nested_prefix_median_v1,ok,whole_grid_cosine_dual_leakage_penalty_v2,35,165,-0.06793129816651344,0.5,1.0,0.8277514125503228,0.9543535550207195,0.24771696178351366,0.7179439919036915,0.622703347521345,3.396504419412984,1.1184244662168465,0.3891281560063362,
high_y_side__quarter_4__b010_p10000_s200,high_y_side__quarter_4__p10000_s200,games10_possessions92_source4370615271_grid20x10_trajectory142_outcome242_baseline0.10_mc100_alpha0.05_min100_profiles2b1671cb4b,games10_possessions92_source4370615271_grid20x10_trajectory142_outcome242_baseline0.10_mc100_alpha0.05_min100_profiles2b1671cb4b_plandc0cd9facf,high_y_side,quarter_4,13,b010_p10000_s200,p10000_s200,full_factorial_nested_prefix,10,10000,200,1843621212,1884617867,53.83142101208097,nested_prefix_median_v1,ok,whole_grid_cosine_dual_leakage_penalty_v2,35,165,-0.08617928624153137,0.5,1.0,0.8502485285011709,0.9604169101410613,0.21625969469039394,0.7527174423784638,0.666374041316551,3.611067276282578,0.9964120785734599,0.3668139688670635,
high_y_side__quarter_4__b050_p10000_s200,high_y_side__quarter_4__p10000_s200,games10_possessions92_source4370615271_grid20x10_trajectory142_outcome242_baseline0.10_mc100_alpha0.05_min100_profiles2b1671cb4b,games10_possessions92_source4370615271_grid20x10_trajectory142_outcome242_baseline0.10_mc100_alpha0.05_min100_profiles2b1671cb4b_plandc0cd9facf,high_y_side,quarter_4,28,b050_p10000_s200,p10000_s200,full_factorial_nested_prefix,50,10000,200,1843621212,1884617867,53.83142101208097,nested_prefix_median_v1,ok,whole_grid_cosine_dual_leakage_penalty_v2,35,165,-0.07872572541236877,0.5,1.0,0.8487735769127485,0.9590676915190243,0.21677745471991913,0.7511634384474216,0.6647786012760813,3.394696893164265,0.9395717174900915,0.36297300457954407,
high_y_side__quarter_4__b100_p10000_s200,high_y_side__quarter_4__p10000_s200,games10_possessions92_source4370615271_grid20x10_trajectory142_outcome242_baseline0.10_mc100_alpha0.05_min100_profiles2b1671cb4b,games10_possessions92_source4370615271_grid20x10_trajectory142_outcome242_baseline0.10_mc100_alpha0.05_min100_profiles2b1671cb4b_plandc0cd9facf,high_y_side,quarter_4,43,b100_p10000_s200,p10000_s200,full_factorial_nested_prefix,100,10000,200,1843621212,1884617867,53.83142101208097,nested_prefix_median_v1,ok,whole_grid_cosine_dual_leakage_penalty_v2,35,165,-0.08029761537909508,0.5,1.0,0.8480372120587089,0.9600631032039314,0.21975631830823072,0.7490831703002607,0.6616756765483107,3.39464843468945,0.9561057134620324,0.3616753779351711,
high_y_side__quarter_4__b010_p10000_s250,high_y_side__quarter_4__p10000_s250,games10_possessions92_source4370615271_grid20x10_trajectory142_outcome242_baseline0.10_mc100_alpha0.05_min100_profiles2b1671cb4b,games10_possessions92_source4370615271_grid20x10_trajectory142_outcome242_baseline0.10_mc100_alpha0.05_min100_profiles2b1671cb4b_plandc0cd9facf,high_y_side,quarter_4,14,b010_p10000_s250,p10000_s250,full_factorial_nested_prefix,10,10000,250,3430126955,149659719,57.468500872934605,nested_prefix_median_v1,ok,whole_grid_cosine_dual_leakage_penalty_v2,35,165,-0.06780629605054855,0.5,1.0,0.8483674753490356,0.962489551760147,0.2230805877896591,0.7477768168120882,0.6591131602865435,2.948570631215693,0.8466371919830993,0.34782327711582184,
high_y_side__quarter_4__b050_p10000_s250,high_y_side__quarter_4__p10000_s250,games10_possessions92_source4370615271_grid20x10_trajectory142_outcome242_baseline0.10_mc100_alpha0.05_min100_profiles2b1671cb4b,games10_possessions92_source4370615271_grid20x10_trajectory142_outcome242_baseline0.10_mc100_alpha0.05_min100_profiles2b1671cb4b_plandc0cd9facf,high_y_side,quarter_4,29,b050_p10000_s250,p10000_s250,full_factorial_nested_prefix,50,10000,250,3430126955,149659719,57.468500872934605,nested_prefix_median_v1,ok,whole_grid_cosine_dual_leakage_penalty_v2,35,165,-0.06457502022385597,0.5,1.0,0.8490427240299999,0.9588646195972756,0.21594866119332617,0.751799088729596,0.6656930844797868,2.9104326535426344,0.8016108179630875,0.3490132503211498,
high_y_side__quarter_4__b100_p10000_s250,high_y_side__quarter_4__p10000_s250,games10_possessions92_source4370615271_grid20x10_trajectory142_outcome242_baseline0.10_mc100_alpha0.05_min100_profiles2b1671cb4b,games10_possessions92_source4370615271_grid20x10_trajectory142_outcome242_baseline0.10_mc100_alpha0.05_min100_profiles2b1671cb4b_plandc0cd9facf,high_y_side,quarter_4,44,b100_p10000_s250,p10000_s250,full_factorial_nested_prefix,100,10000,250,3430126955,149659719,57.468500872934605,nested_prefix_median_v1,ok,whole_grid_cosine_dual_leakage_penalty_v2,35,165,-0.06734490767121315,0.5,1.0,0.8512333003143996,0.9588519039398975,0.211876749325564,0.7556934794484841,0.670876755726113,2.9688242145911667,0.7981300175680763,0.3470417447388172,
low_y_side__full_game__b010_p00100_s050,low_y_side__full_game__p00100_s050,games10_possessions92_source4370615271_grid20x10_trajectory142_outcome242_baseline0.10_mc100_alpha0.05_min100_profiles2b1671cb4b,games10_possessions92_source4370615271_grid20x10_trajectory142_outcome242_baseline0.10_mc100_alpha0.05_min100_profiles2b1671cb4b_plandc0cd9facf,low_y_side,full_game,0,b010_p00100_s050,p00100_s050,full_factorial_nested_prefix,10,100,50,1626580737,1345325109,4.368374463588152,nested_prefix_median_v1,ok,whole_grid_cosine_dual_leakage_penalty_v2,35,165,0.0052981774642830715,0.5,1.0,0.9755923029357961,0.9902771618027352,0.02943817802764638,0.961125206416874,0.9468726430395706,0.11002710843646975,0.0033372398673561384,0.0596824379026657,
low_y_side__full_game__b050_p00100_s050,low_y_side__full_game__p00100_s050,games10_possessions92_source4370615271_grid20x10_trajectory142_outcome242_baseline0.10_mc100_alpha0.05_min100_profiles2b1671cb4b,games10_possessions92_source4370615271_grid20x10_trajectory142_outcome242_baseline0.10_mc100_alpha0.05_min100_profiles2b1671cb4b_plandc0cd9facf,low_y_side,full_game,15,b050_p00100_s050,p00100_s050,full_factorial_nested_prefix,50,100,50,1626580737,1345325109,4.368374463588152,nested_prefix_median_v1,ok,whole_grid_cosine_dual_leakage_penalty_v2,35,165,0.005233749630860984,0.5,1.0,0.9703026174354351,0.9724782160076915,0.004469334006942918,0.9681318860458771,0.9659660109503052,0.13773365530292486,0.0006183412832711362,0.07026239158585668,
low_y_side__full_game__b100_p00100_s050,low_y_side__full_game__p00100_s050,games10_possessions92_source4370615271_grid20x10_trajectory142_outcome242_baseline0.10_mc100_alpha0.05_min100_profiles2b1671cb4b,games10_possessions92_source4370615271_grid20x10_trajectory142_outcome242_baseline0.10_mc100_alpha0.05_min100_profiles2b1671cb4b_plandc0cd9facf,low_y_side,full_game,30,b100_p00100_s050,p00100_s050,full_factorial_nested_prefix,100,100,50,1626580737,1345325109,4.368374463588152,nested_prefix_median_v1,ok,whole_grid_cosine_dual_leakage_penalty_v2,35,165,0.0029201990691944957,0.5,1.0,0.9669584677864795,0.9686602831620075,0.0035106640921310772,0.9652596422884374,0.9635638014150395,0.19586360132283073,0.0006900337889648148,0.08562432997860014,
low_y_side__full_game__b010_p00100_s100,low_y_side__full_game__p00100_s100,games10_possessions92_source4370615271_grid20x10_trajectory142_outcome242_baseline0.10_mc100_alpha0.05_min100_profiles2b1671cb4b,games10_possessions92_source4370615271_grid20x10_trajectory142_outcome242_baseline0.10_mc100_alpha0.05_min100_profiles2b1671cb4b_plandc0cd9facf,low_y_side,full_game,1,b010_p00100_s100,p00100_s100,full_factorial_nested_prefix,10,100,100,3943612369,1527682196,4.719163147415766,nested_prefix_median_v1,ok,whole_grid_cosine_dual_leakage_penalty_v2,35,165,0.008279926143586636,0.5,1.0,0.9564663350125687,0.9566526349202407,0.00038944494734356104,0.9562800713852081,0.9560938440310938,0.11496969187600582,4.4791809542665297e-05,0.0653102146461606,
low_y_side__full_game__b050_p00100_s100,low_y_side__full_game__p00100_s100,games10_possessions92_source4370615271_grid20x10_trajectory142_outcome242_baseline0.10_mc100_alpha0.05_min100_profiles2b1671cb4b,games10_possessions92_source4370615271_grid20x10_trajectory142_outcome242_baseline0.10_mc100_alpha0.05_min100_profiles2b1671cb4b_plandc0cd9facf,low_y_side,full_game,16,b050_p00100_s100,p00100_s100,full_factorial_nested_prefix,50,100,100,3943612369,1527682196,4.719163147415766,nested_prefix_median_v1,ok,whole_grid_cosine_dual_leakage_penalty_v2,35,165,-0.002708276442717761,0.5,1.0,0.9681489788184626,0.9713288967637894,0.006536844067257196,0.9649794712276233,0.961820339910052,0.22215333369069373,0.0014617368471948966,0.0918654334382154,
low_y_side__full_game__b100_p00100_s100,low_y_side__full_game__p00100_s100,games10_possessions92_source4370615271_grid20x10_trajectory142_outcome242_baseline0.10_mc100_alpha0.05_min100_profiles2b1671cb4b,games10_possessions92_source4370615271_grid20x10_trajectory142_outcome242_baseline0.10_mc100_alpha0.05_min100_profiles2b1671cb4b_plandc0cd9facf,low_y_side,full_game,31,b100_p00100_s100,p00100_s100,full_factorial_nested_prefix,100,100,100,3943612369,1527682196,4.719163147415766,nested_prefix_median_v1,ok,whole_grid_cosine_dual_leakage_penalty_v2,35,165,-0.0020601142896339297,0.5,1.0,0.9635793862102826,0.9656669769469369,0.004318951143165865,0.9614963084529345,0.9594177339186787,0.2076103420883109,0.0009005483486150939,0.0893989943433553,
low_y_side__full_game__b010_p00100_s150,low_y_side__full_game__p00100_s150,games10_possessions92_source4370615271_grid20x10_trajectory142_outcome242_baseline0.10_mc100_alpha0.05_min100_profiles2b1671cb4b,games10_possessions92_source4370615271_grid20x10_trajectory142_outcome242_baseline0.10_mc100_alpha0.05_min100_profiles2b1671cb4b_plandc0cd9facf,low_y_side,full_game,2,b010_p00100_s150,p00100_s150,full_factorial_nested_prefix,10,100,150,4026978240,3998385854,5.46639722261245,nested_prefix_median_v1,ok,whole_grid_cosine_dual_leakage_penalty_v2,35,165,0.0012421327992342412,0.5,1.0,0.9405863415075618,0.9428942432174955,0.004889365326242132,0.9382840887983946,0.9359874712630578,0.11939147909200437,0.000586616741677761,0.06797360116615891,
low_y_side__full_game__b050_p00100_s150,low_y_side__full_game__p00100_s150,games10_possessions92_source4370615271_grid20x10_trajectory142_outcome242_baseline0.10_mc100_alpha0.05_min100_profiles2b1671cb4b,games10_possessions92_source4370615271_grid20x10_trajectory142_outcome242_baseline0.10_mc100_alpha0.05_min100_profiles2b1671cb4b_plandc0cd9facf,low_y_side,full_game,17,b050_p00100_s150,p00100_s150,full_factorial_nested_prefix,50,100,150,4026978240,3998385854,5.46639722261245,nested_prefix_median_v1,ok,whole_grid_cosine_dual_leakage_penalty_v2,35,165,0.0018773652845993638,0.5,1.0,0.9686842778476432,0.9700127461039258,0.002737198183139853,0.9673576289776676,0.9660327970022825,0.14549088802502186,0.0003993304409228601,0.07146906334673986,
low_y_side__full_game__b100_p00100_s150,low_y_side__full_game__p00100_s150,games10_possessions92_source4370615271_grid20x10_trajectory142_outcome242_baseline0.10_mc100_alpha0.05_min100_profiles2b1671cb4b,games10_possessions92_source4370615271_grid20x10_trajectory142_outcome242_baseline0.10_mc100_alpha0.05_min100_profiles2b1671cb4b_plandc0cd9facf,low_y_side,full_game,32,b100_p00100_s150,p00100_s150,full_factorial_nested_prefix,100,100,150,4026978240,3998385854,5.46639722261245,nested_prefix_median_v1,ok,whole_grid_cosine_dual_leakage_penalty_v2,35,165,0.001356761553324759,0.5,1.0,0.9656752808921211,0.9675348675414599,0.0038402742136957667,0.9638192683387888,0.9619668230121076,0.14562435633166795,0.0005613933649697816,0.07260678027523682,
low_y_side__full_game__b010_p00100_s200,low_y_side__full_game__p00100_s200,games10_possessions92_source4370615271_grid20x10_trajectory142_outcome242_baseline0.10_mc100_alpha0.05_min100_profiles2b1671cb4b,games10_possessions92_source4370615271_grid20x10_trajectory142_outcome242_baseline0.10_mc100_alpha0.05_min100_profiles2b1671cb4b_plandc0cd9facf,low_y_side,full_game,3,b010_p00100_s200,p00100_s200,full_factorial_nested_prefix,10,100,200,1010574105,3835687789,4.690748388543845,nested_prefix_median_v1,ok,whole_grid_cosine_dual_leakage_penalty_v2,35,165,-0.012108933180570602,0.5,1.0,0.9785864043919233,0.9859992131792302,0.014979613958364318,0.9712293256025544,0.9639275578292286,0.3473640589932353,0.00528250945915876,0.10558922262862325,
low_y_side__full_game__b050_p00100_s200,low_y_side__full_game__p00100_s200,games10_possessions92_source4370615271_grid20x10_trajectory142_outcome242_baseline0.10_mc100_alpha0.05_min100_profiles2b1671cb4b,games10_possessions92_source4370615271_grid20x10_trajectory142_outcome242_baseline0.10_mc100_alpha0.05_min100_profiles2b1671cb4b_plandc0cd9facf,low_y_side,full_game,18,b050_p00100_s200,p00100_s200,full_factorial_nested_prefix,50,100,200,1010574105,3835687789,4.690748388543845,nested_prefix_median_v1,ok,whole_grid_cosine_dual_leakage_penalty_v2,35,165,-0.012108933180570602,0.5,1.0,0.9768321106049113,0.9800546296191346,0.006565391218668423,0.9736201875600178,0.9704188256438324,0.35886802302873694,0.002371679973928086,0.11190628306940198,
low_y_side__full_game__b100_p00100_s200,low_y_side__full_game__p00100_s200,games10_possessions92_source4370615271_grid20x10_trajectory142_outcome242_baseline0.10_mc100_alpha0.05_min100_profiles2b1671cb4b,games10_possessions92_source4370615271_grid20x10_trajectory142_outcome242_baseline0.10_mc100_alpha0.05_min100_profiles2b1671cb4b_plandc0cd9facf,low_y_side,full_game,33,b100_p00100_s200,p00100_s200,full_factorial_nested_prefix,100,100,200,1010574105,3835687789,4.690748388543845,nested_prefix_median_v1,ok,whole_grid_cosine_dual_leakage_penalty_v2,35,165,-0.01161773782223463,0.5,1.0,0.9781830447734633,0.9799683763189813,0.003640332294797052,0.9764009657907875,0.9746221334453515,0.37319235511911886,0.001363507804004624,0.11502789752557874,
low_y_side__full_game__b010_p00100_s250,low_y_side__full_game__p00100_s250,games10_possessions92_source4370615271_grid20x10_trajectory142_outcome242_baseline0.10_mc100_alpha0.05_min100_profiles2b1671cb4b,games10_possessions92_source4370615271_grid20x10_trajectory142_outcome242_baseline0.10_mc100_alpha0.05_min100_profiles2b1671cb4b_plandc0cd9facf,low_y_side,full_game,4,b010_p00100_s250,p00100_s250,full_factorial_nested_prefix,10,100,250,3449694541,3969661911,5.027469455557164,nested_prefix_median_v1,ok,whole_grid_cosine_dual_leakage_penalty_v2,35,165,-0.0067067574709653854,0.5,1.0,0.9729309861072799,0.9789794602247991,0.012318520620071364,0.9669198815573937,0.960945915693011,0.274560450398467,0.0034243616391520723,0.0995177205419168,
low_y_side__full_game__b050_p00100_s250,low_y_side__full_game__p00100_s250,games10_possessions92_source4370615271_grid20x10_trajectory142_outcome242_baseline0.10_mc100_alpha0.05_min100_profiles2b1671cb4b,games10_possessions92_source4370615271_grid20x10_trajectory142_outcome242_baseline0.10_mc100_alpha0.05_min100_profiles2b1671cb4b_plandc0cd9facf,low_y_side,full_game,19,b050_p00100_s250,p00100_s250,full_factorial_nested_prefix,50,100,250,3449694541,3969661911,5.027469455557164,nested_prefix_median_v1,ok,whole_grid_cosine_dual_leakage_penalty_v2,35,165,-0.006238836096599698,0.5,1.0,0.9726254224101966,0.9779445020882126,0.010848497684682407,0.9673352734215607,0.9620738977671163,0.23861486344335395,0.0026170033483615403,0.09235487040132284,
low_y_side__full_game__b100_p00100_s250,low_y_side__full_game__p00100_s250,games10_possessions92_source4370615271_grid20x10_trajectory142_outcome242_baseline0.10_mc100_alpha0.05_min100_profiles2b1671cb4b,games10_possessions92_source4370615271_grid20x10_trajectory142_outcome242_baseline0.10_mc100_alpha0.05_min100_profiles2b1671cb4b_plandc0cd9facf,low_y_side,full_game,34,b100_p00100_s250,p00100_s250,full_factorial_nested_prefix,100,100,250,3449694541,3969661911,5.027469455557164,nested_prefix_median_v1,ok,whole_grid_cosine_dual_leakage_penalty_v2,35,165,-0.007167001720517874,0.5,1.0,0.975590094898046,0.979762972504975,0.008499997321825749,0.9714349898626586,0.967297581704213,0.26860697568445396,0.0023027317879722197,0.09788572485558689,
low_y_side__full_game__b010_p01000_s050,low_y_side__full_game__p01000_s050,games10_possessions92_source4370615271_grid20x10_trajectory142_outcome242_baseline0.10_mc100_alpha0.05_min100_profiles2b1671cb4b,games10_possessions92_source4370615271_grid20x10_trajectory142_outcome242_baseline0.10_mc100_alpha0.05_min100_profiles2b1671cb4b_plandc0cd9facf,low_y_side,full_game,5,b010_p01000_s050,p01000_s050,full_factorial_nested_prefix,10,1000,50,4287460892,590607345,11.918089738397429,nested_prefix_median_v1,ok,whole_grid_cosine_dual_leakage_penalty_v2,35,165,-0.03906700015068054,0.5,1.0,0.9661510903744457,0.9696124158705456,0.007126862886955957,0.9627021211291462,0.959265464025264,1.9215346849610506,0.013792813724487263,0.27212669886648655,
low_y_side__full_game__b050_p01000_s050,low_y_side__full_game__p01000_s050,games10_possessions92_source4370615271_grid20x10_trajectory142_outcome242_baseline0.10_mc100_alpha0.05_min100_profiles2b1671cb4b,games10_possessions92_source4370615271_grid20x10_trajectory142_outcome242_baseline0.10_mc100_alpha0.05_min100_profiles2b1671cb4b_plandc0cd9facf,low_y_side,full_game,20,b050_p01000_s050,p01000_s050,full_factorial_nested_prefix,50,1000,50,4287460892,590607345,11.918089738397429,nested_prefix_median_v1,ok,whole_grid_cosine_dual_leakage_penalty_v2,35,165,-0.03836424648761749,0.5,1.0,0.9592629883504515,0.9616111525625259,0.004877849445649439,0.9569205581350684,0.9545838479144944,2.0453186594286903,0.010025660149875028,0.28504556231200695,
low_y_side__full_game__b100_p01000_s050,low_y_side__full_game__p01000_s050,games10_possessions92_source4370615271_grid20x10_trajectory142_outcome242_baseline0.10_mc100_alpha0.05_min100_profiles2b1671cb4b,games10_possessions92_source4370615271_grid20x10_trajectory142_outcome242_baseline0.10_mc100_alpha0.05_min100_profiles2b1671cb4b_plandc0cd9facf,low_y_side,full_game,35,b100_p01000_s050,p01000_s050,full_factorial_nested_prefix,100,1000,50,4287460892,590607345,11.918089738397429,nested_prefix_median_v1,ok,whole_grid_cosine_dual_leakage_penalty_v2,35,165,-0.03635564260184765,0.5,1.0,0.9614193712100174,0.9629214854835777,0.0031174767222119197,0.9599196001672652,0.9584221686999865,2.0424434890380927,0.006387181924479648,0.28657493777573106,
low_y_side__full_game__b010_p01000_s100,low_y_side__full_game__p01000_s100,games10_possessions92_source4370615271_grid20x10_trajectory142_outcome242_baseline0.10_mc100_alpha0.05_min100_profiles2b1671cb4b,games10_possessions92_source4370615271_grid20x10_trajectory142_outcome242_baseline0.10_mc100_alpha0.05_min100_profiles2b1671cb4b_plandc0cd9facf,low_y_side,full_game,6,b010_p01000_s100,p01000_s100,full_factorial_nested_prefix,10,1000,100,720283694,614846277,15.41738460055222,nested_prefix_median_v1,ok,whole_grid_cosine_dual_leakage_penalty_v2,35,165,-0.03249411657452583,0.5,1.0,0.9741461901039413,0.9758211215386007,0.0034299195703978024,0.972474133576628,0.9708049470220753,1.5801598285979113,0.005438474651103344,0.24576879758387804,
low_y_side__full_game__b050_p01000_s100,low_y_side__full_game__p01000_s100,games10_possessions92_source4370615271_grid20x10_trajectory142_outcome242_baseline0.10_mc100_alpha0.05_min100_profiles2b1671cb4b,games10_possessions92_source4370615271_grid20x10_trajectory142_outcome242_baseline0.10_mc100_alpha0.05_min100_profiles2b1671cb4b_plandc0cd9facf,low_y_side,full_game,21,b050_p01000_s100,p01000_s100,full_factorial_nested_prefix,50,1000,100,720283694,614846277,15.41738460055222,nested_prefix_median_v1,ok,whole_grid_cosine_dual_leakage_penalty_v2,35,165,-0.03301568701863289,0.5,1.0,0.9769699490745636,0.9785471210150772,0.0032208994423384954,0.9753953191386979,0.9738232271104078,1.472519046823819,0.004758161335941141,0.23771507665514946,
low_y_side__full_game__b100_p01000_s100,low_y_side__full_game__p01000_s100,games10_possessions92_source4370615271_grid20x10_trajectory142_outcome242_baseline0.10_mc100_alpha0.05_min100_profiles2b1671cb4b,games10_possessions92_source4370615271_grid20x10_trajectory142_outcome242_baseline0.10_mc100_alpha0.05_min100_profiles2b1671cb4b_plandc0cd9facf,low_y_side,full_game,36,b100_p01000_s100,p01000_s100,full_factorial_nested_prefix,100,1000,100,720283694,614846277,15.41738460055222,nested_prefix_median_v1,ok,whole_grid_cosine_dual_leakage_penalty_v2,35,165,-0.03265349008142948,0.5,1.0,0.9719315936142883,0.9736005594073708,0.0034255019463410204,0.9702654887961624,0.9686022400486521,1.4806283354750798,0.00508932875051802,0.23964431323111057,
low_y_side__full_game__b500_p01000_s100,low_y_side__full_game__p01000_s100,games10_possessions92_source4370615271_grid20x10_trajectory142_outcome242_baseline0.10_mc100_alpha0.05_min100_profiles2b1671cb4b,games10_possessions92_source4370615271_grid20x10_trajectory142_outcome242_baseline0.10_mc100_alpha0.05_min100_profiles2b1671cb4b_plandc0cd9facf,low_y_side,full_game,12,b500_p01000_s100,p01000_s100,targeted_nested_prefix,500,1000,100,720283694,614846277,15.41738460055222,nested_prefix_median_v1,ok,whole_grid_cosine_dual_leakage_penalty_v2,35,165,-0.03136981278657913,0.5,1.0,0.9732072066832149,0.9741397039514339,0.0019135878497894786,0.9722756020499552,0.9713448891971784,1.4417678682544235,0.0027642390892436324,0.23564821667969227,
low_y_side__full_game__b010_p01000_s150,low_y_side__full_game__p01000_s150,games10_possessions92_source4370615271_grid20x10_trajectory142_outcome242_baseline0.10_mc100_alpha0.05_min100_profiles2b1671cb4b,games10_possessions92_source4370615271_grid20x10_trajectory142_outcome242_baseline0.10_mc100_alpha0.05_min100_profiles2b1671cb4b_plandc0cd9facf,low_y_side,full_game,7,b010_p01000_s150,p01000_s150,full_factorial_nested_prefix,10,1000,150,12221624,440635040,15.133574315537256,nested_prefix_median_v1,ok,whole_grid_cosine_dual_leakage_penalty_v2,35,165,-0.031695932149887085,0.5,1.0,0.9740437137745314,0.9745968423919918,0.0011347700514071182,0.9734908990830494,0.9729383981393787,1.387169974887806,0.0015759072360491105,0.2312467247247696,
low_y_side__full_game__b050_p01000_s150,low_y_side__full_game__p01000_s150,games10_possessions92_source4370615271_grid20x10_trajectory142_outcome242_baseline0.10_mc100_alpha0.05_min100_profiles2b1671cb4b,games10_possessions92_source4370615271_grid20x10_trajectory142_outcome242_baseline0.10_mc100_alpha0.05_min100_profiles2b1671cb4b_plandc0cd9facf,low_y_side,full_game,22,b050_p01000_s150,p01000_s150,full_factorial_nested_prefix,50,1000,150,12221624,440635040,15.133574315537256,nested_prefix_median_v1,ok,whole_grid_cosine_dual_leakage_penalty_v2,35,165,-0.03328176587820053,0.5,1.0,0.9772746287275879,0.9783549524054389,0.0022072300347969085,0.9761954979697973,0.9751175588148153,1.4605703550446285,0.0032309461970754863,0.23500899262726307,
low_y_side__full_game__b100_p01000_s150,low_y_side__full_game__p01000_s150,games10_possessions92_source4370615271_grid20x10_trajectory142_outcome242_baseline0.10_mc100_alpha0.05_min100_profiles2b1671cb4b,games10_possessions92_source4370615271_grid20x10_trajectory142_outcome242_baseline0.10_mc100_alpha0.05_min100_profiles2b1671cb4b_plandc0cd9facf,low_y_side,full_game,37,b100_p01000_s150,p01000_s150,full_factorial_nested_prefix,100,1000,150,12221624,440635040,15.133574315537256,nested_prefix_median_v1,ok,whole_grid_cosine_dual_leakage_penalty_v2,35,165,-0.03259610943496227,0.5,1.0,0.977734261947647,0.9786534822542513,0.0018776586913030466,0.9768159050375228,0.9758984107129162,1.4053487646226033,0.002643729343585066,0.23044135980308056,
low_y_side__full_game__b010_p01000_s200,low_y_side__full_game__p01000_s200,games10_possessions92_source4370615271_grid20x10_trajectory142_outcome242_baseline0.10_mc100_alpha0.05_min100_profiles2b1671cb4b,games10_possessions92_source4370615271_grid20x10_trajectory142_outcome242_baseline0.10_mc100_alpha0.05_min100_profiles2b1671cb4b_plandc0cd9facf,low_y_side,full_game,8,b010_p01000_s200,p01000_s200,full_factorial_nested_prefix,10,1000,200,2165290739,3698603692,16.29944325261696,nested_prefix_median_v1,ok,whole_grid_cosine_dual_leakage_penalty_v2,35,165,-0.035116178914904594,0.5,1.0,0.9741124508317756,0.9773447000419524,0.0066034110675275886,0.970890891232906,0.9676799858929366,1.4783739758603984,0.009827204142740343,0.23468135111033916,
low_y_side__full_game__b050_p01000_s200,low_y_side__full_game__p01000_s200,games10_possessions92_source4370615271_grid20x10_trajectory142_outcome242_baseline0.10_mc100_alpha0.05_min100_profiles2b1671cb4b,games10_possessions92_source4370615271_grid20x10_trajectory142_outcome242_baseline0.10_mc100_alpha0.05_min100_profiles2b1671cb4b_plandc0cd9facf,low_y_side,full_game,23,b050_p01000_s200,p01000_s200,full_factorial_nested_prefix,50,1000,200,2165290739,3698603692,16.29944325261696,nested_prefix_median_v1,ok,whole_grid_cosine_dual_leakage_penalty_v2,35,165,-0.03360164351761341,0.5,1.0,0.976222213370289,0.977871344534167,0.0033700559576325577,0.9745758633837214,0.9729322898841473,1.3763978245368893,0.004654222679522309,0.22473332099616528,
low_y_side__full_game__b100_p01000_s200,low_y_side__full_game__p01000_s200,games10_possessions92_source4370615271_grid20x10_trajectory142_outcome242_baseline0.10_mc100_alpha0.05_min100_profiles2b1671cb4b,games10_possessions92_source4370615271_grid20x10_trajectory142_outcome242_baseline0.10_mc100_alpha0.05_min100_profiles2b1671cb4b_plandc0cd9facf,low_y_side,full_game,38,b100_p01000_s200,p01000_s200,full_factorial_nested_prefix,100,1000,200,2165290739,3698603692,16.29944325261696,nested_prefix_median_v1,ok,whole_grid_cosine_dual_leakage_penalty_v2,35,165,-0.03181008994579315,0.5,1.0,0.9762915065023088,0.9773559364712426,0.002176996728539579,0.9752282357949259,0.9741661230865523,1.3273136450900285,0.0028958617446513445,0.22104612737894058,
low_y_side__full_game__b010_p01000_s250,low_y_side__full_game__p01000_s250,games10_possessions92_source4370615271_grid20x10_trajectory142_outcome242_baseline0.10_mc100_alpha0.05_min100_profiles2b1671cb4b,games10_possessions92_source4370615271_grid20x10_trajectory142_outcome242_baseline0.10_mc100_alpha0.05_min100_profiles2b1671cb4b_plandc0cd9facf,low_y_side,full_game,9,b010_p01000_s250,p01000_s250,full_factorial_nested_prefix,10,1000,250,3331613232,1429010860,16.217268954360044,nested_prefix_median_v1,ok,whole_grid_cosine_dual_leakage_penalty_v2,35,165,-0.029349304735660553,0.5,1.0,0.9835652102185342,0.9844927972816688,0.0018835080975605546,0.9826384971259986,0.9817126571806087,1.2459401600251245,0.002351166822231604,0.21127573400735855,
low_y_side__full_game__b050_p01000_s250,low_y_side__full_game__p01000_s250,games10_possessions92_source4370615271_grid20x10_trajectory142_outcome242_baseline0.10_mc100_alpha0.05_min100_profiles2b1671cb4b,games10_possessions92_source4370615271_grid20x10_trajectory142_outcome242_baseline0.10_mc100_alpha0.05_min100_profiles2b1671cb4b_plandc0cd9facf,low_y_side,full_game,24,b050_p01000_s250,p01000_s250,full_factorial_nested_prefix,50,1000,250,3331613232,1429010860,16.217268954360044,nested_prefix_median_v1,ok,whole_grid_cosine_dual_leakage_penalty_v2,35,165,-0.029617881402373314,0.5,1.0,0.9807847627719195,0.9816349774680811,0.001731491891090088,0.9799352844645848,0.9790865419082752,1.270648094467395,0.002203932964055134,0.21572058461606503,
low_y_side__full_game__b100_p01000_s250,low_y_side__full_game__p01000_s250,games10_possessions92_source4370615271_grid20x10_trajectory142_outcome242_baseline0.10_mc100_alpha0.05_min100_profiles2b1671cb4b,games10_possessions92_source4370615271_grid20x10_trajectory142_outcome242_baseline0.10_mc100_alpha0.05_min100_profiles2b1671cb4b_plandc0cd9facf,low_y_side,full_game,39,b100_p01000_s250,p01000_s250,full_factorial_nested_prefix,100,1000,250,3331613232,1429010860,16.217268954360044,nested_prefix_median_v1,ok,whole_grid_cosine_dual_leakage_penalty_v2,35,165,-0.03163074515759945,0.5,1.0,0.9799920519664361,0.9813623522295312,0.0027906992113406713,0.978623665087125,0.9772571889198932,1.2878568645220392,0.003604079036666559,0.21753107570111752,
low_y_side__full_game__b050_p02500_s150,low_y_side__full_game__p02500_s150,games10_possessions92_source4370615271_grid20x10_trajectory142_outcome242_baseline0.10_mc100_alpha0.05_min100_profiles2b1671cb4b,games10_possessions92_source4370615271_grid20x10_trajectory142_outcome242_baseline0.10_mc100_alpha0.05_min100_profiles2b1671cb4b_plandc0cd9facf,low_y_side,full_game,3,b050_p02500_s150,p02500_s150,full_factorial_nested_prefix,50,2500,150,2793541587,2137860694,26.257365780636626,nested_prefix_median_v1,ok,whole_grid_cosine_dual_leakage_penalty_v2,35,165,-0.04085424914956093,0.5,1.0,0.9678787150261288,0.9717296810394073,0.00791029727004197,0.9640430103962625,0.9602225066689258,1.8280094509073606,0.014575393867442835,0.270074225962162,
low_y_side__full_game__b100_p02500_s150,low_y_side__full_game__p02500_s150,games10_possessions92_source4370615271_grid20x10_trajectory142_outcome242_baseline0.10_mc100_alpha0.05_min100_profiles2b1671cb4b,games10_possessions92_source4370615271_grid20x10_trajectory142_outcome242_baseline0.10_mc100_alpha0.05_min100_profiles2b1671cb4b_plandc0cd9facf,low_y_side,full_game,9,b100_p02500_s150,p02500_s150,full_factorial_nested_prefix,100,2500,150,2793541587,2137860694,26.257365780636626,nested_prefix_median_v1,ok,whole_grid_cosine_dual_leakage_penalty_v2,35,165,-0.04096465930342674,0.5,1.0,0.9693017598613276,0.972891296520829,0.007365498642111021,0.965725466997383,0.9621623690652732,1.8030913905045305,0.013379211754372539,0.26704470068216324,
low_y_side__full_game__b050_p02500_s200,low_y_side__full_game__p02500_s200,games10_possessions92_source4370615271_grid20x10_trajectory142_outcome242_baseline0.10_mc100_alpha0.05_min100_profiles2b1671cb4b,games10_possessions92_source4370615271_grid20x10_trajectory142_outcome242_baseline0.10_mc100_alpha0.05_min100_profiles2b1671cb4b_plandc0cd9facf,low_y_side,full_game,4,b050_p02500_s200,p02500_s200,full_factorial_nested_prefix,50,2500,200,1250155092,1127484711,26.17695487876093,nested_prefix_median_v1,ok,whole_grid_cosine_dual_leakage_penalty_v2,35,165,-0.04089342802762985,0.5,1.0,0.9691787934690959,0.9730544707244818,0.00795013836926544,0.9653185530413899,0.9614736879564588,1.7503789479732164,0.0140272736011087,0.26242006570100784,
low_y_side__full_game__b100_p02500_s200,low_y_side__full_game__p02500_s200,games10_possessions92_source4370615271_grid20x10_trajectory142_outcome242_baseline0.10_mc100_alpha0.05_min100_profiles2b1671cb4b,games10_possessions92_source4370615271_grid20x10_trajectory142_outcome242_baseline0.10_mc100_alpha0.05_min100_profiles2b1671cb4b_plandc0cd9facf,low_y_side,full_game,10,b100_p02500_s200,p02500_s200,full_factorial_nested_prefix,100,2500,200,1250155092,1127484711,26.17695487876093,nested_prefix_median_v1,ok,whole_grid_cosine_dual_leakage_penalty_v2,35,165,-0.04149361699819565,0.5,1.0,0.9706327009057754,0.9749028625823718,0.008740993580430149,0.9663812429189965,0.9621484066982025,1.7398062103842669,0.01534173694026892,0.2609480246901512,
low_y_side__full_game__b050_p02500_s250,low_y_side__full_game__p02500_s250,games10_possessions92_source4370615271_grid20x10_trajectory142_outcome242_baseline0.10_mc100_alpha0.05_min100_profiles2b1671cb4b,games10_possessions92_source4370615271_grid20x10_trajectory142_outcome242_baseline0.10_mc100_alpha0.05_min100_profiles2b1671cb4b_plandc0cd9facf,low_y_side,full_game,5,b050_p02500_s250,p02500_s250,full_factorial_nested_prefix,50,2500,250,4290107670,85744936,27.005106569894195,nested_prefix_median_v1,ok,whole_grid_cosine_dual_leakage_penalty_v2,35,165,-0.04206703044474125,0.5,1.0,0.9718822490403971,0.9762143682173576,0.008855651085831499,0.9675693543874493,0.9632755989463821,1.7068479873497384,0.015250301582289481,0.2583229336887598,
low_y_side__full_game__b100_p02500_s250,low_y_side__full_game__p02500_s250,games10_possessions92_source4370615271_grid20x10_trajectory142_outcome242_baseline0.10_mc100_alpha0.05_min100_profiles2b1671cb4b,games10_possessions92_source4370615271_grid20x10_trajectory142_outcome242_baseline0.10_mc100_alpha0.05_min100_profiles2b1671cb4b_plandc0cd9facf,low_y_side,full_game,11,b100_p02500_s250,p02500_s250,full_factorial_nested_prefix,100,2500,250,4290107670,85744936,27.005106569894195,nested_prefix_median_v1,ok,whole_grid_cosine_dual_leakage_penalty_v2,35,165,-0.04260342940688133,0.5,1.0,0.9727492103219736,0.9772589863087394,0.009208143131904448,0.9682602456858689,0.9637919963618818,1.711319060527057,0.015904521968419114,0.25802142545580864,
low_y_side__full_game__b010_p10000_s050,low_y_side__full_game__p10000_s050,games10_possessions92_source4370615271_grid20x10_trajectory142_outcome242_baseline0.10_mc100_alpha0.05_min100_profiles2b1671cb4b,games10_possessions92_source4370615271_grid20x10_trajectory142_outcome242_baseline0.10_mc100_alpha0.05_min100_profiles2b1671cb4b_plandc0cd9facf,low_y_side,full_game,10,b010_p10000_s050,p10000_s050,full_factorial_nested_prefix,10,10000,50,1756964159,3276039840,41.470262775616575,nested_prefix_median_v1,ok,whole_grid_cosine_dual_leakage_penalty_v2,35,165,-0.06546013802289963,0.5,1.0,0.9377653937721977,0.9486489058880573,0.02281366839371173,0.9270067443270699,0.9163715250475803,3.999800994772958,0.0933804849537678,0.40699607804417554,
low_y_side__full_game__b050_p10000_s050,low_y_side__full_game__p10000_s050,games10_possessions92_source4370615271_grid20x10_trajectory142_outcome242_baseline0.10_mc100_alpha0.05_min100_profiles2b1671cb4b,games10_possessions92_source4370615271_grid20x10_trajectory142_outcome242_baseline0.10_mc100_alpha0.05_min100_profiles2b1671cb4b_plandc0cd9facf,low_y_side,full_game,25,b050_p10000_s050,p10000_s050,full_factorial_nested_prefix,50,10000,50,1756964159,3276039840,41.470262775616575,nested_prefix_median_v1,ok,whole_grid_cosine_dual_leakage_penalty_v2,35,165,-0.0647297166287899,0.5,1.0,0.9341270401589649,0.9448510408519681,0.02257105482389268,0.9235247562084863,0.9130428075230563,3.9340395597085287,0.09084591061045895,0.404097025096416,
low_y_side__full_game__b100_p10000_s050,low_y_side__full_game__p10000_s050,games10_possessions92_source4370615271_grid20x10_trajectory142_outcome242_baseline0.10_mc100_alpha0.05_min100_profiles2b1671cb4b,games10_possessions92_source4370615271_grid20x10_trajectory142_outcome242_baseline0.10_mc100_alpha0.05_min100_profiles2b1671cb4b_plandc0cd9facf,low_y_side,full_game,40,b100_p10000_s050,p10000_s050,full_factorial_nested_prefix,100,10000,50,1756964159,3276039840,41.470262775616575,nested_prefix_median_v1,ok,whole_grid_cosine_dual_leakage_penalty_v2,35,165,-0.06491122022271156,0.5,1.0,0.9348627827051882,0.9456182997799686,0.022618746150605485,0.9242295995018786,0.9137173587375309,3.9138242946362265,0.09057447935469651,0.4059595935046668,
low_y_side__full_game__b010_p10000_s100,low_y_side__full_game__p10000_s100,games10_possessions92_source4370615271_grid20x10_trajectory142_outcome242_baseline0.10_mc100_alpha0.05_min100_profiles2b1671cb4b,games10_possessions92_source4370615271_grid20x10_trajectory142_outcome242_baseline0.10_mc100_alpha0.05_min100_profiles2b1671cb4b_plandc0cd9facf,low_y_side,full_game,11,b010_p10000_s100,p10000_s100,full_factorial_nested_prefix,10,10000,100,489573535,2236175971,47.13447226612388,nested_prefix_median_v1,ok,whole_grid_cosine_dual_leakage_penalty_v2,35,165,-0.06013639643788338,0.5,1.0,0.9428464148780037,0.957239609991428,0.029846207508318963,0.9286696379564414,0.9147060251310801,2.9146670933785646,0.08966800888673686,0.3632308207452297,
low_y_side__full_game__b050_p10000_s100,low_y_side__full_game__p10000_s100,games10_possessions92_source4370615271_grid20x10_trajectory142_outcome242_baseline0.10_mc100_alpha0.05_min100_profiles2b1671cb4b,games10_possessions92_source4370615271_grid20x10_trajectory142_outcome242_baseline0.10_mc100_alpha0.05_min100_profiles2b1671cb4b_plandc0cd9facf,low_y_side,full_game,26,b050_p10000_s100,p10000_s100,full_factorial_nested_prefix,50,10000,100,489573535,2236175971,47.13447226612388,nested_prefix_median_v1,ok,whole_grid_cosine_dual_leakage_penalty_v2,35,165,-0.06187582388520241,0.5,1.0,0.9457517268182822,0.9604142070239465,0.030300583445370087,0.9313130962018985,0.917094897701222,2.9776054874918416,0.09304242325080901,0.36093681454658505,
low_y_side__full_game__b100_p10000_s100,low_y_side__full_game__p10000_s100,games10_possessions92_source4370615271_grid20x10_trajectory142_outcome242_baseline0.10_mc100_alpha0.05_min100_profiles2b1671cb4b,games10_possessions92_source4370615271_grid20x10_trajectory142_outcome242_baseline0.10_mc100_alpha0.05_min100_profiles2b1671cb4b_plandc0cd9facf,low_y_side,full_game,41,b100_p10000_s100,p10000_s100,full_factorial_nested_prefix,100,10000,100,489573535,2236175971,47.13447226612388,nested_prefix_median_v1,ok,whole_grid_cosine_dual_leakage_penalty_v2,35,165,-0.05964382365345955,0.5,1.0,0.9456086222942474,0.9589909313400727,0.02771441607356343,0.9324130576581399,0.9194016314932355,2.9319681000947795,0.08357398812013032,0.36056633293628687,
low_y_side__full_game__b010_p10000_s150,low_y_side__full_game__p10000_s150,games10_possessions92_source4370615271_grid20x10_trajectory142_outcome242_baseline0.10_mc100_alpha0.05_min100_profiles2b1671cb4b,games10_possessions92_source4370615271_grid20x10_trajectory142_outcome242_baseline0.10_mc100_alpha0.05_min100_profiles2b1671cb4b_plandc0cd9facf,low_y_side,full_game,12,b010_p10000_s150,p10000_s150,full_factorial_nested_prefix,10,10000,150,1448514925,2277583596,53.28095857974599,nested_prefix_median_v1,ok,whole_grid_cosine_dual_leakage_penalty_v2,35,165,-0.055722396820783615,0.5,1.0,0.9538959134824739,0.9651902684664234,0.023266445682318053,0.9427337215120474,0.9317021460248488,2.569268993642891,0.06120170359624362,0.33359692022204396,
low_y_side__full_game__b050_p10000_s150,low_y_side__full_game__p10000_s150,games10_possessions92_source4370615271_grid20x10_trajectory142_outcome242_baseline0.10_mc100_alpha0.05_min100_profiles2b1671cb4b,games10_possessions92_source4370615271_grid20x10_trajectory142_outcome242_baseline0.10_mc100_alpha0.05_min100_profiles2b1671cb4b_plandc0cd9facf,low_y_side,full_game,27,b050_p10000_s150,p10000_s150,full_factorial_nested_prefix,50,10000,150,1448514925,2277583596,53.28095857974599,nested_prefix_median_v1,ok,whole_grid_cosine_dual_leakage_penalty_v2,35,165,-0.055445803329348564,0.5,1.0,0.9531355374851594,0.9640177620804887,0.02244938533764221,0.9423761558672122,0.9317382305251544,2.548879706013175,0.058534854197140274,0.3338924452662468,
low_y_side__full_game__b100_p10000_s150,low_y_side__full_game__p10000_s150,games10_possessions92_source4370615271_grid20x10_trajectory142_outcome242_baseline0.10_mc100_alpha0.05_min100_profiles2b1671cb4b,games10_possessions92_source4370615271_grid20x10_trajectory142_outcome242_baseline0.10_mc100_alpha0.05_min100_profiles2b1671cb4b_plandc0cd9facf,low_y_side,full_game,42,b100_p10000_s150,p10000_s150,full_factorial_nested_prefix,100,10000,150,1448514925,2277583596,53.28095857974599,nested_prefix_median_v1,ok,whole_grid_cosine_dual_leakage_penalty_v2,35,165,-0.055473752319812775,0.5,1.0,0.953098217865983,0.9640240605377914,0.02253870762564803,0.9422962040932401,0.9316166157949755,2.556092478199823,0.05893943983226277,0.33261838741600513,
low_y_side__full_game__b010_p10000_s200,low_y_side__full_game__p10000_s200,games10_possessions92_source4370615271_grid20x10_trajectory142_outcome242_baseline0.10_mc100_alpha0.05_min100_profiles2b1671cb4b,games10_possessions92_source4370615271_grid20x10_trajectory142_outcome242_baseline0.10_mc100_alpha0.05_min100_profiles2b1671cb4b_plandc0cd9facf,low_y_side,full_game,13,b010_p10000_s200,p10000_s200,full_factorial_nested_prefix,10,10000,200,895264997,1144441298,55.17927118678047,nested_prefix_median_v1,ok,whole_grid_cosine_dual_leakage_penalty_v2,35,165,-0.050329821184277534,0.5,1.0,0.9576976047455185,0.9671622071592451,0.01947613807508724,0.9483256224716057,0.9390453539613145,2.3449492358728463,0.046577708988409364,0.3187714107334614,
low_y_side__full_game__b050_p10000_s200,low_y_side__full_game__p10000_s200,games10_possessions92_source4370615271_grid20x10_trajectory142_outcome242_baseline0.10_mc100_alpha0.05_min100_profiles2b1671cb4b,games10_possessions92_source4370615271_grid20x10_trajectory142_outcome242_baseline0.10_mc100_alpha0.05_min100_profiles2b1671cb4b_plandc0cd9facf,low_y_side,full_game,28,b050_p10000_s200,p10000_s200,full_factorial_nested_prefix,50,10000,200,895264997,1144441298,55.17927118678047,nested_prefix_median_v1,ok,whole_grid_cosine_dual_leakage_penalty_v2,35,165,-0.052766675129532814,0.5,1.0,0.9551337622793991,0.9658059284102325,0.021977919252876062,0.9445795237016834,0.9341419095763267,2.3743589058940047,0.05335612491613885,0.3204583656042814,
low_y_side__full_game__b100_p10000_s200,low_y_side__full_game__p10000_s200,games10_possessions92_source4370615271_grid20x10_trajectory142_outcome242_baseline0.10_mc100_alpha0.05_min100_profiles2b1671cb4b,games10_possessions92_source4370615271_grid20x10_trajectory142_outcome242_baseline0.10_mc100_alpha0.05_min100_profiles2b1671cb4b_plandc0cd9facf,low_y_side,full_game,43,b100_p10000_s200,p10000_s200,full_factorial_nested_prefix,100,10000,200,895264997,1144441298,55.17927118678047,nested_prefix_median_v1,ok,whole_grid_cosine_dual_leakage_penalty_v2,35,165,-0.053407344967126846,0.5,1.0,0.9548936805345892,0.9659212645132208,0.02270295800289377,0.9439919946108751,0.9332147694081838,2.3884053136243857,0.05548350521791849,0.3196023896336555,
low_y_side__full_game__b010_p10000_s250,low_y_side__full_game__p10000_s250,games10_possessions92_source4370615271_grid20x10_trajectory142_outcome242_baseline0.10_mc100_alpha0.05_min100_profiles2b1671cb4b,games10_possessions92_source4370615271_grid20x10_trajectory142_outcome242_baseline0.10_mc100_alpha0.05_min100_profiles2b1671cb4b_plandc0cd9facf,low_y_side,full_game,14,b010_p10000_s250,p10000_s250,full_factorial_nested_prefix,10,10000,250,2119542591,2403704104,56.86128271455706,nested_prefix_median_v1,ok,whole_grid_cosine_dual_leakage_penalty_v2,35,165,-0.052117858082056046,0.5,1.0,0.957999226249474,0.969301647133914,0.023184786043833745,0.9468285958331785,0.9357882191587216,2.2338597368301465,0.05302083680759072,0.3094446398317814,
low_y_side__full_game__b050_p10000_s250,low_y_side__full_game__p10000_s250,games10_possessions92_source4370615271_grid20x10_trajectory142_outcome242_baseline0.10_mc100_alpha0.05_min100_profiles2b1671cb4b,games10_possessions92_source4370615271_grid20x10_trajectory142_outcome242_baseline0.10_mc100_alpha0.05_min100_profiles2b1671cb4b_plandc0cd9facf,low_y_side,full_game,29,b050_p10000_s250,p10000_s250,full_factorial_nested_prefix,50,10000,250,2119542591,2403704104,56.86128271455706,nested_prefix_median_v1,ok,whole_grid_cosine_dual_leakage_penalty_v2,35,165,-0.05125037953257561,0.5,1.0,0.9574457224072876,0.9680450175156313,0.02177846720907147,0.9469624808447619,0.9365940221373747,2.270560697707077,0.05055023841086172,0.3133023511618376,
low_y_side__full_game__b100_p10000_s250,low_y_side__full_game__p10000_s250,games10_possessions92_source4370615271_grid20x10_trajectory142_outcome242_baseline0.10_mc100_alpha0.05_min100_profiles2b1671cb4b,games10_possessions92_source4370615271_grid20x10_trajectory142_outcome242_baseline0.10_mc100_alpha0.05_min100_profiles2b1671cb4b_plandc0cd9facf,low_y_side,full_game,44,b100_p10000_s250,p10000_s250,full_factorial_nested_prefix,100,10000,250,2119542591,2403704104,56.86128271455706,nested_prefix_median_v1,ok,whole_grid_cosine_dual_leakage_penalty_v2,35,165,-0.05089389346539974,0.5,1.0,0.9571549994700947,0.9671624882147608,0.02058746857055201,0.9472510608860223,0.9374496010013574,2.2491594212362416,0.04727782972848109,0.3119144234806299,
low_y_side__quarter_1__b010_p00100_s050,low_y_side__quarter_1__p00100_s050,games10_possessions92_source4370615271_grid20x10_trajectory142_outcome242_baseline0.10_mc100_alpha0.05_min100_profiles2b1671cb4b,games10_possessions92_source4370615271_grid20x10_trajectory142_outcome242_baseline0.10_mc100_alpha0.05_min100_profiles2b1671cb4b_plandc0cd9facf,low_y_side,quarter_1,0,b010_p00100_s050,p00100_s050,full_factorial_nested_prefix,10,100,50,2007033508,2044356930,4.813438547725762,nested_prefix_median_v1,ok,whole_grid_cosine_dual_leakage_penalty_v2,35,165,0.027331707067787647,0.5,1.0,0.9329483219373681,0.9358125438240562,0.006111990427015227,0.9300928665147228,0.927246150724787,0.027593744699249582,0.00016968984616262325,0.033891601487994194,
low_y_side__quarter_1__b050_p00100_s050,low_y_side__quarter_1__p00100_s050,games10_possessions92_source4370615271_grid20x10_trajectory142_outcome242_baseline0.10_mc100_alpha0.05_min100_profiles2b1671cb4b,games10_possessions92_source4370615271_grid20x10_trajectory142_outcome242_baseline0.10_mc100_alpha0.05_min100_profiles2b1671cb4b_plandc0cd9facf,low_y_side,quarter_1,15,b050_p00100_s050,p00100_s050,full_factorial_nested_prefix,50,100,50,2007033508,2044356930,4.813438547725762,nested_prefix_median_v1,ok,whole_grid_cosine_dual_leakage_penalty_v2,35,165,0.013187068048864603,0.5,1.0,0.9492104065167697,0.9549241724487448,0.011931150148838998,0.943530828766503,0.9378852346337776,0.06579413285564352,0.0007944787229468811,0.04993344051763415,
low_y_side__quarter_1__b100_p00100_s050,low_y_side__quarter_1__p00100_s050,games10_possessions92_source4370615271_grid20x10_trajectory142_outcome242_baseline0.10_mc100_alpha0.05_min100_profiles2b1671cb4b,games10_possessions92_source4370615271_grid20x10_trajectory142_outcome242_baseline0.10_mc100_alpha0.05_min100_profiles2b1671cb4b_plandc0cd9facf,low_y_side,quarter_1,30,b100_p00100_s050,p00100_s050,full_factorial_nested_prefix,100,100,50,2007033508,2044356930,4.813438547725762,nested_prefix_median_v1,ok,whole_grid_cosine_dual_leakage_penalty_v2,35,165,0.014045593794435263,0.5,1.0,0.9350052106368981,0.9472144106992574,0.025613027353041596,0.9229533820888222,0.9110568966016188,0.050859541423737574,0.0013369091153903668,0.0446591405197978,
low_y_side__quarter_1__b010_p00100_s100,low_y_side__quarter_1__p00100_s100,games10_possessions92_source4370615271_grid20x10_trajectory142_outcome242_baseline0.10_mc100_alpha0.05_min100_profiles2b1671cb4b,games10_possessions92_source4370615271_grid20x10_trajectory142_outcome242_baseline0.10_mc100_alpha0.05_min100_profiles2b1671cb4b_plandc0cd9facf,low_y_side,quarter_1,1,b010_p00100_s100,p00100_s100,full_factorial_nested_prefix,10,100,100,462622817,1134545971,4.308648641555057,nested_prefix_median_v1,ok,whole_grid_cosine_dual_leakage_penalty_v2,35,165,0.0057654696283861995,0.5,1.0,0.8924731802040385,0.893302094029199,0.0018549810806471028,0.8916450355454725,0.8908176593397751,0.19622812514726068,0.0003646759265834002,0.08782909449655563,
low_y_side__quarter_1__b050_p00100_s100,low_y_side__quarter_1__p00100_s100,games10_possessions92_source4370615271_grid20x10_trajectory142_outcome242_baseline0.10_mc100_alpha0.05_min100_profiles2b1671cb4b,games10_possessions92_source4370615271_grid20x10_trajectory142_outcome242_baseline0.10_mc100_alpha0.05_min100_profiles2b1671cb4b_plandc0cd9facf,low_y_side,quarter_1,16,b050_p00100_s100,p00100_s100,full_factorial_nested_prefix,50,100,100,462622817,1134545971,4.308648641555057,nested_prefix_median_v1,ok,whole_grid_cosine_dual_leakage_penalty_v2,35,165,-0.0015551273245364428,0.5,1.0,0.9292299938723976,0.9302209139547415,0.002129370082906796,0.9282401293700722,0.9272513193233061,0.26959177575725624,0.0005752856579644137,0.10168047231854871,
low_y_side__quarter_1__b100_p00100_s100,low_y_side__quarter_1__p00100_s100,games10_possessions92_source4370615271_grid20x10_trajectory142_outcome242_baseline0.10_mc100_alpha0.05_min100_profiles2b1671cb4b,games10_possessions92_source4370615271_grid20x10_trajectory142_outcome242_baseline0.10_mc100_alpha0.05_min100_profiles2b1671cb4b_plandc0cd9facf,low_y_side,quarter_1,31,b100_p00100_s100,p00100_s100,full_factorial_nested_prefix,100,100,100,462622817,1134545971,4.308648641555057,nested_prefix_median_v1,ok,whole_grid_cosine_dual_leakage_penalty_v2,35,165,-0.000978413998382166,0.5,1.0,0.9304030323695662,0.9316373317928316,0.0026479870166718545,0.9291703682339973,0.9279393372195794,0.2545206630828646,0.0006757568065683574,0.09959534369409084,
low_y_side__quarter_1__b010_p00100_s150,low_y_side__quarter_1__p00100_s150,games10_possessions92_source4370615271_grid20x10_trajectory142_outcome242_baseline0.10_mc100_alpha0.05_min100_profiles2b1671cb4b,games10_possessions92_source4370615271_grid20x10_trajectory142_outcome242_baseline0.10_mc100_alpha0.05_min100_profiles2b1671cb4b_plandc0cd9facf,low_y_side,quarter_1,2,b010_p00100_s150,p00100_s150,full_factorial_nested_prefix,10,100,150,3271144373,715807546,4.544843393010019,nested_prefix_median_v1,ok,whole_grid_cosine_dual_leakage_penalty_v2,35,165,-0.009514009114354849,0.5,1.0,0.9658980629116677,0.9855909811941731,0.03956241139347685,0.9465986253304687,0.927684806382594,0.26230464491030986,0.01080487102490218,0.09427721379324794,
low_y_side__quarter_1__b050_p00100_s150,low_y_side__quarter_1__p00100_s150,games10_possessions92_source4370615271_grid20x10_trajectory142_outcome242_baseline0.10_mc100_alpha0.05_min100_profiles2b1671cb4b,games10_possessions92_source4370615271_grid20x10_trajectory142_outcome242_baseline0.10_mc100_alpha0.05_min100_profiles2b1671cb4b_plandc0cd9facf,low_y_side,quarter_1,17,b050_p00100_s150,p00100_s150,full_factorial_nested_prefix,50,100,150,3271144373,715807546,4.544843393010019,nested_prefix_median_v1,ok,whole_grid_cosine_dual_leakage_penalty_v2,35,165,-0.001537905540317297,0.5,1.0,0.935759946756957,0.9380968499527598,0.004976015970043436,0.9334288650459474,0.9311035903177672,0.18540047744820007,0.0009271693461090949,0.08677090052515268,
low_y_side__quarter_1__b100_p00100_s150,low_y_side__quarter_1__p00100_s150,games10_possessions92_source4370615271_grid20x10_trajectory142_outcome242_baseline0.10_mc100_alpha0.05_min100_profiles2b1671cb4b,games10_possessions92_source4370615271_grid20x10_trajectory142_outcome242_baseline0.10_mc100_alpha0.05_min100_profiles2b1671cb4b_plandc0cd9facf,low_y_side,quarter_1,32,b100_p00100_s150,p00100_s150,full_factorial_nested_prefix,100,100,150,3271144373,715807546,4.544843393010019,nested_prefix_median_v1,ok,whole_grid_cosine_dual_leakage_penalty_v2,35,165,-0.0010832346160896122,0.5,1.0,0.9433347782006303,0.9467574511607336,0.00721723650096206,0.9399244787266585,0.9365265080067737,0.21651379879379534,0.0015739911580546387,0.09381724637933075,
low_y_side__quarter_1__b010_p00100_s200,low_y_side__quarter_1__p00100_s200,games10_possessions92_source4370615271_grid20x10_trajectory142_outcome242_baseline0.10_mc100_alpha0.05_min100_profiles2b1671cb4b,games10_possessions92_source4370615271_grid20x10_trajectory142_outcome242_baseline0.10_mc100_alpha0.05_min100_profiles2b1671cb4b_plandc0cd9facf,low_y_side,quarter_1,3,b010_p00100_s200,p00100_s200,full_factorial_nested_prefix,10,100,200,3563924186,1422180585,5.3306894548446335,nested_prefix_median_v1,ok,whole_grid_cosine_dual_leakage_penalty_v2,35,165,0.005081116105429828,0.5,1.0,0.9582676670811355,0.9587361142241474,0.0009769793633648061,0.9577994488256377,0.9573314593458175,0.12492288264891409,0.0001221664324434256,0.06761256395839155,
low_y_side__quarter_1__b050_p00100_s200,low_y_side__quarter_1__p00100_s200,games10_possessions92_source4370615271_grid20x10_trajectory142_outcome242_baseline0.10_mc100_alpha0.05_min100_profiles2b1671cb4b,games10_possessions92_source4370615271_grid20x10_trajectory142_outcome242_baseline0.10_mc100_alpha0.05_min100_profiles2b1671cb4b_plandc0cd9facf,low_y_side,quarter_1,18,b050_p00100_s200,p00100_s200,full_factorial_nested_prefix,50,100,200,3563924186,1422180585,5.3306894548446335,nested_prefix_median_v1,ok,whole_grid_cosine_dual_leakage_penalty_v2,35,165,0.003602832555770874,0.5,1.0,0.9285521054928747,0.930611071254407,0.00442008075470966,0.9264976951682357,0.9244478302016405,0.13401733067250732,0.0005949973604852943,0.07352272770367563,
low_y_side__quarter_1__b100_p00100_s200,low_y_side__quarter_1__p00100_s200,games10_possessions92_source4370615271_grid20x10_trajectory142_outcome242_baseline0.10_mc100_alpha0.05_min100_profiles2b1671cb4b,games10_possessions92_source4370615271_grid20x10_trajectory142_outcome242_baseline0.10_mc100_alpha0.05_min100_profiles2b1671cb4b_plandc0cd9facf,low_y_side,quarter_1,33,b100_p00100_s200,p00100_s200,full_factorial_nested_prefix,100,100,200,3563924186,1422180585,5.3306894548446335,nested_prefix_median_v1,ok,whole_grid_cosine_dual_leakage_penalty_v2,35,165,0.0036970949731767178,0.5,1.0,0.9255242075956578,0.9269597411307487,0.0030948959356159357,0.9240908971954439,0.9226598064872558,0.12450894784204773,0.000386538533159404,0.07128575257374903,
low_y_side__quarter_1__b010_p00100_s250,low_y_side__quarter_1__p00100_s250,games10_possessions92_source4370615271_grid20x10_trajectory142_outcome242_baseline0.10_mc100_alpha0.05_min100_profiles2b1671cb4b,games10_possessions92_source4370615271_grid20x10_trajectory142_outcome242_baseline0.10_mc100_alpha0.05_min100_profiles2b1671cb4b_plandc0cd9facf,low_y_side,quarter_1,4,b010_p00100_s250,p00100_s250,full_factorial_nested_prefix,10,100,250,1923978833,1136898229,5.131238367297314,nested_prefix_median_v1,ok,whole_grid_cosine_dual_leakage_penalty_v2,35,165,0.002341858053114265,0.5,1.0,0.8379170614141024,0.8381235621474651,0.0004927084821096884,0.837710611559339,0.8375042125706392,0.25063207678784444,0.00012354942397128815,0.10809786884055939,
low_y_side__quarter_1__b050_p00100_s250,low_y_side__quarter_1__p00100_s250,games10_possessions92_source4370615271_grid20x10_trajectory142_outcome242_baseline0.10_mc100_alpha0.05_min100_profiles2b1671cb4b,games10_possessions92_source4370615271_grid20x10_trajectory142_outcome242_baseline0.10_mc100_alpha0.05_min100_profiles2b1671cb4b_plandc0cd9facf,low_y_side,quarter_1,19,b050_p00100_s250,p00100_s250,full_factorial_nested_prefix,50,100,250,1923978833,1136898229,5.131238367297314,nested_prefix_median_v1,ok,whole_grid_cosine_dual_leakage_penalty_v2,35,165,0.002687511849217117,0.5,1.0,0.9028160711608099,0.9043395645718332,0.0033664570167076632,0.9012951442991939,0.8997767796632541,0.1643802656937174,0.0005552483184505479,0.08520828446780797,
low_y_side__quarter_1__b100_p00100_s250,low_y_side__quarter_1__p00100_s250,games10_possessions92_source4370615271_grid20x10_trajectory142_outcome242_baseline0.10_mc100_alpha0.05_min100_profiles2b1671cb4b,games10_possessions92_source4370615271_grid20x10_trajectory142_outcome242_baseline0.10_mc100_alpha0.05_min100_profiles2b1671cb4b_plandc0cd9facf,low_y_side,quarter_1,34,b100_p00100_s250,p00100_s250,full_factorial_nested_prefix,100,100,250,1923978833,1136898229,5.131238367297314,nested_prefix_median_v1,ok,whole_grid_cosine_dual_leakage_penalty_v2,35,165,0.0008823768876027316,0.5,1.0,0.9167974957523166,0.9181242761756455,0.00288810958001494,0.9154726326579783,0.9141496841219007,0.18655459672385805,0.0005403507100562796,0.08900963667110773,
low_y_side__quarter_1__b010_p01000_s050,low_y_side__quarter_1__p01000_s050,games10_possessions92_source4370615271_grid20x10_trajectory142_outcome242_baseline0.10_mc100_alpha0.05_min100_profiles2b1671cb4b,games10_possessions92_source4370615271_grid20x10_trajectory142_outcome242_baseline0.10_mc100_alpha0.05_min100_profiles2b1671cb4b_plandc0cd9facf,low_y_side,quarter_1,5,b010_p01000_s050,p01000_s050,full_factorial_nested_prefix,10,1000,50,3490540687,3922832370,12.874961699119456,nested_prefix_median_v1,ok,whole_grid_cosine_dual_leakage_penalty_v2,35,165,-0.019763417541980743,0.5,1.0,0.900467518685632,0.9007670238844774,0.0006648898064396099,0.9001681130723196,0.8998688070114279,1.8106918800410965,0.0012047115740876086,0.2780438205227256,
low_y_side__quarter_1__b050_p01000_s050,low_y_side__quarter_1__p01000_s050,games10_possessions92_source4370615271_grid20x10_trajectory142_outcome242_baseline0.10_mc100_alpha0.05_min100_profiles2b1671cb4b,games10_possessions92_source4370615271_grid20x10_trajectory142_outcome242_baseline0.10_mc100_alpha0.05_min100_profiles2b1671cb4b_plandc0cd9facf,low_y_side,quarter_1,20,b050_p01000_s050,p01000_s050,full_factorial_nested_prefix,50,1000,50,3490540687,3922832370,12.874961699119456,nested_prefix_median_v1,ok,whole_grid_cosine_dual_leakage_penalty_v2,35,165,-0.024073464795947075,0.5,1.0,0.9204767997003571,0.9213512309188343,0.001897248820727737,0.9196031983824977,0.9187304261776184,1.789843907858293,0.003402234128158359,0.2805471457540989,
low_y_side__quarter_1__b100_p01000_s050,low_y_side__quarter_1__p01000_s050,games10_possessions92_source4370615271_grid20x10_trajectory142_outcome242_baseline0.10_mc100_alpha0.05_min100_profiles2b1671cb4b,games10_possessions92_source4370615271_grid20x10_trajectory142_outcome242_baseline0.10_mc100_alpha0.05_min100_profiles2b1671cb4b_plandc0cd9facf,low_y_side,quarter_1,35,b100_p01000_s050,p01000_s050,full_factorial_nested_prefix,100,1000,50,3490540687,3922832370,12.874961699119456,nested_prefix_median_v1,ok,whole_grid_cosine_dual_leakage_penalty_v2,35,165,-0.023675968870520592,0.5,1.0,0.9181761654474535,0.9187455875068226,0.0012391800479104385,0.9176070963056782,0.917038379862764,1.7978065950273268,0.0022305701405733284,0.28162516467273235,
low_y_side__quarter_1__b010_p01000_s100,low_y_side__quarter_1__p01000_s100,games10_possessions92_source4370615271_grid20x10_trajectory142_outcome242_baseline0.10_mc100_alpha0.05_min100_profiles2b1671cb4b,games10_possessions92_source4370615271_grid20x10_trajectory142_outcome242_baseline0.10_mc100_alpha0.05_min100_profiles2b1671cb4b_plandc0cd9facf,low_y_side,quarter_1,6,b010_p01000_s100,p01000_s100,full_factorial_nested_prefix,10,1000,100,1621772669,1814778397,14.469889259204422,nested_prefix_median_v1,ok,whole_grid_cosine_dual_leakage_penalty_v2,35,165,-0.026059596799314022,0.5,1.0,0.9187671111880072,0.9297119774726722,0.023406051159571638,0.9079510913642804,0.8972624011798089,1.3129920896417535,0.03146851366297912,0.24470648542046547,
low_y_side__quarter_1__b050_p01000_s100,low_y_side__quarter_1__p01000_s100,games10_possessions92_source4370615271_grid20x10_trajectory142_outcome242_baseline0.10_mc100_alpha0.05_min100_profiles2b1671cb4b,games10_possessions92_source4370615271_grid20x10_trajectory142_outcome242_baseline0.10_mc100_alpha0.05_min100_profiles2b1671cb4b_plandc0cd9facf,low_y_side,quarter_1,21,b050_p01000_s100,p01000_s100,full_factorial_nested_prefix,50,1000,100,1621772669,1814778397,14.469889259204422,nested_prefix_median_v1,ok,whole_grid_cosine_dual_leakage_penalty_v2,35,165,-0.022070467472076416,0.5,1.0,0.9202596047361771,0.9223931807422987,0.0046208243442612965,0.9181309638777441,0.9160072467515719,1.318871431342535,0.006122564512044893,0.2419636668637395,
low_y_side__quarter_1__b100_p01000_s100,low_y_side__quarter_1__p01000_s100,games10_possessions92_source4370615271_grid20x10_trajectory142_outcome242_baseline0.10_mc100_alpha0.05_min100_profiles2b1671cb4b,games10_possessions92_source4370615271_grid20x10_trajectory142_outcome242_baseline0.10_mc100_alpha0.05_min100_profiles2b1671cb4b_plandc0cd9facf,low_y_side,quarter_1,36,b100_p01000_s100,p01000_s100,full_factorial_nested_prefix,100,1000,100,1621772669,1814778397,14.469889259204422,nested_prefix_median_v1,ok,whole_grid_cosine_dual_leakage_penalty_v2,35,165,-0.02284993976354599,0.5,1.0,0.9212852186085257,0.9231251604332052,0.003982359594517047,0.9194489440936142,0.9176163295789133,1.330069853110309,0.005317994607761527,0.23981524910777807,
low_y_side__quarter_1__b500_p01000_s100,low_y_side__quarter_1__p01000_s100,games10_possessions92_source4370615271_grid20x10_trajectory142_outcome242_baseline0.10_mc100_alpha0.05_min100_profiles2b1671cb4b,games10_possessions92_source4370615271_grid20x10_trajectory142_outcome242_baseline0.10_mc100_alpha0.05_min100_profiles2b1671cb4b_plandc0cd9facf,low_y_side,quarter_1,12,b500_p01000_s100,p01000_s100,targeted_nested_prefix,500,1000,100,1621772669,1814778397,14.469889259204422,nested_prefix_median_v1,ok,whole_grid_cosine_dual_leakage_penalty_v2,35,165,-0.022665725089609623,0.5,1.0,0.9201235521612007,0.921717977662099,0.0034566895476607047,0.9185318847628234,0.9169429706958887,1.3425563898766895,0.00465689809098748,0.2405439279973507,
low_y_side__quarter_1__b010_p01000_s150,low_y_side__quarter_1__p01000_s150,games10_possessions92_source4370615271_grid20x10_trajectory142_outcome242_baseline0.10_mc100_alpha0.05_min100_profiles2b1671cb4b,games10_possessions92_source4370615271_grid20x10_trajectory142_outcome242_baseline0.10_mc100_alpha0.05_min100_profiles2b1671cb4b_plandc0cd9facf,low_y_side,quarter_1,7,b010_p01000_s150,p01000_s150,full_factorial_nested_prefix,10,1000,150,4050652992,1749084189,16.99075708703622,nested_prefix_median_v1,ok,whole_grid_cosine_dual_leakage_penalty_v2,35,165,-0.024888631887733936,0.5,1.0,0.9191714660547937,0.9221849426220812,0.006524836338631419,0.9161678367975218,0.9131740226716463,1.2569273932632907,0.008255108764229784,0.22580612171441317,
low_y_side__quarter_1__b050_p01000_s150,low_y_side__quarter_1__p01000_s150,games10_possessions92_source4370615271_grid20x10_trajectory142_outcome242_baseline0.10_mc100_alpha0.05_min100_profiles2b1671cb4b,games10_possessions92_source4370615271_grid20x10_trajectory142_outcome242_baseline0.10_mc100_alpha0.05_min100_profiles2b1671cb4b_plandc0cd9facf,low_y_side,quarter_1,22,b050_p01000_s150,p01000_s150,full_factorial_nested_prefix,50,1000,150,4050652992,1749084189,16.99075708703622,nested_prefix_median_v1,ok,whole_grid_cosine_dual_leakage_penalty_v2,35,165,-0.02111599314957857,0.5,1.0,0.919655374473469,0.921204950962565,0.0033614087751809066,0.9181084045566595,0.9165640368275716,1.1227534088219506,0.0037867620158479743,0.21469275378622116,
low_y_side__quarter_1__b100_p01000_s150,low_y_side__quarter_1__p01000_s150,games10_possessions92_source4370615271_grid20x10_trajectory142_outcome242_baseline0.10_mc100_alpha0.05_min100_profiles2b1671cb4b,games10_possessions92_source4370615271_grid20x10_trajectory142_outcome242_baseline0.10_mc100_alpha0.05_min100_profiles2b1671cb4b_plandc0cd9facf,low_y_side,quarter_1,37,b100_p01000_s150,p01000_s150,full_factorial_nested_prefix,100,1000,150,4050652992,1749084189,16.99075708703622,nested_prefix_median_v1,ok,whole_grid_cosine_dual_leakage_penalty_v2,35,165,-0.02032986469566822,0.5,1.0,0.9155147688846825,0.9170955607945628,0.003444416431203679,0.9139367017759781,0.9123613547717265,1.1255498212953217,0.0038902619808966585,0.21788771077990532,
low_y_side__quarter_1__b010_p01000_s200,low_y_side__quarter_1__p01000_s200,games10_possessions92_source4370615271_grid20x10_trajectory142_outcome242_baseline0.10_mc100_alpha0.05_min100_profiles2b1671cb4b,games10_possessions92_source4370615271_grid20x10_trajectory142_outcome242_baseline0.10_mc100_alpha0.05_min100_profiles2b1671cb4b_plandc0cd9facf,low_y_side,quarter_1,8,b010_p01000_s200,p01000_s200,full_factorial_nested_prefix,10,1000,200,3497043562,3361819581,17.24682847742379,nested_prefix_median_v1,ok,whole_grid_cosine_dual_leakage_penalty_v2,35,165,-0.023242207244038582,0.5,1.0,0.9275617358156311,0.9282422408731963,0.0014656855389066185,0.9268817296441463,0.926202221993003,1.2740503807973629,0.0018700981948536978,0.2273607086390257,
low_y_side__quarter_1__b050_p01000_s200,low_y_side__quarter_1__p01000_s200,games10_possessions92_source4370615271_grid20x10_trajectory142_outcome242_baseline0.10_mc100_alpha0.05_min100_profiles2b1671cb4b,games10_possessions92_source4370615271_grid20x10_trajectory142_outcome242_baseline0.10_mc100_alpha0.05_min100_profiles2b1671cb4b_plandc0cd9facf,low_y_side,quarter_1,23,b050_p01000_s200,p01000_s200,full_factorial_nested_prefix,50,1000,200,3497043562,3361819581,17.24682847742379,nested_prefix_median_v1,ok,whole_grid_cosine_dual_leakage_penalty_v2,35,165,-0.02228452078998089,0.5,1.0,0.926038722366532,0.9294576864752999,0.007343370038845058,0.9226323347480628,0.9192384773578952,1.101276181372085,0.008146904247340728,0.21190080046653748,
low_y_side__quarter_1__b100_p01000_s200,low_y_side__quarter_1__p01000_s200,games10_possessions92_source4370615271_grid20x10_trajectory142_outcome242_baseline0.10_mc100_alpha0.05_min100_profiles2b1671cb4b,games10_possessions92_source4370615271_grid20x10_trajectory142_outcome242_baseline0.10_mc100_alpha0.05_min100_profiles2b1671cb4b_plandc0cd9facf,low_y_side,quarter_1,38,b100_p01000_s200,p01000_s200,full_factorial_nested_prefix,100,1000,200,3497043562,3361819581,17.24682847742379,nested_prefix_median_v1,ok,whole_grid_cosine_dual_leakage_penalty_v2,35,165,-0.022495840676128864,0.5,1.0,0.9257539638722689,0.9285272059779743,0.005964500882678003,0.922989004638328,0.9202323035376102,1.1286401144635945,0.006772167558323174,0.2144473996013403,
low_y_side__quarter_1__b010_p01000_s250,low_y_side__quarter_1__p01000_s250,games10_possessions92_source4370615271_grid20x10_trajectory142_outcome242_baseline0.10_mc100_alpha0.05_min100_profiles2b1671cb4b,games10_possessions92_source4370615271_grid20x10_trajectory142_outcome242_baseline0.10_mc100_alpha0.05_min100_profiles2b1671cb4b_plandc0cd9facf,low_y_side,quarter_1,9,b010_p01000_s250,p01000_s250,full_factorial_nested_prefix,10,1000,250,1213564615,2323674940,17.13180256127105,nested_prefix_median_v1,ok,whole_grid_cosine_dual_leakage_penalty_v2,35,165,-0.024611963890492916,0.5,1.0,0.934692497500009,0.9393226766065187,0.009834250806794002,0.9300851418162615,0.9255004970523653,1.0289148469987017,0.010219103894942863,0.19719993323087692,
low_y_side__quarter_1__b050_p01000_s250,low_y_side__quarter_1__p01000_s250,games10_possessions92_source4370615271_grid20x10_trajectory142_outcome242_baseline0.10_mc100_alpha0.05_min100_profiles2b1671cb4b,games10_possessions92_source4370615271_grid20x10_trajectory142_outcome242_baseline0.10_mc100_alpha0.05_min100_profiles2b1671cb4b_plandc0cd9facf,low_y_side,quarter_1,24,b050_p01000_s250,p01000_s250,full_factorial_nested_prefix,50,1000,250,1213564615,2323674940,17.13180256127105,nested_prefix_median_v1,ok,whole_grid_cosine_dual_leakage_penalty_v2,35,165,-0.023027085699141026,0.5,1.0,0.9278808048866174,0.9316313306979067,0.008035316817303855,0.9241453777988227,0.9204249886506585,1.0721375998446754,0.008684750004259015,0.20945953857153654,
low_y_side__quarter_1__b100_p01000_s250,low_y_side__quarter_1__p01000_s250,games10_possessions92_source4370615271_grid20x10_trajectory142_outcome242_baseline0.10_mc100_alpha0.05_min100_profiles2b1671cb4b,games10_possessions92_source4370615271_grid20x10_trajectory142_outcome242_baseline0.10_mc100_alpha0.05_min100_profiles2b1671cb4b_plandc0cd9facf,low_y_side,quarter_1,39,b100_p01000_s250,p01000_s250,full_factorial_nested_prefix,100,1000,250,1213564615,2323674940,17.13180256127105,nested_prefix_median_v1,ok,whole_grid_cosine_dual_leakage_penalty_v2,35,165,-0.022780769504606724,0.5,1.0,0.9290233567284646,0.9319023414399431,0.006169182046398216,0.926153266246135,0.9232920425154507,1.0705938397083639,0.006645686746274471,0.20936090406030416,
low_y_side__quarter_1__b050_p02500_s150,low_y_side__quarter_1__p02500_s150,games10_possessions92_source4370615271_grid20x10_trajectory142_outcome242_baseline0.10_mc100_alpha0.05_min100_profiles2b1671cb4b,games10_possessions92_source4370615271_grid20x10_trajectory142_outcome242_baseline0.10_mc100_alpha0.05_min100_profiles2b1671cb4b_plandc0cd9facf,low_y_side,quarter_1,3,b050_p02500_s150,p02500_s150,full_factorial_nested_prefix,50,2500,150,4052413110,520548574,25.60746608965001,nested_prefix_median_v1,ok,whole_grid_cosine_dual_leakage_penalty_v2,35,165,-0.03266545943915844,0.5,1.0,0.9179065684253532,0.9287125508179924,0.023135503411682058,0.9072263184300711,0.8966703378799431,1.7155914570096078,0.04063109279262246,0.2866811938583851,
low_y_side__quarter_1__b100_p02500_s150,low_y_side__quarter_1__p02500_s150,games10_possessions92_source4370615271_grid20x10_trajectory142_outcome242_baseline0.10_mc100_alpha0.05_min100_profiles2b1671cb4b,games10_possessions92_source4370615271_grid20x10_trajectory142_outcome242_baseline0.10_mc100_alpha0.05_min100_profiles2b1671cb4b_plandc0cd9facf,low_y_side,quarter_1,9,b100_p02500_s150,p02500_s150,full_factorial_nested_prefix,100,2500,150,4052413110,520548574,25.60746608965001,nested_prefix_median_v1,ok,whole_grid_cosine_dual_leakage_penalty_v2,35,165,-0.03243524208664894,0.5,1.0,0.9198130336714018,0.9298908841740119,0.021557884832220396,0.9098444035864571,0.8999838102243384,1.6780817599535263,0.03697295196039729,0.2811914041638374,
low_y_side__quarter_1__b050_p02500_s200,low_y_side__quarter_1__p02500_s200,games10_possessions92_source4370615271_grid20x10_trajectory142_outcome242_baseline0.10_mc100_alpha0.05_min100_profiles2b1671cb4b,games10_possessions92_source4370615271_grid20x10_trajectory142_outcome242_baseline0.10_mc100_alpha0.05_min100_profiles2b1671cb4b_plandc0cd9facf,low_y_side,quarter_1,4,b050_p02500_s200,p02500_s200,full_factorial_nested_prefix,50,2500,200,1981401840,522798464,25.636435333195497,nested_prefix_median_v1,ok,whole_grid_cosine_dual_leakage_penalty_v2,35,165,-0.03700694255530834,0.5,1.0,0.9235234591716578,0.9410150692298292,0.03683053204335564,0.9063569835692794,0.8895095988158455,1.6543960687985795,0.06326227050526737,0.2729350124485791,
low_y_side__quarter_1__b100_p02500_s200,low_y_side__quarter_1__p02500_s200,games10_possessions92_source4370615271_grid20x10_trajectory142_outcome242_baseline0.10_mc100_alpha0.05_min100_profiles2b1671cb4b,games10_possessions92_source4370615271_grid20x10_trajectory142_outcome242_baseline0.10_mc100_alpha0.05_min100_profiles2b1671cb4b_plandc0cd9facf,low_y_side,quarter_1,10,b100_p02500_s200,p02500_s200,full_factorial_nested_prefix,100,2500,200,1981401840,522798464,25.636435333195497,nested_prefix_median_v1,ok,whole_grid_cosine_dual_leakage_penalty_v2,35,165,-0.035821333527565,0.5,1.0,0.9212003031766457,0.9367554020387888,0.03293485222209352,0.9059035013043938,0.8908607073245751,1.63387739156878,0.055644142035295024,0.2769038986414671,
low_y_side__quarter_1__b050_p02500_s250,low_y_side__quarter_1__p02500_s250,games10_possessions92_source4370615271_grid20x10_trajectory142_outcome242_baseline0.10_mc100_alpha0.05_min100_profiles2b1671cb4b,games10_possessions92_source4370615271_grid20x10_trajectory142_outcome242_baseline0.10_mc100_alpha0.05_min100_profiles2b1671cb4b_plandc0cd9facf,low_y_side,quarter_1,5,b050_p02500_s250,p02500_s250,full_factorial_nested_prefix,50,2500,250,1813759423,2521826001,25.765022237006857,nested_prefix_median_v1,ok,whole_grid_cosine_dual_leakage_penalty_v2,35,165,-0.035271164029836655,0.5,1.0,0.9182919892441372,0.9376012646827926,0.040764545240635705,0.8993803755109534,0.8808582339044813,1.592085470541851,0.06765871702182148,0.2736564055085182,
low_y_side__quarter_1__b100_p02500_s250,low_y_side__quarter_1__p02500_s250,games10_possessions92_source4370615271_grid20x10_trajectory142_outcome242_baseline0.10_mc100_alpha0.05_min100_profiles2b1671cb4b,games10_possessions92_source4370615271_grid20x10_trajectory142_outcome242_baseline0.10_mc100_alpha0.05_min100_profiles2b1671cb4b_plandc0cd9facf,low_y_side,quarter_1,11,b100_p02500_s250,p02500_s250,full_factorial_nested_prefix,100,2500,250,1813759423,2521826001,25.765022237006857,nested_prefix_median_v1,ok,whole_grid_cosine_dual_leakage_penalty_v2,35,165,-0.035321636125445366,0.5,1.0,0.9187315238289999,0.938164921596037,0.04099945124509822,0.8997006746331987,0.8810640355104381,1.5850443550350277,0.06776424564089135,0.271939879283309,
low_y_side__quarter_1__b010_p10000_s050,low_y_side__quarter_1__p10000_s050,games10_possessions92_source4370615271_grid20x10_trajectory142_outcome242_baseline0.10_mc100_alpha0.05_min100_profiles2b1671cb4b,games10_possessions92_source4370615271_grid20x10_trajectory142_outcome242_baseline0.10_mc100_alpha0.05_min100_profiles2b1671cb4b_plandc0cd9facf,low_y_side,quarter_1,10,b010_p10000_s050,p10000_s050,full_factorial_nested_prefix,10,10000,50,3530007450,1973146065,40.87343838498519,nested_prefix_median_v1,ok,whole_grid_cosine_dual_leakage_penalty_v2,35,165,-0.059751320630311966,0.5,1.0,0.7533547803767721,0.8676435643605543,0.24609539303132044,0.6541204803781481,0.5679576396079262,4.887189832767054,1.5953144358002938,0.36707744859158536,
low_y_side__quarter_1__b050_p10000_s050,low_y_side__quarter_1__p10000_s050,games10_possessions92_source4370615271_grid20x10_trajectory142_outcome242_baseline0.10_mc100_alpha0.05_min100_profiles2b1671cb4b,games10_possessions92_source4370615271_grid20x10_trajectory142_outcome242_baseline0.10_mc100_alpha0.05_min100_profiles2b1671cb4b_plandc0cd9facf,low_y_side,quarter_1,25,b050_p10000_s050,p10000_s050,full_factorial_nested_prefix,50,10000,50,3530007450,1973146065,40.87343838498519,nested_prefix_median_v1,ok,whole_grid_cosine_dual_leakage_penalty_v2,35,165,-0.062134407460689545,0.5,1.0,0.735759314166034,0.8564760396196971,0.26202593134934454,0.6320571076599479,0.542971294622724,5.05257479273897,1.793973083905696,0.3579597415402483,
low_y_side__quarter_1__b100_p10000_s050,low_y_side__quarter_1__p10000_s050,games10_possessions92_source4370615271_grid20x10_trajectory142_outcome242_baseline0.10_mc100_alpha0.05_min100_profiles2b1671cb4b,games10_possessions92_source4370615271_grid20x10_trajectory142_outcome242_baseline0.10_mc100_alpha0.05_min100_profiles2b1671cb4b_plandc0cd9facf,low_y_side,quarter_1,40,b100_p10000_s050,p10000_s050,full_factorial_nested_prefix,100,10000,50,3530007450,1973146065,40.87343838498519,nested_prefix_median_v1,ok,whole_grid_cosine_dual_leakage_penalty_v2,35,165,-0.06177222914993763,0.5,1.0,0.7371190256457277,0.8590567220960666,0.2637393996267603,0.6324896179651173,0.542711696368461,5.061394238476278,1.8130660218044656,0.36377127114682906,
low_y_side__quarter_1__b010_p10000_s100,low_y_side__quarter_1__p10000_s100,games10_possessions92_source4370615271_grid20x10_trajectory142_outcome242_baseline0.10_mc100_alpha0.05_min100_profiles2b1671cb4b,games10_possessions92_source4370615271_grid20x10_trajectory142_outcome242_baseline0.10_mc100_alpha0.05_min100_profiles2b1671cb4b_plandc0cd9facf,low_y_side,quarter_1,11,b010_p10000_s100,p10000_s100,full_factorial_nested_prefix,10,10000,100,1611604615,3502112470,43.22680384682775,nested_prefix_median_v1,ok,whole_grid_cosine_dual_leakage_penalty_v2,35,165,-0.06686781719326973,0.5,1.0,0.7254738333918045,0.8644678944770992,0.295719330608633,0.608828027389677,0.5109371970071012,4.408507501315938,1.8510814564865392,0.3376374952495051,
low_y_side__quarter_1__b050_p10000_s100,low_y_side__quarter_1__p10000_s100,games10_possessions92_source4370615271_grid20x10_trajectory142_outcome242_baseline0.10_mc100_alpha0.05_min100_profiles2b1671cb4b,games10_possessions92_source4370615271_grid20x10_trajectory142_outcome242_baseline0.10_mc100_alpha0.05_min100_profiles2b1671cb4b_plandc0cd9facf,low_y_side,quarter_1,26,b050_p10000_s100,p10000_s100,full_factorial_nested_prefix,50,10000,100,1611604615,3502112470,43.22680384682775,nested_prefix_median_v1,ok,whole_grid_cosine_dual_leakage_penalty_v2,35,165,-0.06962351873517036,0.5,1.0,0.7275947924843958,0.8690915644688922,0.2991128545279781,0.6091351057744155,0.5099618371646963,4.4461660084300565,1.897460119048321,0.33462370447814,
low_y_side__quarter_1__b100_p10000_s100,low_y_side__quarter_1__p10000_s100,games10_possessions92_source4370615271_grid20x10_trajectory142_outcome242_baseline0.10_mc100_alpha0.05_min100_profiles2b1671cb4b,games10_possessions92_source4370615271_grid20x10_trajectory142_outcome242_baseline0.10_mc100_alpha0.05_min100_profiles2b1671cb4b_plandc0cd9facf,low_y_side,quarter_1,41,b100_p10000_s100,p10000_s100,full_factorial_nested_prefix,100,10000,100,1611604615,3502112470,43.22680384682775,nested_prefix_median_v1,ok,whole_grid_cosine_dual_leakage_penalty_v2,35,165,-0.06962351873517036,0.5,1.0,0.7256342811782106,0.866094181623208,0.298051352177744,0.6079536396771343,0.5093580024865197,4.511660588423036,1.9156765143979904,0.3360732629895163,
low_y_side__quarter_1__b010_p10000_s150,low_y_side__quarter_1__p10000_s150,games10_possessions92_source4370615271_grid20x10_trajectory142_outcome242_baseline0.10_mc100_alpha0.05_min100_profiles2b1671cb4b,games10_possessions92_source4370615271_grid20x10_trajectory142_outcome242_baseline0.10_mc100_alpha0.05_min100_profiles2b1671cb4b_plandc0cd9facf,low_y_side,quarter_1,12,b010_p10000_s150,p10000_s150,full_factorial_nested_prefix,10,10000,150,4030596498,3808482271,50.788057285489096,nested_prefix_median_v1,ok,whole_grid_cosine_dual_leakage_penalty_v2,35,165,-0.0659981518983841,0.5,1.0,0.7571293861444486,0.8764888459505777,0.25381344800151495,0.6540241898249929,0.5649597660638557,3.6802702312962667,1.251834510392697,0.29748175889253203,
low_y_side__quarter_1__b050_p10000_s150,low_y_side__quarter_1__p10000_s150,games10_possessions92_source4370615271_grid20x10_trajectory142_outcome242_baseline0.10_mc100_alpha0.05_min100_profiles2b1671cb4b,games10_possessions92_source4370615271_grid20x10_trajectory142_outcome242_baseline0.10_mc100_alpha0.05_min100_profiles2b1671cb4b_plandc0cd9facf,low_y_side,quarter_1,27,b050_p10000_s150,p10000_s150,full_factorial_nested_prefix,50,10000,150,4030596498,3808482271,50.788057285489096,nested_prefix_median_v1,ok,whole_grid_cosine_dual_leakage_penalty_v2,35,165,-0.06826939061284065,0.5,1.0,0.7562979290341421,0.88044937198485,0.2621347691568794,0.6496529791052819,0.5580459459929513,3.754867859218349,1.333958260055295,0.30366863869130206,
low_y_side__quarter_1__b100_p10000_s150,low_y_side__quarter_1__p10000_s150,games10_possessions92_source4370615271_grid20x10_trajectory142_outcome242_baseline0.10_mc100_alpha0.05_min100_profiles2b1671cb4b,games10_possessions92_source4370615271_grid20x10_trajectory142_outcome242_baseline0.10_mc100_alpha0.05_min100_profiles2b1671cb4b_plandc0cd9facf,low_y_side,quarter_1,42,b100_p10000_s150,p10000_s150,full_factorial_nested_prefix,100,10000,150,4030596498,3808482271,50.788057285489096,nested_prefix_median_v1,ok,whole_grid_cosine_dual_leakage_penalty_v2,35,165,-0.06908010318875313,0.5,1.0,0.7571216036275198,0.8815093023178024,0.26230391666602154,0.650285959742311,0.5585256416035623,3.7731808465549244,1.3416366667796087,0.30557046979665353,
low_y_side__quarter_1__b010_p10000_s200,low_y_side__quarter_1__p10000_s200,games10_possessions92_source4370615271_grid20x10_trajectory142_outcome242_baseline0.10_mc100_alpha0.05_min100_profiles2b1671cb4b,games10_possessions92_source4370615271_grid20x10_trajectory142_outcome242_baseline0.10_mc100_alpha0.05_min100_profiles2b1671cb4b_plandc0cd9facf,low_y_side,quarter_1,13,b010_p10000_s200,p10000_s200,full_factorial_nested_prefix,10,10000,200,2766936781,3141952541,51.66848504873598,nested_prefix_median_v1,ok,whole_grid_cosine_dual_leakage_penalty_v2,35,165,-0.06787163764238358,0.5,1.0,0.7548343777403362,0.884853890754175,0.2722868669594873,0.6439197971238081,0.5493028899521059,3.5268454089711194,1.3196322054087979,0.3102941598743165,
low_y_side__quarter_1__b050_p10000_s200,low_y_side__quarter_1__p10000_s200,games10_possessions92_source4370615271_grid20x10_trajectory142_outcome242_baseline0.10_mc100_alpha0.05_min100_profiles2b1671cb4b,games10_possessions92_source4370615271_grid20x10_trajectory142_outcome242_baseline0.10_mc100_alpha0.05_min100_profiles2b1671cb4b_plandc0cd9facf,low_y_side,quarter_1,28,b050_p10000_s200,p10000_s200,full_factorial_nested_prefix,50,10000,200,2766936781,3141952541,51.66848504873598,nested_prefix_median_v1,ok,whole_grid_cosine_dual_leakage_penalty_v2,35,165,-0.06766168400645256,0.5,1.0,0.7549124794458596,0.8801009413281498,0.2642534429319799,0.6475312374545096,0.5554242576399737,3.5884195249350466,1.2888299714608917,0.3062572427093945,
low_y_side__quarter_1__b100_p10000_s200,low_y_side__quarter_1__p10000_s200,games10_possessions92_source4370615271_grid20x10_trajectory142_outcome242_baseline0.10_mc100_alpha0.05_min100_profiles2b1671cb4b,games10_possessions92_source4370615271_grid20x10_trajectory142_outcome242_baseline0.10_mc100_alpha0.05_min100_profiles2b1671cb4b_plandc0cd9facf,low_y_side,quarter_1,43,b100_p10000_s200,p10000_s200,full_factorial_nested_prefix,100,10000,200,2766936781,3141952541,51.66848504873598,nested_prefix_median_v1,ok,whole_grid_cosine_dual_leakage_penalty_v2,35,165,-0.06942350789904594,0.5,1.0,0.7554338364083835,0.8822947964487308,0.26689626725569243,0.6468136086574435,0.5538113653123384,3.6194762679211885,1.3177189832501652,0.30552309677004436,
low_y_side__quarter_1__b010_p10000_s250,low_y_side__quarter_1__p10000_s250,games10_possessions92_source4370615271_grid20x10_trajectory142_outcome242_baseline0.10_mc100_alpha0.05_min100_profiles2b1671cb4b,games10_possessions92_source4370615271_grid20x10_trajectory142_outcome242_baseline0.10_mc100_alpha0.05_min100_profiles2b1671cb4b_plandc0cd9facf,low_y_side,quarter_1,14,b010_p10000_s250,p10000_s250,full_factorial_nested_prefix,10,10000,250,2050262281,824917079,50.22510295527911,nested_prefix_median_v1,ok,whole_grid_cosine_dual_leakage_penalty_v2,35,165,-0.06924094632267952,0.5,1.0,0.7342538148300841,0.8738075750274392,0.2939087777587244,0.6169878586548095,0.5184501735486934,3.730588112337517,1.5528483542650275,0.34527766257524145,
low_y_side__quarter_1__b050_p10000_s250,low_y_side__quarter_1__p10000_s250,games10_possessions92_source4370615271_grid20x10_trajectory142_outcome242_baseline0.10_mc100_alpha0.05_min100_profiles2b1671cb4b,games10_possessions92_source4370615271_grid20x10_trajectory142_outcome242_baseline0.10_mc100_alpha0.05_min100_profiles2b1671cb4b_plandc0cd9facf,low_y_side,quarter_1,29,b050_p10000_s250,p10000_s250,full_factorial_nested_prefix,50,10000,250,2050262281,824917079,50.22510295527911,nested_prefix_median_v1,ok,whole_grid_cosine_dual_leakage_penalty_v2,35,165,-0.0725950114428997,0.5,1.0,0.7440708288464061,0.8830233383496077,0.2899577482958363,0.626983879469083,0.5283217267414856,3.6748607220415086,1.5006914556233002,0.3288490720093216,
low_y_side__quarter_1__b100_p10000_s250,low_y_side__quarter_1__p10000_s250,games10_possessions92_source4370615271_grid20x10_trajectory142_outcome242_baseline0.10_mc100_alpha0.05_min100_profiles2b1671cb4b,games10_possessions92_source4370615271_grid20x10_trajectory142_outcome242_baseline0.10_mc100_alpha0.05_min100_profiles2b1671cb4b_plandc0cd9facf,low_y_side,quarter_1,44,b100_p10000_s250,p10000_s250,full_factorial_nested_prefix,100,10000,250,2050262281,824917079,50.22510295527911,nested_prefix_median_v1,ok,whole_grid_cosine_dual_leakage_penalty_v2,35,165,-0.07275692000985146,0.5,1.0,0.7467221396593358,0.8818010568200114,0.2829047826807789,0.6323353204726649,0.5354708750160851,3.67771139649491,1.450912121932135,0.3297231435775723,
low_y_side__quarter_2__b010_p00100_s050,low_y_side__quarter_2__p00100_s050,games10_possessions92_source4370615271_grid20x10_trajectory142_outcome242_baseline0.10_mc100_alpha0.05_min100_profiles2b1671cb4b,games10_possessions92_source4370615271_grid20x10_trajectory142_outcome242_baseline0.10_mc100_alpha0.05_min100_profiles2b1671cb4b_plandc0cd9facf,low_y_side,quarter_2,0,b010_p00100_s050,p00100_s050,full_factorial_nested_prefix,10,100,50,3626200452,2495989749,4.0889036164245,nested_prefix_median_v1,ok,whole_grid_cosine_dual_leakage_penalty_v2,35,165,0.013121531344950199,0.5,1.0,0.9463794921776603,0.9501713608787243,0.007965515931234051,0.9426027557662423,0.9388410912557259,0.1703442055658977,0.0013677745129014184,0.08286317135207355,
low_y_side__quarter_2__b050_p00100_s050,low_y_side__quarter_2__p00100_s050,games10_possessions92_source4370615271_grid20x10_trajectory142_outcome242_baseline0.10_mc100_alpha0.05_min100_profiles2b1671cb4b,games10_possessions92_source4370615271_grid20x10_trajectory142_outcome242_baseline0.10_mc100_alpha0.05_min100_profiles2b1671cb4b_plandc0cd9facf,low_y_side,quarter_2,15,b050_p00100_s050,p00100_s050,full_factorial_nested_prefix,50,100,50,3626200452,2495989749,4.0889036164245,nested_prefix_median_v1,ok,whole_grid_cosine_dual_leakage_penalty_v2,35,165,0.004961180966347456,0.5,1.0,0.9614908630628566,0.9629403628023296,0.003008304232068179,0.9600435452336822,0.9585984060304097,0.3455581730811854,0.001042680815616193,0.10948973289923743,
low_y_side__quarter_2__b100_p00100_s050,low_y_side__quarter_2__p00100_s050,games10_possessions92_source4370615271_grid20x10_trajectory142_outcome242_baseline0.10_mc100_alpha0.05_min100_profiles2b1671cb4b,games10_possessions92_source4370615271_grid20x10_trajectory142_outcome242_baseline0.10_mc100_alpha0.05_min100_profiles2b1671cb4b_plandc0cd9facf,low_y_side,quarter_2,30,b100_p00100_s050,p00100_s050,full_factorial_nested_prefix,100,100,50,3626200452,2495989749,4.0889036164245,nested_prefix_median_v1,ok,whole_grid_cosine_dual_leakage_penalty_v2,35,165,0.006356850964948535,0.5,1.0,0.9669207408841411,0.9683486662978376,0.0029470224002515082,0.9654949210870042,0.9640712038014878,0.3192498539446592,0.0009436173322673906,0.10568587458692491,
low_y_side__quarter_2__b010_p00100_s100,low_y_side__quarter_2__p00100_s100,games10_possessions92_source4370615271_grid20x10_trajectory142_outcome242_baseline0.10_mc100_alpha0.05_min100_profiles2b1671cb4b,games10_possessions92_source4370615271_grid20x10_trajectory142_outcome242_baseline0.10_mc100_alpha0.05_min100_profiles2b1671cb4b_plandc0cd9facf,low_y_side,quarter_2,1,b010_p00100_s100,p00100_s100,full_factorial_nested_prefix,10,100,100,2992400680,4099991206,4.797238487000484,nested_prefix_median_v1,ok,whole_grid_cosine_dual_leakage_penalty_v2,35,165,0.00032578177342657,0.5,1.0,0.9893783581696067,0.9959508559057237,0.01315488815849077,0.9828492337849308,0.9763631965214543,0.23398045198362155,0.003119016996875997,0.08556247009983053,
low_y_side__quarter_2__b050_p00100_s100,low_y_side__quarter_2__p00100_s100,games10_possessions92_source4370615271_grid20x10_trajectory142_outcome242_baseline0.10_mc100_alpha0.05_min100_profiles2b1671cb4b,games10_possessions92_source4370615271_grid20x10_trajectory142_outcome242_baseline0.10_mc100_alpha0.05_min100_profiles2b1671cb4b_plandc0cd9facf,low_y_side,quarter_2,16,b050_p00100_s100,p00100_s100,full_factorial_nested_prefix,50,100,100,2992400680,4099991206,4.797238487000484,nested_prefix_median_v1,ok,whole_grid_cosine_dual_leakage_penalty_v2,35,165,0.0005824980325996876,0.5,1.0,0.9699656854952904,0.9712485907307826,0.002640020205353707,0.968684474826832,0.967404956487083,0.27196340921517526,0.0007198894180542247,0.09593158199277241,
low_y_side__quarter_2__b100_p00100_s100,low_y_side__quarter_2__p00100_s100,games10_possessions92_source4370615271_grid20x10_trajectory142_outcome242_baseline0.10_mc100_alpha0.05_min100_profiles2b1671cb4b,games10_possessions92_source4370615271_grid20x10_trajectory142_outcome242_baseline0.10_mc100_alpha0.05_min100_profiles2b1671cb4b_plandc0cd9facf,low_y_side,quarter_2,31,b100_p00100_s100,p00100_s100,full_factorial_nested_prefix,100,100,100,2992400680,4099991206,4.797238487000484,nested_prefix_median_v1,ok,whole_grid_cosine_dual_leakage_penalty_v2,35,165,0.00015578962847939692,0.5,1.0,0.9683756643895919,0.9689817681634825,0.001250620461740785,0.9677699397371635,0.9671645939690545,0.3098920851218018,0.00038804267669634746,0.10380915397763602,
low_y_side__quarter_2__b010_p00100_s150,low_y_side__quarter_2__p00100_s150,games10_possessions92_source4370615271_grid20x10_trajectory142_outcome242_baseline0.10_mc100_alpha0.05_min100_profiles2b1671cb4b,games10_possessions92_source4370615271_grid20x10_trajectory142_outcome242_baseline0.10_mc100_alpha0.05_min100_profiles2b1671cb4b_plandc0cd9facf,low_y_side,quarter_2,2,b010_p00100_s150,p00100_s150,full_factorial_nested_prefix,10,100,150,4028150633,901627938,4.828241020297251,nested_prefix_median_v1,ok,whole_grid_cosine_dual_leakage_penalty_v2,35,165,-0.0012824016157537699,0.5,1.0,0.9721079678161044,0.9761128970722458,0.008189038958239352,0.9681194705304811,0.9641473377960436,0.312603878230311,0.002581061752570146,0.1019577425904572,
low_y_side__quarter_2__b050_p00100_s150,low_y_side__quarter_2__p00100_s150,games10_possessions92_source4370615271_grid20x10_trajectory142_outcome242_baseline0.10_mc100_alpha0.05_min100_profiles2b1671cb4b,games10_possessions92_source4370615271_grid20x10_trajectory142_outcome242_baseline0.10_mc100_alpha0.05_min100_profiles2b1671cb4b_plandc0cd9facf,low_y_side,quarter_2,17,b050_p00100_s150,p00100_s150,full_factorial_nested_prefix,50,100,150,4028150633,901627938,4.828241020297251,nested_prefix_median_v1,ok,whole_grid_cosine_dual_leakage_penalty_v2,35,165,-0.005362013587728143,0.5,1.0,0.9667434166826511,0.9676482931986714,0.0018693846390095273,0.9658393863434024,0.9649362013896409,0.3572777246498904,0.000669140371051766,0.10896502691321075,
low_y_side__quarter_2__b100_p00100_s150,low_y_side__quarter_2__p00100_s150,games10_possessions92_source4370615271_grid20x10_trajectory142_outcome242_baseline0.10_mc100_alpha0.05_min100_profiles2b1671cb4b,games10_possessions92_source4370615271_grid20x10_trajectory142_outcome242_baseline0.10_mc100_alpha0.05_min100_profiles2b1671cb4b_plandc0cd9facf,low_y_side,quarter_2,32,b100_p00100_s150,p00100_s150,full_factorial_nested_prefix,100,100,150,4028150633,901627938,4.828241020297251,nested_prefix_median_v1,ok,whole_grid_cosine_dual_leakage_penalty_v2,35,165,-0.004308723844587803,0.5,1.0,0.9722856446305579,0.973028938814355,0.00152721107039328,0.9715429182471845,0.9708007592304936,0.3416651422963518,0.0005225928973406113,0.10719080758281052,
low_y_side__quarter_2__b010_p00100_s200,low_y_side__quarter_2__p00100_s200,games10_possessions92_source4370615271_grid20x10_trajectory142_outcome242_baseline0.10_mc100_alpha0.05_min100_profiles2b1671cb4b,games10_possessions92_source4370615271_grid20x10_trajectory142_outcome242_baseline0.10_mc100_alpha0.05_min100_profiles2b1671cb4b_plandc0cd9facf,low_y_side,quarter_2,3,b010_p00100_s200,p00100_s200,full_factorial_nested_prefix,10,100,200,2490554124,2416269722,5.479465685740156,nested_prefix_median_v1,ok,whole_grid_cosine_dual_leakage_penalty_v2,35,165,-0.005062475975137204,0.5,1.0,0.9462949574824812,0.9475858876350243,0.0027228155868789608,0.9450057860102651,0.9437183708224629,0.3633681022206674,0.0009920855986325354,0.11426217161351815,
low_y_side__quarter_2__b050_p00100_s200,low_y_side__quarter_2__p00100_s200,games10_possessions92_source4370615271_grid20x10_trajectory142_outcome242_baseline0.10_mc100_alpha0.05_min100_profiles2b1671cb4b,games10_possessions92_source4370615271_grid20x10_trajectory142_outcome242_baseline0.10_mc100_alpha0.05_min100_profiles2b1671cb4b_plandc0cd9facf,low_y_side,quarter_2,18,b050_p00100_s200,p00100_s200,full_factorial_nested_prefix,50,100,200,2490554124,2416269722,5.479465685740156,nested_prefix_median_v1,ok,whole_grid_cosine_dual_leakage_penalty_v2,35,165,-0.002799884299747646,0.5,1.0,0.9684165167272312,0.9687343909507806,0.0006561593640624024,0.9680987468088689,0.9677810811614679,0.3226219978973131,0.0002118304394993136,0.10580626234877855,
low_y_side__quarter_2__b100_p00100_s200,low_y_side__quarter_2__p00100_s200,games10_possessions92_source4370615271_grid20x10_trajectory142_outcome242_baseline0.10_mc100_alpha0.05_min100_profiles2b1671cb4b,games10_possessions92_source4370615271_grid20x10_trajectory142_outcome242_baseline0.10_mc100_alpha0.05_min100_profiles2b1671cb4b_plandc0cd9facf,low_y_side,quarter_2,33,b100_p00100_s200,p00100_s200,full_factorial_nested_prefix,100,100,200,2490554124,2416269722,5.479465685740156,nested_prefix_median_v1,ok,whole_grid_cosine_dual_leakage_penalty_v2,35,165,-0.002799884299747646,0.5,1.0,0.9632505074628668,0.9636193171666373,0.0007653211579048163,0.9628818389150438,0.9625133114691429,0.3201510447743959,0.0002452060296537172,0.1040697778807953,
low_y_side__quarter_2__b010_p00100_s250,low_y_side__quarter_2__p00100_s250,games10_possessions92_source4370615271_grid20x10_trajectory142_outcome242_baseline0.10_mc100_alpha0.05_min100_profiles2b1671cb4b,games10_possessions92_source4370615271_grid20x10_trajectory142_outcome242_baseline0.10_mc100_alpha0.05_min100_profiles2b1671cb4b_plandc0cd9facf,low_y_side,quarter_2,4,b010_p00100_s250,p00100_s250,full_factorial_nested_prefix,10,100,250,1149619297,1863603235,4.926020454346243,nested_prefix_median_v1,ok,whole_grid_cosine_dual_leakage_penalty_v2,35,165,-0.006963352207094431,0.5,1.0,0.9718850812243174,0.9726737028915498,0.0016208970524293057,0.9710970989535571,0.9703097555608609,0.5272611967685846,0.0008560236459070074,0.13512435089796782,
low_y_side__quarter_2__b050_p00100_s250,low_y_side__quarter_2__p00100_s250,games10_possessions92_source4370615271_grid20x10_trajectory142_outcome242_baseline0.10_mc100_alpha0.05_min100_profiles2b1671cb4b,games10_possessions92_source4370615271_grid20x10_trajectory142_outcome242_baseline0.10_mc100_alpha0.05_min100_profiles2b1671cb4b_plandc0cd9facf,low_y_side,quarter_2,19,b050_p00100_s250,p00100_s250,full_factorial_nested_prefix,50,100,250,1149619297,1863603235,4.926020454346243,nested_prefix_median_v1,ok,whole_grid_cosine_dual_leakage_penalty_v2,35,165,-0.010189640801399946,0.5,1.0,0.9559134121168607,0.956188917011402,0.0005761731793577482,0.9556379866030208,0.9553626404470106,0.5404134978154133,0.0003115512706903147,0.13685334101319313,
low_y_side__quarter_2__b100_p00100_s250,low_y_side__quarter_2__p00100_s250,games10_possessions92_source4370615271_grid20x10_trajectory142_outcome242_baseline0.10_mc100_alpha0.05_min100_profiles2b1671cb4b,games10_possessions92_source4370615271_grid20x10_trajectory142_outcome242_baseline0.10_mc100_alpha0.05_min100_profiles2b1671cb4b_plandc0cd9facf,low_y_side,quarter_2,34,b100_p00100_s250,p00100_s250,full_factorial_nested_prefix,100,100,250,1149619297,1863603235,4.926020454346243,nested_prefix_median_v1,ok,whole_grid_cosine_dual_leakage_penalty_v2,35,165,-0.009676380548626184,0.5,1.0,0.96121195561052,0.9617674590180508,0.0011548383693613872,0.9606567730539735,0.9601019111630921,0.4504312283658978,0.0005207766781653339,0.1256130184046924,
low_y_side__quarter_2__b010_p01000_s050,low_y_side__quarter_2__p01000_s050,games10_possessions92_source4370615271_grid20x10_trajectory142_outcome242_baseline0.10_mc100_alpha0.05_min100_profiles2b1671cb4b,games10_possessions92_source4370615271_grid20x10_trajectory142_outcome242_baseline0.10_mc100_alpha0.05_min100_profiles2b1671cb4b_plandc0cd9facf,low_y_side,quarter_2,5,b010_p01000_s050,p01000_s050,full_factorial_nested_prefix,10,1000,50,3687190213,2090845287,12.221024906457323,nested_prefix_median_v1,ok,whole_grid_cosine_dual_leakage_penalty_v2,35,165,-0.04342449642717838,0.5,1.0,0.9789015185895762,0.982852215880679,0.008023092519286124,0.9749667016198829,0.9710477011386623,2.549333838778972,0.020618969148198853,0.2869744189083576,
low_y_side__quarter_2__b050_p01000_s050,low_y_side__quarter_2__p01000_s050,games10_possessions92_source4370615271_grid20x10_trajectory142_outcome242_baseline0.10_mc100_alpha0.05_min100_profiles2b1671cb4b,games10_possessions92_source4370615271_grid20x10_trajectory142_outcome242_baseline0.10_mc100_alpha0.05_min100_profiles2b1671cb4b_plandc0cd9facf,low_y_side,quarter_2,20,b050_p01000_s050,p01000_s050,full_factorial_nested_prefix,50,1000,50,3687190213,2090845287,12.221024906457323,nested_prefix_median_v1,ok,whole_grid_cosine_dual_leakage_penalty_v2,35,165,-0.041920384392142296,0.5,1.0,0.9781209078045625,0.9817941241231364,0.007468663481141125,0.974461434202299,0.970815651900302,2.4475890546978754,0.018417775154362,0.28582195192575455,
low_y_side__quarter_2__b100_p01000_s050,low_y_side__quarter_2__p01000_s050,games10_possessions92_source4370615271_grid20x10_trajectory142_outcome242_baseline0.10_mc100_alpha0.05_min100_profiles2b1671cb4b,games10_possessions92_source4370615271_grid20x10_trajectory142_outcome242_baseline0.10_mc100_alpha0.05_min100_profiles2b1671cb4b_plandc0cd9facf,low_y_side,quarter_2,35,b100_p01000_s050,p01000_s050,full_factorial_nested_prefix,100,1000,50,3687190213,2090845287,12.221024906457323,nested_prefix_median_v1,ok,whole_grid_cosine_dual_leakage_penalty_v2,35,165,-0.04116865620017052,0.5,1.0,0.9800495140211463,0.9833659105399057,0.006733616079426081,0.9767443020327348,0.9734502368548997,2.498344435898042,0.01693693911104211,0.2885569017380476,
low_y_side__quarter_2__b010_p01000_s100,low_y_side__quarter_2__p01000_s100,games10_possessions92_source4370615271_grid20x10_trajectory142_outcome242_baseline0.10_mc100_alpha0.05_min100_profiles2b1671cb4b,games10_possessions92_source4370615271_grid20x10_trajectory142_outcome242_baseline0.10_mc100_alpha0.05_min100_profiles2b1671cb4b_plandc0cd9facf,low_y_side,quarter_2,6,b010_p01000_s100,p01000_s100,full_factorial_nested_prefix,10,1000,100,2261497806,1387896402,14.204195975692077,nested_prefix_median_v1,ok,whole_grid_cosine_dual_leakage_penalty_v2,35,165,-0.0411746371537447,0.5,1.0,0.9873286301951092,0.990828077182352,0.00705120761701986,0.9838415426973667,0.9803667710373757,2.0820122205911353,0.014784952196103082,0.25862071104347706,
low_y_side__quarter_2__b050_p01000_s100,low_y_side__quarter_2__p01000_s100,games10_possessions92_source4370615271_grid20x10_trajectory142_outcome242_baseline0.10_mc100_alpha0.05_min100_profiles2b1671cb4b,games10_possessions92_source4370615271_grid20x10_trajectory142_outcome242_baseline0.10_mc100_alpha0.05_min100_profiles2b1671cb4b_plandc0cd9facf,low_y_side,quarter_2,21,b050_p01000_s100,p01000_s100,full_factorial_nested_prefix,50,1000,100,2261497806,1387896402,14.204195975692077,nested_prefix_median_v1,ok,whole_grid_cosine_dual_leakage_penalty_v2,35,165,-0.03913608752191067,0.5,1.0,0.9804417366092906,0.9842710791259112,0.007765936639490391,0.9766272922893363,0.9728276882040708,1.9820927840702691,0.015513282140857254,0.25244692526757717,
low_y_side__quarter_2__b100_p01000_s100,low_y_side__quarter_2__p01000_s100,games10_possessions92_source4370615271_grid20x10_trajectory142_outcome242_baseline0.10_mc100_alpha0.05_min100_profiles2b1671cb4b,games10_possessions92_source4370615271_grid20x10_trajectory142_outcome242_baseline0.10_mc100_alpha0.05_min100_profiles2b1671cb4b_plandc0cd9facf,low_y_side,quarter_2,36,b100_p01000_s100,p01000_s100,full_factorial_nested_prefix,100,1000,100,2261497806,1387896402,14.204195975692077,nested_prefix_median_v1,ok,whole_grid_cosine_dual_leakage_penalty_v2,35,165,-0.03889448009431362,0.5,1.0,0.9829372566080965,0.9856089691806634,0.005414097314619795,0.980272786307357,0.9776155386466548,2.0021468491655825,0.010898825179679678,0.2533591967076063,
low_y_side__quarter_2__b500_p01000_s100,low_y_side__quarter_2__p01000_s100,games10_possessions92_source4370615271_grid20x10_trajectory142_outcome242_baseline0.10_mc100_alpha0.05_min100_profiles2b1671cb4b,games10_possessions92_source4370615271_grid20x10_trajectory142_outcome242_baseline0.10_mc100_alpha0.05_min100_profiles2b1671cb4b_plandc0cd9facf,low_y_side,quarter_2,12,b500_p01000_s100,p01000_s100,targeted_nested_prefix,500,1000,100,2261497806,1387896402,14.204195975692077,nested_prefix_median_v1,ok,whole_grid_cosine_dual_leakage_penalty_v2,35,165,-0.04035812243819237,0.5,1.0,0.9801115043402963,0.9841251600199769,0.0081401658986091,0.9761142179524189,0.9721332340958309,2.019320141646026,0.016572503886392056,0.2549472860991955,
low_y_side__quarter_2__b010_p01000_s150,low_y_side__quarter_2__p01000_s150,games10_possessions92_source4370615271_grid20x10_trajectory142_outcome242_baseline0.10_mc100_alpha0.05_min100_profiles2b1671cb4b,games10_possessions92_source4370615271_grid20x10_trajectory142_outcome242_baseline0.10_mc100_alpha0.05_min100_profiles2b1671cb4b_plandc0cd9facf,low_y_side,quarter_2,7,b010_p01000_s150,p01000_s150,full_factorial_nested_prefix,10,1000,150,4158371063,1482011495,15.49325639209651,nested_prefix_median_v1,ok,whole_grid_cosine_dual_leakage_penalty_v2,35,165,-0.044282831251621246,0.5,1.0,0.9898329025012288,0.9941339916427053,0.00863421815322909,0.9855504218853218,0.9812864692857892,1.9537001500706515,0.017015589614443338,0.24472272582352161,
low_y_side__quarter_2__b050_p01000_s150,low_y_side__quarter_2__p01000_s150,games10_possessions92_source4370615271_grid20x10_trajectory142_outcome242_baseline0.10_mc100_alpha0.05_min100_profiles2b1671cb4b,games10_possessions92_source4370615271_grid20x10_trajectory142_outcome242_baseline0.10_mc100_alpha0.05_min100_profiles2b1671cb4b_plandc0cd9facf,low_y_side,quarter_2,22,b050_p01000_s150,p01000_s150,full_factorial_nested_prefix,50,1000,150,4158371063,1482011495,15.49325639209651,nested_prefix_median_v1,ok,whole_grid_cosine_dual_leakage_penalty_v2,35,165,-0.03976651839911938,0.5,1.0,0.9845658726981713,0.9880832048051819,0.007106834066720309,0.9810610614245184,0.9775687264131497,1.8559875910852217,0.013284607339739681,0.24250656366348267,
low_y_side__quarter_2__b100_p01000_s150,low_y_side__quarter_2__p01000_s150,games10_possessions92_source4370615271_grid20x10_trajectory142_outcome242_baseline0.10_mc100_alpha0.05_min100_profiles2b1671cb4b,games10_possessions92_source4370615271_grid20x10_trajectory142_outcome242_baseline0.10_mc100_alpha0.05_min100_profiles2b1671cb4b_plandc0cd9facf,low_y_side,quarter_2,37,b100_p01000_s150,p01000_s150,full_factorial_nested_prefix,100,1000,150,4158371063,1482011495,15.49325639209651,nested_prefix_median_v1,ok,whole_grid_cosine_dual_leakage_penalty_v2,35,165,-0.03855757974088192,0.5,1.0,0.9836759960060534,0.9869006132464723,0.0065241608128047655,0.9804619149393967,0.9772583356204141,1.821861149661653,0.011964171296524462,0.24021616391837597,
low_y_side__quarter_2__b010_p01000_s200,low_y_side__quarter_2__p01000_s200,games10_possessions92_source4370615271_grid20x10_trajectory142_outcome242_baseline0.10_mc100_alpha0.05_min100_profiles2b1671cb4b,games10_possessions92_source4370615271_grid20x10_trajectory142_outcome242_baseline0.10_mc100_alpha0.05_min100_profiles2b1671cb4b_plandc0cd9facf,low_y_side,quarter_2,8,b010_p01000_s200,p01000_s200,full_factorial_nested_prefix,10,1000,200,3531618443,3357536447,14.97715314697194,nested_prefix_median_v1,ok,whole_grid_cosine_dual_leakage_penalty_v2,35,165,-0.041764555498957634,0.5,1.0,0.964498666269747,0.9726015144793454,0.016592808540605672,0.9564633237632865,0.9484949245626636,1.859065873619512,0.031367600698104195,0.2474881410598755,
low_y_side__quarter_2__b050_p01000_s200,low_y_side__quarter_2__p01000_s200,games10_possessions92_source4370615271_grid20x10_trajectory142_outcome242_baseline0.10_mc100_alpha0.05_min100_profiles2b1671cb4b,games10_possessions92_source4370615271_grid20x10_trajectory142_outcome242_baseline0.10_mc100_alpha0.05_min100_profiles2b1671cb4b_plandc0cd9facf,low_y_side,quarter_2,23,b050_p01000_s200,p01000_s200,full_factorial_nested_prefix,50,1000,200,3531618443,3357536447,14.97715314697194,nested_prefix_median_v1,ok,whole_grid_cosine_dual_leakage_penalty_v2,35,165,-0.040673764422535896,0.5,1.0,0.9709985598682422,0.9772753380939421,0.012804213812797388,0.9647620957110132,0.9585656866957709,1.8133249493276054,0.023519347112435675,0.24279508935287594,
low_y_side__quarter_2__b100_p01000_s200,low_y_side__quarter_2__p01000_s200,games10_possessions92_source4370615271_grid20x10_trajectory142_outcome242_baseline0.10_mc100_alpha0.05_min100_profiles2b1671cb4b,games10_possessions92_source4370615271_grid20x10_trajectory142_outcome242_baseline0.10_mc100_alpha0.05_min100_profiles2b1671cb4b_plandc0cd9facf,low_y_side,quarter_2,38,b100_p01000_s200,p01000_s200,full_factorial_nested_prefix,100,1000,200,3531618443,3357536447,14.97715314697194,nested_prefix_median_v1,ok,whole_grid_cosine_dual_leakage_penalty_v2,35,165,-0.04124966822564602,0.5,1.0,0.9748452634382869,0.9795321188647759,0.009546685661649639,0.9701808336304844,0.9655387221394935,1.8576957706574841,0.01790577841550294,0.2449035477824509,
low_y_side__quarter_2__b010_p01000_s250,low_y_side__quarter_2__p01000_s250,games10_possessions92_source4370615271_grid20x10_trajectory142_outcome242_baseline0.10_mc100_alpha0.05_min100_profiles2b1671cb4b,games10_possessions92_source4370615271_grid20x10_trajectory142_outcome242_baseline0.10_mc100_alpha0.05_min100_profiles2b1671cb4b_plandc0cd9facf,low_y_side,quarter_2,9,b010_p01000_s250,p01000_s250,full_factorial_nested_prefix,10,1000,250,2896701537,3458189937,15.926089807208834,nested_prefix_median_v1,ok,whole_grid_cosine_dual_leakage_penalty_v2,35,165,-0.036148518323898315,0.5,1.0,0.9732591117287702,0.9762635129646322,0.0061454274386725065,0.9702639563846845,0.9672780184786142,1.775358030326769,0.010977797209223447,0.24209736473858356,
low_y_side__quarter_2__b050_p01000_s250,low_y_side__quarter_2__p01000_s250,games10_possessions92_source4370615271_grid20x10_trajectory142_outcome242_baseline0.10_mc100_alpha0.05_min100_profiles2b1671cb4b,games10_possessions92_source4370615271_grid20x10_trajectory142_outcome242_baseline0.10_mc100_alpha0.05_min100_profiles2b1671cb4b_plandc0cd9facf,low_y_side,quarter_2,24,b050_p01000_s250,p01000_s250,full_factorial_nested_prefix,50,1000,250,2896701537,3458189937,15.926089807208834,nested_prefix_median_v1,ok,whole_grid_cosine_dual_leakage_penalty_v2,35,165,-0.03840784542262554,0.5,1.0,0.9783315791806203,0.9818118483913796,0.007076917821043228,0.974863646624587,0.9714080069930275,1.7374248455315853,0.012383248081093241,0.23681972734630108,
low_y_side__quarter_2__b100_p01000_s250,low_y_side__quarter_2__p01000_s250,games10_possessions92_source4370615271_grid20x10_trajectory142_outcome242_baseline0.10_mc100_alpha0.05_min100_profiles2b1671cb4b,games10_possessions92_source4370615271_grid20x10_trajectory142_outcome242_baseline0.10_mc100_alpha0.05_min100_profiles2b1671cb4b_plandc0cd9facf,low_y_side,quarter_2,39,b100_p01000_s250,p01000_s250,full_factorial_nested_prefix,100,1000,250,2896701537,3458189937,15.926089807208834,nested_prefix_median_v1,ok,whole_grid_cosine_dual_leakage_penalty_v2,35,165,-0.03923546522855759,0.5,1.0,0.9748893634477265,0.9804543432006406,0.011319622587912236,0.9693559700709299,0.9638539837885283,1.7282417878284566,0.01978702645043276,0.23665461875498295,
low_y_side__quarter_2__b050_p02500_s150,low_y_side__quarter_2__p02500_s150,games10_possessions92_source4370615271_grid20x10_trajectory142_outcome242_baseline0.10_mc100_alpha0.05_min100_profiles2b1671cb4b,games10_possessions92_source4370615271_grid20x10_trajectory142_outcome242_baseline0.10_mc100_alpha0.05_min100_profiles2b1671cb4b_plandc0cd9facf,low_y_side,quarter_2,3,b050_p02500_s150,p02500_s150,full_factorial_nested_prefix,50,2500,150,839507654,1418547404,25.359150275858664,nested_prefix_median_v1,ok,whole_grid_cosine_dual_leakage_penalty_v2,35,165,-0.04996812157332897,0.5,1.0,0.9684003797829209,0.9844759876140389,0.032391562455123535,0.9525872721756694,0.9370323783996171,2.401616846216655,0.08039628329914775,0.30705249309539795,
low_y_side__quarter_2__b100_p02500_s150,low_y_side__quarter_2__p02500_s150,games10_possessions92_source4370615271_grid20x10_trajectory142_outcome242_baseline0.10_mc100_alpha0.05_min100_profiles2b1671cb4b,games10_possessions92_source4370615271_grid20x10_trajectory142_outcome242_baseline0.10_mc100_alpha0.05_min100_profiles2b1671cb4b_plandc0cd9facf,low_y_side,quarter_2,9,b100_p02500_s150,p02500_s150,full_factorial_nested_prefix,100,2500,150,839507654,1418547404,25.359150275858664,nested_prefix_median_v1,ok,whole_grid_cosine_dual_leakage_penalty_v2,35,165,-0.05106361024081707,0.5,1.0,0.9663919242787561,0.9836268972485008,0.03473670478955531,0.9494589400957135,0.9328226532940747,2.405942972410164,0.08658210789512755,0.30661968514323235,
low_y_side__quarter_2__b050_p02500_s200,low_y_side__quarter_2__p02500_s200,games10_possessions92_source4370615271_grid20x10_trajectory142_outcome242_baseline0.10_mc100_alpha0.05_min100_profiles2b1671cb4b,games10_possessions92_source4370615271_grid20x10_trajectory142_outcome242_baseline0.10_mc100_alpha0.05_min100_profiles2b1671cb4b_plandc0cd9facf,low_y_side,quarter_2,4,b050_p02500_s200,p02500_s200,full_factorial_nested_prefix,50,2500,200,3001684622,3516110151,27.596877027962293,nested_prefix_median_v1,ok,whole_grid_cosine_dual_leakage_penalty_v2,35,165,-0.04905288852751255,0.5,1.0,0.9657580968707605,0.9824717660004747,0.033734310601301734,0.9493287582892053,0.9331789132652003,2.2169081474325063,0.07739679556104637,0.2860731892287731,
low_y_side__quarter_2__b100_p02500_s200,low_y_side__quarter_2__p02500_s200,games10_possessions92_source4370615271_grid20x10_trajectory142_outcome242_baseline0.10_mc100_alpha0.05_min100_profiles2b1671cb4b,games10_possessions92_source4370615271_grid20x10_trajectory142_outcome242_baseline0.10_mc100_alpha0.05_min100_profiles2b1671cb4b_plandc0cd9facf,low_y_side,quarter_2,10,b100_p02500_s200,p02500_s200,full_factorial_nested_prefix,100,2500,200,3001684622,3516110151,27.596877027962293,nested_prefix_median_v1,ok,whole_grid_cosine_dual_leakage_penalty_v2,35,165,-0.04856416396796703,0.5,1.0,0.9648305405434449,0.9807675074493749,0.0322349242475542,0.9491525411422818,0.9337293011573002,2.180611539650661,0.07263317261095525,0.28374987095594406,
low_y_side__quarter_2__b050_p02500_s250,low_y_side__quarter_2__p02500_s250,games10_possessions92_source4370615271_grid20x10_trajectory142_outcome242_baseline0.10_mc100_alpha0.05_min100_profiles2b1671cb4b,games10_possessions92_source4370615271_grid20x10_trajectory142_outcome242_baseline0.10_mc100_alpha0.05_min100_profiles2b1671cb4b_plandc0cd9facf,low_y_side,quarter_2,5,b050_p02500_s250,p02500_s250,full_factorial_nested_prefix,50,2500,250,1780359904,815743640,28.19954320398109,nested_prefix_median_v1,ok,whole_grid_cosine_dual_leakage_penalty_v2,35,165,-0.051429400220513344,0.5,1.0,0.9625959643912223,0.9798785258693118,0.03496382631655738,0.945618223279493,0.9289399262792286,2.2232957779306846,0.0805513094221097,0.28490202128887177,
low_y_side__quarter_2__b100_p02500_s250,low_y_side__quarter_2__p02500_s250,games10_possessions92_source4370615271_grid20x10_trajectory142_outcome242_baseline0.10_mc100_alpha0.05_min100_profiles2b1671cb4b,games10_possessions92_source4370615271_grid20x10_trajectory142_outcome242_baseline0.10_mc100_alpha0.05_min100_profiles2b1671cb4b_plandc0cd9facf,low_y_side,quarter_2,11,b100_p02500_s250,p02500_s250,full_factorial_nested_prefix,100,2500,250,1780359904,815743640,28.19954320398109,nested_prefix_median_v1,ok,whole_grid_cosine_dual_leakage_penalty_v2,35,165,-0.05034388415515423,0.5,1.0,0.96262831674763,0.9797497659893949,0.034645270361742496,0.9458060704598383,0.9292777984560393,2.2126141195947238,0.07940771617526875,0.2856838069856167,
low_y_side__quarter_2__b010_p10000_s050,low_y_side__quarter_2__p10000_s050,games10_possessions92_source4370615271_grid20x10_trajectory142_outcome242_baseline0.10_mc100_alpha0.05_min100_profiles2b1671cb4b,games10_possessions92_source4370615271_grid20x10_trajectory142_outcome242_baseline0.10_mc100_alpha0.05_min100_profiles2b1671cb4b_plandc0cd9facf,low_y_side,quarter_2,10,b010_p10000_s050,p10000_s050,full_factorial_nested_prefix,10,10000,50,3230771700,3978626045,37.86118022612297,nested_prefix_median_v1,ok,whole_grid_cosine_dual_leakage_penalty_v2,35,165,-0.08079245314002037,0.5,1.0,0.9045785205236547,0.9878322377132674,0.16145542842592636,0.8283413605603306,0.7585294079476174,4.99822696582705,0.9623708786555993,0.4914895296096802,
low_y_side__quarter_2__b050_p10000_s050,low_y_side__quarter_2__p10000_s050,games10_possessions92_source4370615271_grid20x10_trajectory142_outcome242_baseline0.10_mc100_alpha0.05_min100_profiles2b1671cb4b,games10_possessions92_source4370615271_grid20x10_trajectory142_outcome242_baseline0.10_mc100_alpha0.05_min100_profiles2b1671cb4b_plandc0cd9facf,low_y_side,quarter_2,25,b050_p10000_s050,p10000_s050,full_factorial_nested_prefix,50,10000,50,3230771700,3978626045,37.86118022612297,nested_prefix_median_v1,ok,whole_grid_cosine_dual_leakage_penalty_v2,35,165,-0.07859547436237335,0.5,1.0,0.9032222509912616,0.9866321065727012,0.16193294625974494,0.8268638626809249,0.7569608107608877,4.971105742969782,0.960526721024553,0.49336273968219757,
low_y_side__quarter_2__b100_p10000_s050,low_y_side__quarter_2__p10000_s050,games10_possessions92_source4370615271_grid20x10_trajectory142_outcome242_baseline0.10_mc100_alpha0.05_min100_profiles2b1671cb4b,games10_possessions92_source4370615271_grid20x10_trajectory142_outcome242_baseline0.10_mc100_alpha0.05_min100_profiles2b1671cb4b_plandc0cd9facf,low_y_side,quarter_2,40,b100_p10000_s050,p10000_s050,full_factorial_nested_prefix,100,10000,50,3230771700,3978626045,37.86118022612297,nested_prefix_median_v1,ok,whole_grid_cosine_dual_leakage_penalty_v2,35,165,-0.07703468576073647,0.5,1.0,0.9032154431297497,0.9863996704570589,0.1615505733997569,0.8270462380933898,0.7573004703886231,4.92318179093613,0.9485877335523283,0.49359431117773056,
low_y_side__quarter_2__b010_p10000_s100,low_y_side__quarter_2__p10000_s100,games10_possessions92_source4370615271_grid20x10_trajectory142_outcome242_baseline0.10_mc100_alpha0.05_min100_profiles2b1671cb4b,games10_possessions92_source4370615271_grid20x10_trajectory142_outcome242_baseline0.10_mc100_alpha0.05_min100_profiles2b1671cb4b_plandc0cd9facf,low_y_side,quarter_2,11,b010_p10000_s100,p10000_s100,full_factorial_nested_prefix,10,10000,100,1661703445,173558187,45.8582035927417,nested_prefix_median_v1,ok,whole_grid_cosine_dual_leakage_penalty_v2,35,165,-0.06283368170261383,0.5,1.0,0.887117582724605,0.9886072819878722,0.19477960952265447,0.7960467416310216,0.7143251663608252,3.7411096662159435,0.9049595472054444,0.43909988589584825,
low_y_side__quarter_2__b050_p10000_s100,low_y_side__quarter_2__p10000_s100,games10_possessions92_source4370615271_grid20x10_trajectory142_outcome242_baseline0.10_mc100_alpha0.05_min100_profiles2b1671cb4b,games10_possessions92_source4370615271_grid20x10_trajectory142_outcome242_baseline0.10_mc100_alpha0.05_min100_profiles2b1671cb4b_plandc0cd9facf,low_y_side,quarter_2,26,b050_p10000_s100,p10000_s100,full_factorial_nested_prefix,50,10000,100,1661703445,173558187,45.8582035927417,nested_prefix_median_v1,ok,whole_grid_cosine_dual_leakage_penalty_v2,35,165,-0.06615638360381126,0.5,1.0,0.8858547896353969,0.9892579867113289,0.19812634566069154,0.7932599168885603,0.710343617378915,3.798025490394862,0.9384133112068529,0.4474427059292793,
low_y_side__quarter_2__b100_p10000_s100,low_y_side__quarter_2__p10000_s100,games10_possessions92_source4370615271_grid20x10_trajectory142_outcome242_baseline0.10_mc100_alpha0.05_min100_profiles2b1671cb4b,games10_possessions92_source4370615271_grid20x10_trajectory142_outcome242_baseline0.10_mc100_alpha0.05_min100_profiles2b1671cb4b_plandc0cd9facf,low_y_side,quarter_2,41,b100_p10000_s100,p10000_s100,full_factorial_nested_prefix,100,10000,100,1661703445,173558187,45.8582035927417,nested_prefix_median_v1,ok,whole_grid_cosine_dual_leakage_penalty_v2,35,165,-0.06749377399682999,0.5,1.0,0.8860947143890309,0.9894005842763582,0.19792317717399485,0.7935752771385743,0.7107160332400704,3.8335803640963757,0.9459871972617662,0.44653249047696586,
low_y_side__quarter_2__b010_p10000_s150,low_y_side__quarter_2__p10000_s150,games10_possessions92_source4370615271_grid20x10_trajectory142_outcome242_baseline0.10_mc100_alpha0.05_min100_profiles2b1671cb4b,games10_possessions92_source4370615271_grid20x10_trajectory142_outcome242_baseline0.10_mc100_alpha0.05_min100_profiles2b1671cb4b_plandc0cd9facf,low_y_side,quarter_2,12,b010_p10000_s150,p10000_s150,full_factorial_nested_prefix,10,10000,150,3875731359,3119985871,45.43302766157454,nested_prefix_median_v1,ok,whole_grid_cosine_dual_leakage_penalty_v2,35,165,-0.06672169640660286,0.5,1.0,0.8621332897483441,0.9889358215007426,0.24000171328615683,0.7515895300105115,0.6552198231277109,3.6728898786371387,1.159870856282868,0.44357841983437535,
low_y_side__quarter_2__b050_p10000_s150,low_y_side__quarter_2__p10000_s150,games10_possessions92_source4370615271_grid20x10_trajectory142_outcome242_baseline0.10_mc100_alpha0.05_min100_profiles2b1671cb4b,games10_possessions92_source4370615271_grid20x10_trajectory142_outcome242_baseline0.10_mc100_alpha0.05_min100_profiles2b1671cb4b_plandc0cd9facf,low_y_side,quarter_2,27,b050_p10000_s150,p10000_s150,full_factorial_nested_prefix,50,10000,150,3875731359,3119985871,45.43302766157454,nested_prefix_median_v1,ok,whole_grid_cosine_dual_leakage_penalty_v2,35,165,-0.06827787309885025,0.5,1.0,0.8625275412829819,0.989194724609881,0.23970460581471253,0.7520801930732764,0.6557757169954116,3.7075998444104634,1.168925612360756,0.445008572936058,
low_y_side__quarter_2__b100_p10000_s150,low_y_side__quarter_2__p10000_s150,games10_possessions92_source4370615271_grid20x10_trajectory142_outcome242_baseline0.10_mc100_alpha0.05_min100_profiles2b1671cb4b,games10_possessions92_source4370615271_grid20x10_trajectory142_outcome242_baseline0.10_mc100_alpha0.05_min100_profiles2b1671cb4b_plandc0cd9facf,low_y_side,quarter_2,42,b100_p10000_s150,p10000_s150,full_factorial_nested_prefix,100,10000,150,3875731359,3119985871,45.43302766157454,nested_prefix_median_v1,ok,whole_grid_cosine_dual_leakage_penalty_v2,35,165,-0.06728678569197655,0.5,1.0,0.8633725042549282,0.9893586962693898,0.23846673944820712,0.7534295538252992,0.657486878236022,3.6905996193887898,1.1556754030766108,0.44469442479312415,
low_y_side__quarter_2__b010_p10000_s200,low_y_side__quarter_2__p10000_s200,games10_possessions92_source4370615271_grid20x10_trajectory142_outcome242_baseline0.10_mc100_alpha0.05_min100_profiles2b1671cb4b,games10_possessions92_source4370615271_grid20x10_trajectory142_outcome242_baseline0.10_mc100_alpha0.05_min100_profiles2b1671cb4b_plandc0cd9facf,low_y_side,quarter_2,13,b010_p10000_s200,p10000_s200,full_factorial_nested_prefix,10,10000,200,2072398969,968792774,52.033402276220826,nested_prefix_median_v1,ok,whole_grid_cosine_dual_leakage_penalty_v2,35,165,-0.059154342859983444,0.5,1.0,0.8737245624044249,0.9873057511617281,0.21684855041382473,0.7732099302070751,0.6842586575860721,3.2637844601590293,0.9037165537044377,0.4243527509272098,
low_y_side__quarter_2__b050_p10000_s200,low_y_side__quarter_2__p10000_s200,games10_possessions92_source4370615271_grid20x10_trajectory142_outcome242_baseline0.10_mc100_alpha0.05_min100_profiles2b1671cb4b,games10_possessions92_source4370615271_grid20x10_trajectory142_outcome242_baseline0.10_mc100_alpha0.05_min100_profiles2b1671cb4b_plandc0cd9facf,low_y_side,quarter_2,28,b050_p10000_s200,p10000_s200,full_factorial_nested_prefix,50,10000,200,2072398969,968792774,52.033402276220826,nested_prefix_median_v1,ok,whole_grid_cosine_dual_leakage_penalty_v2,35,165,-0.06280991435050964,0.5,1.0,0.8772295112020635,0.9883628483815222,0.2122405124733728,0.7785922109313855,0.6910458701877712,3.334170260731301,0.89830210364451,0.42778552509844303,
low_y_side__quarter_2__b100_p10000_s200,low_y_side__quarter_2__p10000_s200,games10_possessions92_source4370615271_grid20x10_trajectory142_outcome242_baseline0.10_mc100_alpha0.05_min100_profiles2b1671cb4b,games10_possessions92_source4370615271_grid20x10_trajectory142_outcome242_baseline0.10_mc100_alpha0.05_min100_profiles2b1671cb4b_plandc0cd9facf,low_y_side,quarter_2,43,b100_p10000_s200,p10000_s200,full_factorial_nested_prefix,100,10000,200,2072398969,968792774,52.033402276220826,nested_prefix_median_v1,ok,whole_grid_cosine_dual_leakage_penalty_v2,35,165,-0.06192679703235626,0.5,1.0,0.8728465236589591,0.9884993572345848,0.22030815720752833,0.7707248854414072,0.6805513145066566,3.3081767225258565,0.9347517537778058,0.4252994567155838,
low_y_side__quarter_2__b010_p10000_s250,low_y_side__quarter_2__p10000_s250,games10_possessions92_source4370615271_grid20x10_trajectory142_outcome242_baseline0.10_mc100_alpha0.05_min100_profiles2b1671cb4b,games10_possessions92_source4370615271_grid20x10_trajectory142_outcome242_baseline0.10_mc100_alpha0.05_min100_profiles2b1671cb4b_plandc0cd9facf,low_y_side,quarter_2,14,b010_p10000_s250,p10000_s250,full_factorial_nested_prefix,10,10000,250,4027075343,4060206324,54.82055654787686,nested_prefix_median_v1,ok,whole_grid_cosine_dual_leakage_penalty_v2,35,165,-0.054692862555384636,0.5,1.0,0.8661239135233836,0.987152382652627,0.23017561640430015,0.759933974490585,0.666763307845634,3.0567383287569223,0.9139573180599433,0.4246010586619377,
low_y_side__quarter_2__b050_p10000_s250,low_y_side__quarter_2__p10000_s250,games10_possessions92_source4370615271_grid20x10_trajectory142_outcome242_baseline0.10_mc100_alpha0.05_min100_profiles2b1671cb4b,games10_possessions92_source4370615271_grid20x10_trajectory142_outcome242_baseline0.10_mc100_alpha0.05_min100_profiles2b1671cb4b_plandc0cd9facf,low_y_side,quarter_2,29,b050_p10000_s250,p10000_s250,full_factorial_nested_prefix,50,10000,250,4027075343,4060206324,54.82055654787686,nested_prefix_median_v1,ok,whole_grid_cosine_dual_leakage_penalty_v2,35,165,-0.058626990765333176,0.5,1.0,0.8724522566134154,0.9871377982332014,0.21886197878980232,0.7710908663736745,0.6815056293313749,3.128867846848083,0.8766571204305624,0.4225823238492012,
low_y_side__quarter_2__b100_p10000_s250,low_y_side__quarter_2__p10000_s250,games10_possessions92_source4370615271_grid20x10_trajectory142_outcome242_baseline0.10_mc100_alpha0.05_min100_profiles2b1671cb4b,games10_possessions92_source4370615271_grid20x10_trajectory142_outcome242_baseline0.10_mc100_alpha0.05_min100_profiles2b1671cb4b_plandc0cd9facf,low_y_side,quarter_2,44,b100_p10000_s250,p10000_s250,full_factorial_nested_prefix,100,10000,250,4027075343,4060206324,54.82055654787686,nested_prefix_median_v1,ok,whole_grid_cosine_dual_leakage_penalty_v2,35,165,-0.05806294456124306,0.5,1.0,0.8714339125836189,0.9872309887933091,0.2208315564043583,0.7692192330074689,0.6789938053642388,3.1091239575871223,0.8811864600671089,0.42284328415989875,
low_y_side__quarter_3__b010_p00100_s050,low_y_side__quarter_3__p00100_s050,games10_possessions92_source4370615271_grid20x10_trajectory142_outcome242_baseline0.10_mc100_alpha0.05_min100_profiles2b1671cb4b,games10_possessions92_source4370615271_grid20x10_trajectory142_outcome242_baseline0.10_mc100_alpha0.05_min100_profiles2b1671cb4b_plandc0cd9facf,low_y_side,quarter_3,0,b010_p00100_s050,p00100_s050,full_factorial_nested_prefix,10,100,50,1879422960,549943736,4.128499798350752,nested_prefix_median_v1,ok,whole_grid_cosine_dual_leakage_penalty_v2,35,165,-0.0025073273573070765,0.5,1.0,0.9628141078786995,0.9660142860473331,0.006614555283308227,0.9596245311478074,0.9564455207345868,0.4315151265533949,0.002873286170389986,0.1383550576865673,
low_y_side__quarter_3__b050_p00100_s050,low_y_side__quarter_3__p00100_s050,games10_possessions92_source4370615271_grid20x10_trajectory142_outcome242_baseline0.10_mc100_alpha0.05_min100_profiles2b1671cb4b,games10_possessions92_source4370615271_grid20x10_trajectory142_outcome242_baseline0.10_mc100_alpha0.05_min100_profiles2b1671cb4b_plandc0cd9facf,low_y_side,quarter_3,15,b050_p00100_s050,p00100_s050,full_factorial_nested_prefix,50,100,50,1879422960,549943736,4.128499798350752,nested_prefix_median_v1,ok,whole_grid_cosine_dual_leakage_penalty_v2,35,165,-0.0025073273573070765,0.5,1.0,0.9790489363626024,0.9804292589984666,0.0028137695030639987,0.9776705570495853,0.976294118323458,0.33478245429403714,0.0009446587119279052,0.11577778588980436,
low_y_side__quarter_3__b100_p00100_s050,low_y_side__quarter_3__p00100_s050,games10_possessions92_source4370615271_grid20x10_trajectory142_outcome242_baseline0.10_mc100_alpha0.05_min100_profiles2b1671cb4b,games10_possessions92_source4370615271_grid20x10_trajectory142_outcome242_baseline0.10_mc100_alpha0.05_min100_profiles2b1671cb4b_plandc0cd9facf,low_y_side,quarter_3,30,b100_p00100_s050,p00100_s050,full_factorial_nested_prefix,100,100,50,1879422960,549943736,4.128499798350752,nested_prefix_median_v1,ok,whole_grid_cosine_dual_leakage_penalty_v2,35,165,-0.0012825034209527075,0.5,1.0,0.9784056996677379,0.9796181490438576,0.002473819146495511,0.9771947509104983,0.9759853009148596,0.3419017738972455,0.0008479007074923066,0.11879024072550237,
low_y_side__quarter_3__b010_p00100_s100,low_y_side__quarter_3__p00100_s100,games10_possessions92_source4370615271_grid20x10_trajectory142_outcome242_baseline0.10_mc100_alpha0.05_min100_profiles2b1671cb4b,games10_possessions92_source4370615271_grid20x10_trajectory142_outcome242_baseline0.10_mc100_alpha0.05_min100_profiles2b1671cb4b_plandc0cd9facf,low_y_side,quarter_3,1,b010_p00100_s100,p00100_s100,full_factorial_nested_prefix,10,100,100,200650097,985922541,4.546475342722082,nested_prefix_median_v1,ok,whole_grid_cosine_dual_leakage_penalty_v2,35,165,-0.003601974342018366,0.5,1.0,0.9751109744580485,0.9761364592284032,0.0021000057865447654,0.974086567015566,0.9730632357691633,0.36664492094939705,0.0007715767712854447,0.11451662587933242,
low_y_side__quarter_3__b050_p00100_s100,low_y_side__quarter_3__p00100_s100,games10_possessions92_source4370615271_grid20x10_trajectory142_outcome242_baseline0.10_mc100_alpha0.05_min100_profiles2b1671cb4b,games10_possessions92_source4370615271_grid20x10_trajectory142_outcome242_baseline0.10_mc100_alpha0.05_min100_profiles2b1671cb4b_plandc0cd9facf,low_y_side,quarter_3,16,b050_p00100_s100,p00100_s100,full_factorial_nested_prefix,50,100,100,200650097,985922541,4.546475342722082,nested_prefix_median_v1,ok,whole_grid_cosine_dual_leakage_penalty_v2,35,165,-0.005951658124104142,0.5,1.0,0.9781105437212272,0.9799322780592021,0.0037146260803141997,0.9762921960621815,0.97447722878609,0.35811481795483097,0.0013352224948242834,0.11953901033848524,
low_y_side__quarter_3__b100_p00100_s100,low_y_side__quarter_3__p00100_s100,games10_possessions92_source4370615271_grid20x10_trajectory142_outcome242_baseline0.10_mc100_alpha0.05_min100_profiles2b1671cb4b,games10_possessions92_source4370615271_grid20x10_trajectory142_outcome242_baseline0.10_mc100_alpha0.05_min100_profiles2b1671cb4b_plandc0cd9facf,low_y_side,quarter_3,31,b100_p00100_s100,p00100_s100,full_factorial_nested_prefix,100,100,100,200650097,985922541,4.546475342722082,nested_prefix_median_v1,ok,whole_grid_cosine_dual_leakage_penalty_v2,35,165,-0.00927391555160284,0.5,1.0,0.9829692487621194,0.9847290635575758,0.0035710173957739485,0.9812125789414878,0.9794590484752791,0.3884718584726427,0.0013922113754146425,0.12295733485370874,
low_y_side__quarter_3__b010_p00100_s150,low_y_side__quarter_3__p00100_s150,games10_possessions92_source4370615271_grid20x10_trajectory142_outcome242_baseline0.10_mc100_alpha0.05_min100_profiles2b1671cb4b,games10_possessions92_source4370615271_grid20x10_trajectory142_outcome242_baseline0.10_mc100_alpha0.05_min100_profiles2b1671cb4b_plandc0cd9facf,low_y_side,quarter_3,2,b010_p00100_s150,p00100_s150,full_factorial_nested_prefix,10,100,150,2007200118,2883906039,5.150228123760899,nested_prefix_median_v1,ok,whole_grid_cosine_dual_leakage_penalty_v2,35,165,0.0014986504684202373,0.5,1.0,0.9672072801837509,0.9772430738390117,0.020433529082127203,0.9572745490694148,0.947443822095671,0.19236590988025018,0.004012708203726897,0.09003114653751254,
low_y_side__quarter_3__b050_p00100_s150,low_y_side__quarter_3__p00100_s150,games10_possessions92_source4370615271_grid20x10_trajectory142_outcome242_baseline0.10_mc100_alpha0.05_min100_profiles2b1671cb4b,games10_possessions92_source4370615271_grid20x10_trajectory142_outcome242_baseline0.10_mc100_alpha0.05_min100_profiles2b1671cb4b_plandc0cd9facf,low_y_side,quarter_3,17,b050_p00100_s150,p00100_s150,full_factorial_nested_prefix,50,100,150,2007200118,2883906039,5.150228123760899,nested_prefix_median_v1,ok,whole_grid_cosine_dual_leakage_penalty_v2,35,165,-0.0014086324372328818,0.5,1.0,0.9793801641468488,0.9807047772530275,0.0026995250277013307,0.9780573401620467,0.9767363028821001,0.21191720732099117,0.0005736243181669773,0.0912094977684319,
low_y_side__quarter_3__b100_p00100_s150,low_y_side__quarter_3__p00100_s150,games10_possessions92_source4370615271_grid20x10_trajectory142_outcome242_baseline0.10_mc100_alpha0.05_min100_profiles2b1671cb4b,games10_possessions92_source4370615271_grid20x10_trajectory142_outcome242_baseline0.10_mc100_alpha0.05_min100_profiles2b1671cb4b_plandc0cd9facf,low_y_side,quarter_3,32,b100_p00100_s150,p00100_s150,full_factorial_nested_prefix,100,100,150,2007200118,2883906039,5.150228123760899,nested_prefix_median_v1,ok,whole_grid_cosine_dual_leakage_penalty_v2,35,165,-0.003420601016841829,0.5,1.0,0.9832350455250174,0.9842770413295567,0.0021161608189344244,0.9821941528197184,0.9811543620458741,0.23538955572865192,0.0004991784969963526,0.09407601389102638,
low_y_side__quarter_3__b010_p00100_s200,low_y_side__quarter_3__p00100_s200,games10_possessions92_source4370615271_grid20x10_trajectory142_outcome242_baseline0.10_mc100_alpha0.05_min100_profiles2b1671cb4b,games10_possessions92_source4370615271_grid20x10_trajectory142_outcome242_baseline0.10_mc100_alpha0.05_min100_profiles2b1671cb4b_plandc0cd9facf,low_y_side,quarter_3,3,b010_p00100_s200,p00100_s200,full_factorial_nested_prefix,10,100,200,3782968038,3767788083,5.116064433620189,nested_prefix_median_v1,ok,whole_grid_cosine_dual_leakage_penalty_v2,35,165,-0.011397958733141422,0.5,1.0,0.9945139419488385,0.9962665699899406,0.003515296981426546,0.9927643971237584,0.9910179300907191,0.5263727474013958,0.0018568840288668595,0.1374721797183156,
low_y_side__quarter_3__b050_p00100_s200,low_y_side__quarter_3__p00100_s200,games10_possessions92_source4370615271_grid20x10_trajectory142_outcome242_baseline0.10_mc100_alpha0.05_min100_profiles2b1671cb4b,games10_possessions92_source4370615271_grid20x10_trajectory142_outcome242_baseline0.10_mc100_alpha0.05_min100_profiles2b1671cb4b_plandc0cd9facf,low_y_side,quarter_3,18,b050_p00100_s200,p00100_s200,full_factorial_nested_prefix,50,100,200,3782968038,3767788083,5.116064433620189,nested_prefix_median_v1,ok,whole_grid_cosine_dual_leakage_penalty_v2,35,165,-0.010501667857170105,0.5,1.0,0.9917127819808913,0.9922286844799344,0.0010396159416222012,0.9911971477218142,0.9906817815632335,0.3436472280307971,0.00035763293745812706,0.1103129331022501,
low_y_side__quarter_3__b100_p00100_s200,low_y_side__quarter_3__p00100_s200,games10_possessions92_source4370615271_grid20x10_trajectory142_outcome242_baseline0.10_mc100_alpha0.05_min100_profiles2b1671cb4b,games10_possessions92_source4370615271_grid20x10_trajectory142_outcome242_baseline0.10_mc100_alpha0.05_min100_profiles2b1671cb4b_plandc0cd9facf,low_y_side,quarter_3,33,b100_p00100_s200,p00100_s200,full_factorial_nested_prefix,100,100,200,3782968038,3767788083,5.116064433620189,nested_prefix_median_v1,ok,whole_grid_cosine_dual_leakage_penalty_v2,35,165,-0.008132942020893097,0.5,1.0,0.9874969102847542,0.9879331653886139,0.000882972244653546,0.9870608478240028,0.9866249779212917,0.3358397994002773,0.00029679928705316036,0.11088190693408251,
low_y_side__quarter_3__b010_p00100_s250,low_y_side__quarter_3__p00100_s250,games10_possessions92_source4370615271_grid20x10_trajectory142_outcome242_baseline0.10_mc100_alpha0.05_min100_profiles2b1671cb4b,games10_possessions92_source4370615271_grid20x10_trajectory142_outcome242_baseline0.10_mc100_alpha0.05_min100_profiles2b1671cb4b_plandc0cd9facf,low_y_side,quarter_3,4,b010_p00100_s250,p00100_s250,full_factorial_nested_prefix,10,100,250,3868832867,327142408,4.943526907324546,nested_prefix_median_v1,ok,whole_grid_cosine_dual_leakage_penalty_v2,35,165,-0.007656670408323407,0.5,1.0,0.9821154434862122,0.9905208717818854,0.01689972389510844,0.9737813425364297,0.9655179636581732,0.2868021588878599,0.004930196253152835,0.11134064570069313,
low_y_side__quarter_3__b050_p00100_s250,low_y_side__quarter_3__p00100_s250,games10_possessions92_source4370615271_grid20x10_trajectory142_outcome242_baseline0.10_mc100_alpha0.05_min100_profiles2b1671cb4b,games10_possessions92_source4370615271_grid20x10_trajectory142_outcome242_baseline0.10_mc100_alpha0.05_min100_profiles2b1671cb4b_plandc0cd9facf,low_y_side,quarter_3,19,b050_p00100_s250,p00100_s250,full_factorial_nested_prefix,50,100,250,3868832867,327142408,4.943526907324546,nested_prefix_median_v1,ok,whole_grid_cosine_dual_leakage_penalty_v2,35,165,-0.007955391192808747,0.5,1.0,0.9899541328306298,0.9943151910675846,0.008752746600466283,0.9856122021591761,0.9812893151598789,0.2777536154925652,0.0024525737705019227,0.1033177487552166,
low_y_side__quarter_3__b100_p00100_s250,low_y_side__quarter_3__p00100_s250,games10_possessions92_source4370615271_grid20x10_trajectory142_outcome242_baseline0.10_mc100_alpha0.05_min100_profiles2b1671cb4b,games10_possessions92_source4370615271_grid20x10_trajectory142_outcome242_baseline0.10_mc100_alpha0.05_min100_profiles2b1671cb4b_plandc0cd9facf,low_y_side,quarter_3,34,b100_p00100_s250,p00100_s250,full_factorial_nested_prefix,100,100,250,3868832867,327142408,4.943526907324546,nested_prefix_median_v1,ok,whole_grid_cosine_dual_leakage_penalty_v2,35,165,-0.008989875670522451,0.5,1.0,0.9919848352253634,0.9941270513985128,0.004305099775160482,0.9898472352530565,0.9877142415342721,0.32030536161249223,0.0013849087104385641,0.10912502929568291,
low_y_side__quarter_3__b010_p01000_s050,low_y_side__quarter_3__p01000_s050,games10_possessions92_source4370615271_grid20x10_trajectory142_outcome242_baseline0.10_mc100_alpha0.05_min100_profiles2b1671cb4b,games10_possessions92_source4370615271_grid20x10_trajectory142_outcome242_baseline0.10_mc100_alpha0.05_min100_profiles2b1671cb4b_plandc0cd9facf,low_y_side,quarter_3,5,b010_p01000_s050,p01000_s050,full_factorial_nested_prefix,10,1000,50,342278515,310746180,12.868463510751832,nested_prefix_median_v1,ok,whole_grid_cosine_dual_leakage_penalty_v2,35,165,-0.04349441081285477,0.5,1.0,0.9712150357540144,0.9737186864238863,0.005135840523669262,0.9687178225354967,0.966227030216192,2.4941666504850195,0.012875770057982624,0.33048440143465996,
low_y_side__quarter_3__b050_p01000_s050,low_y_side__quarter_3__p01000_s050,games10_possessions92_source4370615271_grid20x10_trajectory142_outcome242_baseline0.10_mc100_alpha0.05_min100_profiles2b1671cb4b,games10_possessions92_source4370615271_grid20x10_trajectory142_outcome242_baseline0.10_mc100_alpha0.05_min100_profiles2b1671cb4b_plandc0cd9facf,low_y_side,quarter_3,20,b050_p01000_s050,p01000_s050,full_factorial_nested_prefix,50,1000,50,342278515,310746180,12.868463510751832,nested_prefix_median_v1,ok,whole_grid_cosine_dual_leakage_penalty_v2,35,165,-0.03639799542725086,0.5,1.0,0.9554467801816449,0.9616409689604282,0.012841049327157513,0.949292489842992,0.9431778409478586,2.246468416969519,0.029222256187359765,0.34170417860150337,
low_y_side__quarter_3__b100_p01000_s050,low_y_side__quarter_3__p01000_s050,games10_possessions92_source4370615271_grid20x10_trajectory142_outcome242_baseline0.10_mc100_alpha0.05_min100_profiles2b1671cb4b,games10_possessions92_source4370615271_grid20x10_trajectory142_outcome242_baseline0.10_mc100_alpha0.05_min100_profiles2b1671cb4b_plandc0cd9facf,low_y_side,quarter_3,35,b100_p01000_s050,p01000_s050,full_factorial_nested_prefix,100,1000,50,342278515,310746180,12.868463510751832,nested_prefix_median_v1,ok,whole_grid_cosine_dual_leakage_penalty_v2,35,165,-0.036522723734378815,0.5,1.0,0.9539547238766379,0.9612587011732704,0.015138959387881264,0.9467062447349607,0.9395128420539921,2.2846223147135105,0.03511846139999451,0.3460972309112549,
low_y_side__quarter_3__b010_p01000_s100,low_y_side__quarter_3__p01000_s100,games10_possessions92_source4370615271_grid20x10_trajectory142_outcome242_baseline0.10_mc100_alpha0.05_min100_profiles2b1671cb4b,games10_possessions92_source4370615271_grid20x10_trajectory142_outcome242_baseline0.10_mc100_alpha0.05_min100_profiles2b1671cb4b_plandc0cd9facf,low_y_side,quarter_3,6,b010_p01000_s100,p01000_s100,full_factorial_nested_prefix,10,1000,100,989841996,3093510901,15.964904388585095,nested_prefix_median_v1,ok,whole_grid_cosine_dual_leakage_penalty_v2,35,165,-0.036858564242720604,0.5,1.0,0.9726326497737772,0.975707358525913,0.006292591974628508,0.9695676302320668,0.9665122693675491,1.8024813388839702,0.011414103906116121,0.27457053773105145,
low_y_side__quarter_3__b050_p01000_s100,low_y_side__quarter_3__p01000_s100,games10_possessions92_source4370615271_grid20x10_trajectory142_outcome242_baseline0.10_mc100_alpha0.05_min100_profiles2b1671cb4b,games10_possessions92_source4370615271_grid20x10_trajectory142_outcome242_baseline0.10_mc100_alpha0.05_min100_profiles2b1671cb4b_plandc0cd9facf,low_y_side,quarter_3,21,b050_p01000_s100,p01000_s100,full_factorial_nested_prefix,50,1000,100,989841996,3093510901,15.964904388585095,nested_prefix_median_v1,ok,whole_grid_cosine_dual_leakage_penalty_v2,35,165,-0.03469543717801571,0.5,1.0,0.9723916822982546,0.9758176693380195,0.00700945067499036,0.9689777235170108,0.965575750764414,1.7054963615190137,0.01203897925369909,0.27865863777697086,
low_y_side__quarter_3__b100_p01000_s100,low_y_side__quarter_3__p01000_s100,games10_possessions92_source4370615271_grid20x10_trajectory142_outcome242_baseline0.10_mc100_alpha0.05_min100_profiles2b1671cb4b,games10_possessions92_source4370615271_grid20x10_trajectory142_outcome242_baseline0.10_mc100_alpha0.05_min100_profiles2b1671cb4b_plandc0cd9facf,low_y_side,quarter_3,36,b100_p01000_s100,p01000_s100,full_factorial_nested_prefix,100,1000,100,989841996,3093510901,15.964904388585095,nested_prefix_median_v1,ok,whole_grid_cosine_dual_leakage_penalty_v2,35,165,-0.03526785224676132,0.5,1.0,0.9740719803328654,0.9777932270748464,0.007597036985722441,0.9703648957643698,0.9666719194715206,1.680156372464244,0.012861922605146913,0.27385501014068725,
low_y_side__quarter_3__b500_p01000_s100,low_y_side__quarter_3__p01000_s100,games10_possessions92_source4370615271_grid20x10_trajectory142_outcome242_baseline0.10_mc100_alpha0.05_min100_profiles2b1671cb4b,games10_possessions92_source4370615271_grid20x10_trajectory142_outcome242_baseline0.10_mc100_alpha0.05_min100_profiles2b1671cb4b_plandc0cd9facf,low_y_side,quarter_3,12,b500_p01000_s100,p01000_s100,targeted_nested_prefix,500,1000,100,989841996,3093510901,15.964904388585095,nested_prefix_median_v1,ok,whole_grid_cosine_dual_leakage_penalty_v2,35,165,-0.032327232882380486,0.5,1.0,0.9732547833376075,0.9771716171611792,0.008000608610810356,0.9693536495066799,0.9654681527375243,1.6008518481798766,0.01291108562399786,0.26841644011437893,
low_y_side__quarter_3__b010_p01000_s150,low_y_side__quarter_3__p01000_s150,games10_possessions92_source4370615271_grid20x10_trajectory142_outcome242_baseline0.10_mc100_alpha0.05_min100_profiles2b1671cb4b,games10_possessions92_source4370615271_grid20x10_trajectory142_outcome242_baseline0.10_mc100_alpha0.05_min100_profiles2b1671cb4b_plandc0cd9facf,low_y_side,quarter_3,7,b010_p01000_s150,p01000_s150,full_factorial_nested_prefix,10,1000,150,3544777503,3582492863,14.828507604427116,nested_prefix_median_v1,ok,whole_grid_cosine_dual_leakage_penalty_v2,35,165,-0.03242124803364277,0.5,1.0,0.9769303572450949,0.9833076344911561,0.01292901019359014,0.9705944400613851,0.9642996146978454,1.5330089679970424,0.020079901829539264,0.25714678689837456,
low_y_side__quarter_3__b050_p01000_s150,low_y_side__quarter_3__p01000_s150,games10_possessions92_source4370615271_grid20x10_trajectory142_outcome242_baseline0.10_mc100_alpha0.05_min100_profiles2b1671cb4b,games10_possessions92_source4370615271_grid20x10_trajectory142_outcome242_baseline0.10_mc100_alpha0.05_min100_profiles2b1671cb4b_plandc0cd9facf,low_y_side,quarter_3,22,b050_p01000_s150,p01000_s150,full_factorial_nested_prefix,50,1000,150,3544777503,3582492863,14.828507604427116,nested_prefix_median_v1,ok,whole_grid_cosine_dual_leakage_penalty_v2,35,165,-0.03450906462967396,0.5,1.0,0.9763553222442027,0.982374691622622,0.012217187575516444,0.9703728357456283,0.9644270061319915,1.6094647888857252,0.019906332621584397,0.26346337236464024,
low_y_side__quarter_3__b100_p01000_s150,low_y_side__quarter_3__p01000_s150,games10_possessions92_source4370615271_grid20x10_trajectory142_outcome242_baseline0.10_mc100_alpha0.05_min100_profiles2b1671cb4b,games10_possessions92_source4370615271_grid20x10_trajectory142_outcome242_baseline0.10_mc100_alpha0.05_min100_profiles2b1671cb4b_plandc0cd9facf,low_y_side,quarter_3,37,b100_p01000_s150,p01000_s150,full_factorial_nested_prefix,100,1000,150,3544777503,3582492863,14.828507604427116,nested_prefix_median_v1,ok,whole_grid_cosine_dual_leakage_penalty_v2,35,165,-0.034672584384679794,0.5,1.0,0.9751139377058079,0.9802978297401631,0.01054819354502311,0.9699574585002978,0.9648282471624374,1.644035928702323,0.017526481894106296,0.2689977213740349,
low_y_side__quarter_3__b010_p01000_s200,low_y_side__quarter_3__p01000_s200,games10_possessions92_source4370615271_grid20x10_trajectory142_outcome242_baseline0.10_mc100_alpha0.05_min100_profiles2b1671cb4b,games10_possessions92_source4370615271_grid20x10_trajectory142_outcome242_baseline0.10_mc100_alpha0.05_min100_profiles2b1671cb4b_plandc0cd9facf,low_y_side,quarter_3,8,b010_p01000_s200,p01000_s200,full_factorial_nested_prefix,10,1000,200,1074092448,1824439327,16.131193851327566,nested_prefix_median_v1,ok,whole_grid_cosine_dual_leakage_penalty_v2,35,165,-0.0398634597659111,0.5,1.0,0.9760551406258697,0.9787972732188086,0.00559521686617463,0.9733206902071289,0.9705939004407235,1.7538352085104394,0.009868303638104967,0.26838788017630577,
low_y_side__quarter_3__b050_p01000_s200,low_y_side__quarter_3__p01000_s200,games10_possessions92_source4370615271_grid20x10_trajectory142_outcome242_baseline0.10_mc100_alpha0.05_min100_profiles2b1671cb4b,games10_possessions92_source4370615271_grid20x10_trajectory142_outcome242_baseline0.10_mc100_alpha0.05_min100_profiles2b1671cb4b_plandc0cd9facf,low_y_side,quarter_3,23,b050_p01000_s200,p01000_s200,full_factorial_nested_prefix,50,1000,200,1074092448,1824439327,16.131193851327566,nested_prefix_median_v1,ok,whole_grid_cosine_dual_leakage_penalty_v2,35,165,-0.03609948232769966,0.5,1.0,0.9794929874055099,0.982910476954364,0.006941727614131169,0.9760873801542712,0.9726936138869893,1.555991885986368,0.010876775454843196,0.2539452463388443,
low_y_side__quarter_3__b100_p01000_s200,low_y_side__quarter_3__p01000_s200,games10_possessions92_source4370615271_grid20x10_trajectory142_outcome242_baseline0.10_mc100_alpha0.05_min100_profiles2b1671cb4b,games10_possessions92_source4370615271_grid20x10_trajectory142_outcome242_baseline0.10_mc100_alpha0.05_min100_profiles2b1671cb4b_plandc0cd9facf,low_y_side,quarter_3,38,b100_p01000_s200,p01000_s200,full_factorial_nested_prefix,100,1000,200,1074092448,1824439327,16.131193851327566,nested_prefix_median_v1,ok,whole_grid_cosine_dual_leakage_penalty_v2,35,165,-0.034544339403510094,0.5,1.0,0.9788231873073552,0.983246198670339,0.00897651714145198,0.9744200723137073,0.9700367641880401,1.5169347808440345,0.013740129571334029,0.2543095424771309,
low_y_side__quarter_3__b010_p01000_s250,low_y_side__quarter_3__p01000_s250,games10_possessions92_source4370615271_grid20x10_trajectory142_outcome242_baseline0.10_mc100_alpha0.05_min100_profiles2b1671cb4b,games10_possessions92_source4370615271_grid20x10_trajectory142_outcome242_baseline0.10_mc100_alpha0.05_min100_profiles2b1671cb4b_plandc0cd9facf,low_y_side,quarter_3,9,b010_p01000_s250,p01000_s250,full_factorial_nested_prefix,10,1000,250,2701262546,3701399436,15.576005783456637,nested_prefix_median_v1,ok,whole_grid_cosine_dual_leakage_penalty_v2,35,165,-0.02702637854963541,0.5,1.0,0.9804508366353362,0.9913299654940082,0.021828117685839157,0.9696910983417062,0.9590494403880806,1.2470618981578185,0.027828456702430768,0.23886509807780384,
low_y_side__quarter_3__b050_p01000_s250,low_y_side__quarter_3__p01000_s250,games10_possessions92_source4370615271_grid20x10_trajectory142_outcome242_baseline0.10_mc100_alpha0.05_min100_profiles2b1671cb4b,games10_possessions92_source4370615271_grid20x10_trajectory142_outcome242_baseline0.10_mc100_alpha0.05_min100_profiles2b1671cb4b_plandc0cd9facf,low_y_side,quarter_3,24,b050_p01000_s250,p01000_s250,full_factorial_nested_prefix,50,1000,250,2701262546,3701399436,15.576005783456637,nested_prefix_median_v1,ok,whole_grid_cosine_dual_leakage_penalty_v2,35,165,-0.03323988988995552,0.5,1.0,0.9786058540320295,0.9844384751884926,0.011814537295395236,0.9728077901083564,0.967044078672076,1.5589205726296236,0.018638126081598913,0.256654379889369,
low_y_side__quarter_3__b100_p01000_s250,low_y_side__quarter_3__p01000_s250,games10_possessions92_source4370615271_grid20x10_trajectory142_outcome242_baseline0.10_mc100_alpha0.05_min100_profiles2b1671cb4b,games10_possessions92_source4370615271_grid20x10_trajectory142_outcome242_baseline0.10_mc100_alpha0.05_min100_profiles2b1671cb4b_plandc0cd9facf,low_y_side,quarter_3,39,b100_p01000_s250,p01000_s250,full_factorial_nested_prefix,100,1000,250,2701262546,3701399436,15.576005783456637,nested_prefix_median_v1,ok,whole_grid_cosine_dual_leakage_penalty_v2,35,165,-0.03429671376943588,0.5,1.0,0.98106884548763,0.9869956919289963,0.011973813708544636,0.9751775893827024,0.9693217098965041,1.4976312797752769,0.018149678821193345,0.2475498504936695,
low_y_side__quarter_3__b050_p02500_s150,low_y_side__quarter_3__p02500_s150,games10_possessions92_source4370615271_grid20x10_trajectory142_outcome242_baseline0.10_mc100_alpha0.05_min100_profiles2b1671cb4b,games10_possessions92_source4370615271_grid20x10_trajectory142_outcome242_baseline0.10_mc100_alpha0.05_min100_profiles2b1671cb4b_plandc0cd9facf,low_y_side,quarter_3,3,b050_p02500_s150,p02500_s150,full_factorial_nested_prefix,50,2500,150,3948530278,4009044560,25.0806131600184,nested_prefix_median_v1,ok,whole_grid_cosine_dual_leakage_penalty_v2,35,165,-0.04214830696582794,0.5,1.0,0.9399863707707321,0.9576992558053149,0.03664842136902731,0.9226010899337579,0.9055373541735835,2.1051479979740595,0.08008535262230702,0.32407132163643837,
low_y_side__quarter_3__b100_p02500_s150,low_y_side__quarter_3__p02500_s150,games10_possessions92_source4370615271_grid20x10_trajectory142_outcome242_baseline0.10_mc100_alpha0.05_min100_profiles2b1671cb4b,games10_possessions92_source4370615271_grid20x10_trajectory142_outcome242_baseline0.10_mc100_alpha0.05_min100_profiles2b1671cb4b_plandc0cd9facf,low_y_side,quarter_3,9,b100_p02500_s150,p02500_s150,full_factorial_nested_prefix,100,2500,150,3948530278,4009044560,25.0806131600184,nested_prefix_median_v1,ok,whole_grid_cosine_dual_leakage_penalty_v2,35,165,-0.04320945404469967,0.5,1.0,0.9421715237107082,0.9597355182065584,0.03626681722185434,0.9249289655864396,0.908001961268656,2.13070657906352,0.08018188793037326,0.32729558646678925,
low_y_side__quarter_3__b050_p02500_s200,low_y_side__quarter_3__p02500_s200,games10_possessions92_source4370615271_grid20x10_trajectory142_outcome242_baseline0.10_mc100_alpha0.05_min100_profiles2b1671cb4b,games10_possessions92_source4370615271_grid20x10_trajectory142_outcome242_baseline0.10_mc100_alpha0.05_min100_profiles2b1671cb4b_plandc0cd9facf,low_y_side,quarter_3,4,b050_p02500_s200,p02500_s200,full_factorial_nested_prefix,50,2500,200,531714605,3061553801,25.21259639484084,nested_prefix_median_v1,ok,whole_grid_cosine_dual_leakage_penalty_v2,35,165,-0.04203246533870697,0.5,1.0,0.9459436626040202,0.9626467245665304,0.034401307511980755,0.9295304185693162,0.9134019637777699,2.0821239367756403,0.07417966323309154,0.3184337355196476,
low_y_side__quarter_3__b100_p02500_s200,low_y_side__quarter_3__p02500_s200,games10_possessions92_source4370615271_grid20x10_trajectory142_outcome242_baseline0.10_mc100_alpha0.05_min100_profiles2b1671cb4b,games10_possessions92_source4370615271_grid20x10_trajectory142_outcome242_baseline0.10_mc100_alpha0.05_min100_profiles2b1671cb4b_plandc0cd9facf,low_y_side,quarter_3,10,b100_p02500_s200,p02500_s200,full_factorial_nested_prefix,100,2500,200,531714605,3061553801,25.21259639484084,nested_prefix_median_v1,ok,whole_grid_cosine_dual_leakage_penalty_v2,35,165,-0.043256305158138275,0.5,1.0,0.9474852041309524,0.9646232211945619,0.03521743009578916,0.9306516703333676,0.9141172101876761,2.073635957286147,0.07569387305275466,0.31518159434199333,
low_y_side__quarter_3__b050_p02500_s250,low_y_side__quarter_3__p02500_s250,games10_possessions92_source4370615271_grid20x10_trajectory142_outcome242_baseline0.10_mc100_alpha0.05_min100_profiles2b1671cb4b,games10_possessions92_source4370615271_grid20x10_trajectory142_outcome242_baseline0.10_mc100_alpha0.05_min100_profiles2b1671cb4b_plandc0cd9facf,low_y_side,quarter_3,5,b050_p02500_s250,p02500_s250,full_factorial_nested_prefix,50,2500,250,3291164629,3944783275,25.34135814742688,nested_prefix_median_v1,ok,whole_grid_cosine_dual_leakage_penalty_v2,35,165,-0.04554954916238785,0.5,1.0,0.9524147858705836,0.9656932340662656,0.027311277031490354,0.9393189186232459,0.9264031218047845,2.074568019309556,0.05824998332777816,0.3049844317138195,
low_y_side__quarter_3__b100_p02500_s250,low_y_side__quarter_3__p02500_s250,games10_possessions92_source4370615271_grid20x10_trajectory142_outcome242_baseline0.10_mc100_alpha0.05_min100_profiles2b1671cb4b,games10_possessions92_source4370615271_grid20x10_trajectory142_outcome242_baseline0.10_mc100_alpha0.05_min100_profiles2b1671cb4b_plandc0cd9facf,low_y_side,quarter_3,11,b100_p02500_s250,p02500_s250,full_factorial_nested_prefix,100,2500,250,3291164629,3944783275,25.34135814742688,nested_prefix_median_v1,ok,whole_grid_cosine_dual_leakage_penalty_v2,35,165,-0.04549095220863819,0.5,1.0,0.9529205501325618,0.9662292423908926,0.027357972090436358,0.9397951697445991,0.926850576317632,2.073963600727554,0.05833537589079067,0.304720439016819,
low_y_side__quarter_3__b010_p10000_s050,low_y_side__quarter_3__p10000_s050,games10_possessions92_source4370615271_grid20x10_trajectory142_outcome242_baseline0.10_mc100_alpha0.05_min100_profiles2b1671cb4b,games10_possessions92_source4370615271_grid20x10_trajectory142_outcome242_baseline0.10_mc100_alpha0.05_min100_profiles2b1671cb4b_plandc0cd9facf,low_y_side,quarter_3,10,b010_p10000_s050,p10000_s050,full_factorial_nested_prefix,10,10000,50,3969548929,3362328395,40.69710254565332,nested_prefix_median_v1,ok,whole_grid_cosine_dual_leakage_penalty_v2,35,165,-0.059998346492648125,0.5,1.0,0.8938306262077824,0.928868381757537,0.07401894242256347,0.8601145264900861,0.8276702285509847,4.495143587969444,0.3593224415297945,0.5240874588489532,
low_y_side__quarter_3__b050_p10000_s050,low_y_side__quarter_3__p10000_s050,games10_possessions92_source4370615271_grid20x10_trajectory142_outcome242_baseline0.10_mc100_alpha0.05_min100_profiles2b1671cb4b,games10_possessions92_source4370615271_grid20x10_trajectory142_outcome242_baseline0.10_mc100_alpha0.05_min100_profiles2b1671cb4b_plandc0cd9facf,low_y_side,quarter_3,25,b050_p10000_s050,p10000_s050,full_factorial_nested_prefix,50,10000,50,3969548929,3362328395,40.69710254565332,nested_prefix_median_v1,ok,whole_grid_cosine_dual_leakage_penalty_v2,35,165,-0.061602311208844185,0.5,1.0,0.8902569810246802,0.9276771784434662,0.07904792588668387,0.854346221595099,0.8198840131685383,4.6040286956345495,0.3951768277009231,0.535076006129384,
low_y_side__quarter_3__b100_p10000_s050,low_y_side__quarter_3__p10000_s050,games10_possessions92_source4370615271_grid20x10_trajectory142_outcome242_baseline0.10_mc100_alpha0.05_min100_profiles2b1671cb4b,games10_possessions92_source4370615271_grid20x10_trajectory142_outcome242_baseline0.10_mc100_alpha0.05_min100_profiles2b1671cb4b_plandc0cd9facf,low_y_side,quarter_3,40,b100_p10000_s050,p10000_s050,full_factorial_nested_prefix,100,10000,50,3969548929,3362328395,40.69710254565332,nested_prefix_median_v1,ok,whole_grid_cosine_dual_leakage_penalty_v2,35,165,-0.057365452870726585,0.5,1.0,0.8855830489070472,0.9251757379699795,0.08375816038011222,0.8476847201293012,0.811408241866782,4.525404200629576,0.41368939337938765,0.5362658306956292,
low_y_side__quarter_3__b010_p10000_s100,low_y_side__quarter_3__p10000_s100,games10_possessions92_source4370615271_grid20x10_trajectory142_outcome242_baseline0.10_mc100_alpha0.05_min100_profiles2b1671cb4b,games10_possessions92_source4370615271_grid20x10_trajectory142_outcome242_baseline0.10_mc100_alpha0.05_min100_profiles2b1671cb4b_plandc0cd9facf,low_y_side,quarter_3,11,b010_p10000_s100,p10000_s100,full_factorial_nested_prefix,10,10000,100,2821273799,2457007764,45.538537383538575,nested_prefix_median_v1,ok,whole_grid_cosine_dual_leakage_penalty_v2,35,165,-0.04642081260681152,0.5,1.0,0.8765376420073397,0.9361951351033211,0.12338604033226137,0.8206817244045959,0.7683851331578768,3.27620855351822,0.4611361663399891,0.4638499543070793,
low_y_side__quarter_3__b050_p10000_s100,low_y_side__quarter_3__p10000_s100,games10_possessions92_source4370615271_grid20x10_trajectory142_outcome242_baseline0.10_mc100_alpha0.05_min100_profiles2b1671cb4b,games10_possessions92_source4370615271_grid20x10_trajectory142_outcome242_baseline0.10_mc100_alpha0.05_min100_profiles2b1671cb4b_plandc0cd9facf,low_y_side,quarter_3,26,b050_p10000_s100,p10000_s100,full_factorial_nested_prefix,50,10000,100,2821273799,2457007764,45.538537383538575,nested_prefix_median_v1,ok,whole_grid_cosine_dual_leakage_penalty_v2,35,165,-0.04173138923943043,0.5,1.0,0.8736977043683505,0.9344919745443961,0.1258796373857431,0.8168584636488605,0.7637169541577064,3.2240815992473535,0.4642910061053006,0.4645613580942154,
low_y_side__quarter_3__b100_p10000_s100,low_y_side__quarter_3__p10000_s100,games10_possessions92_source4370615271_grid20x10_trajectory142_outcome242_baseline0.10_mc100_alpha0.05_min100_profiles2b1671cb4b,games10_possessions92_source4370615271_grid20x10_trajectory142_outcome242_baseline0.10_mc100_alpha0.05_min100_profiles2b1671cb4b_plandc0cd9facf,low_y_side,quarter_3,41,b100_p10000_s100,p10000_s100,full_factorial_nested_prefix,100,10000,100,2821273799,2457007764,45.538537383538575,nested_prefix_median_v1,ok,whole_grid_cosine_dual_leakage_penalty_v2,35,165,-0.04275319166481495,0.5,1.0,0.8754688266418852,0.9358298016089116,0.1248396555597947,0.819001131513464,0.7661755998705746,3.210012258716156,0.45790103181283204,0.46626101434230804,
low_y_side__quarter_3__b010_p10000_s150,low_y_side__quarter_3__p10000_s150,games10_possessions92_source4370615271_grid20x10_trajectory142_outcome242_baseline0.10_mc100_alpha0.05_min100_profiles2b1671cb4b,games10_possessions92_source4370615271_grid20x10_trajectory142_outcome242_baseline0.10_mc100_alpha0.05_min100_profiles2b1671cb4b_plandc0cd9facf,low_y_side,quarter_3,12,b010_p10000_s150,p10000_s150,full_factorial_nested_prefix,10,10000,150,724496479,4265326980,54.30085006465491,nested_prefix_median_v1,ok,whole_grid_cosine_dual_leakage_penalty_v2,35,165,-0.04584570787847042,0.5,1.0,0.8984675308034176,0.9437288073639728,0.09361992507542212,0.8553769871270402,0.8143530678869021,2.870594244723211,0.29650344877151885,0.41815031692385674,
low_y_side__quarter_3__b050_p10000_s150,low_y_side__quarter_3__p10000_s150,games10_possessions92_source4370615271_grid20x10_trajectory142_outcome242_baseline0.10_mc100_alpha0.05_min100_profiles2b1671cb4b,games10_possessions92_source4370615271_grid20x10_trajectory142_outcome242_baseline0.10_mc100_alpha0.05_min100_profiles2b1671cb4b_plandc0cd9facf,low_y_side,quarter_3,27,b050_p10000_s150,p10000_s150,full_factorial_nested_prefix,50,10000,150,724496479,4265326980,54.30085006465491,nested_prefix_median_v1,ok,whole_grid_cosine_dual_leakage_penalty_v2,35,165,-0.05122148245573044,0.5,1.0,0.9050019701176544,0.9496794680803303,0.0918764215579231,0.8624263169260776,0.8218536276003738,2.9185649917589807,0.29527623100268147,0.417931005358696,
low_y_side__quarter_3__b100_p10000_s150,low_y_side__quarter_3__p10000_s150,games10_possessions92_source4370615271_grid20x10_trajectory142_outcome242_baseline0.10_mc100_alpha0.05_min100_profiles2b1671cb4b,games10_possessions92_source4370615271_grid20x10_trajectory142_outcome242_baseline0.10_mc100_alpha0.05_min100_profiles2b1671cb4b_plandc0cd9facf,low_y_side,quarter_3,42,b100_p10000_s150,p10000_s150,full_factorial_nested_prefix,100,10000,150,724496479,4265326980,54.30085006465491,nested_prefix_median_v1,ok,whole_grid_cosine_dual_leakage_penalty_v2,35,165,-0.05131770297884941,0.5,1.0,0.906788743859186,0.9495792333415789,0.08809452250319577,0.8659265042014016,0.8269056224576383,2.9233216356071745,0.28240714631849306,0.4150683432817459,
low_y_side__quarter_3__b010_p10000_s200,low_y_side__quarter_3__p10000_s200,games10_possessions92_source4370615271_grid20x10_trajectory142_outcome242_baseline0.10_mc100_alpha0.05_min100_profiles2b1671cb4b,games10_possessions92_source4370615271_grid20x10_trajectory142_outcome242_baseline0.10_mc100_alpha0.05_min100_profiles2b1671cb4b_plandc0cd9facf,low_y_side,quarter_3,13,b010_p10000_s200,p10000_s200,full_factorial_nested_prefix,10,10000,200,403135225,2724384233,47.1942021479667,nested_prefix_median_v1,ok,whole_grid_cosine_dual_leakage_penalty_v2,35,165,-0.04501951299607754,0.5,1.0,0.8773640859035726,0.9474310816412899,0.14244013034976483,0.8124788748748859,0.7523922311432655,2.953269861830274,0.4905361817463642,0.443802610039711,
low_y_side__quarter_3__b050_p10000_s200,low_y_side__quarter_3__p10000_s200,games10_possessions92_source4370615271_grid20x10_trajectory142_outcome242_baseline0.10_mc100_alpha0.05_min100_profiles2b1671cb4b,games10_possessions92_source4370615271_grid20x10_trajectory142_outcome242_baseline0.10_mc100_alpha0.05_min100_profiles2b1671cb4b_plandc0cd9facf,low_y_side,quarter_3,28,b050_p10000_s200,p10000_s200,full_factorial_nested_prefix,50,10000,200,403135225,2724384233,47.1942021479667,nested_prefix_median_v1,ok,whole_grid_cosine_dual_leakage_penalty_v2,35,165,-0.03673603571951389,0.5,1.0,0.8632672157091713,0.9444956967579373,0.16460758271361736,0.7890245432311994,0.7211668860953698,2.714265452867085,0.5348249107776712,0.4420992359519005,
low_y_side__quarter_3__b100_p10000_s200,low_y_side__quarter_3__p10000_s200,games10_possessions92_source4370615271_grid20x10_trajectory142_outcome242_baseline0.10_mc100_alpha0.05_min100_profiles2b1671cb4b,games10_possessions92_source4370615271_grid20x10_trajectory142_outcome242_baseline0.10_mc100_alpha0.05_min100_profiles2b1671cb4b_plandc0cd9facf,low_y_side,quarter_3,43,b100_p10000_s200,p10000_s200,full_factorial_nested_prefix,100,10000,200,403135225,2724384233,47.1942021479667,nested_prefix_median_v1,ok,whole_grid_cosine_dual_leakage_penalty_v2,35,165,-0.03605925478041172,0.5,1.0,0.8608529839139423,0.9445476762603114,0.16936503115986942,0.7845743296385015,0.7150545914692908,2.697817886032046,0.5500803932797242,0.4401993304491043,
low_y_side__quarter_3__b010_p10000_s250,low_y_side__quarter_3__p10000_s250,games10_possessions92_source4370615271_grid20x10_trajectory142_outcome242_baseline0.10_mc100_alpha0.05_min100_profiles2b1671cb4b,games10_possessions92_source4370615271_grid20x10_trajectory142_outcome242_baseline0.10_mc100_alpha0.05_min100_profiles2b1671cb4b_plandc0cd9facf,low_y_side,quarter_3,14,b010_p10000_s250,p10000_s250,full_factorial_nested_prefix,10,10000,250,3485685853,3404125668,50.00683008912087,nested_prefix_median_v1,ok,whole_grid_cosine_dual_leakage_penalty_v2,35,165,-0.04364895075559616,0.5,1.0,0.8850261508035326,0.9516774762137661,0.13516625842669108,0.8230427925249949,0.7654004773896427,2.7879595720685084,0.43573469198349474,0.41984670609235764,
low_y_side__quarter_3__b050_p10000_s250,low_y_side__quarter_3__p10000_s250,games10_possessions92_source4370615271_grid20x10_trajectory142_outcome242_baseline0.10_mc100_alpha0.05_min100_profiles2b1671cb4b,games10_possessions92_source4370615271_grid20x10_trajectory142_outcome242_baseline0.10_mc100_alpha0.05_min100_profiles2b1671cb4b_plandc0cd9facf,low_y_side,quarter_3,29,b050_p10000_s250,p10000_s250,full_factorial_nested_prefix,50,10000,250,3485685853,3404125668,50.00683008912087,nested_prefix_median_v1,ok,whole_grid_cosine_dual_leakage_penalty_v2,35,165,-0.04403049685060978,0.5,1.0,0.8811753481023444,0.950277030924216,0.1401469950638617,0.8170985605619788,0.7576812709414487,2.753404113512739,0.44877590761451824,0.4266646206378937,
low_y_side__quarter_3__b100_p10000_s250,low_y_side__quarter_3__p10000_s250,games10_possessions92_source4370615271_grid20x10_trajectory142_outcome242_baseline0.10_mc100_alpha0.05_min100_profiles2b1671cb4b,games10_possessions92_source4370615271_grid20x10_trajectory142_outcome242_baseline0.10_mc100_alpha0.05_min100_profiles2b1671cb4b_plandc0cd9facf,low_y_side,quarter_3,44,b100_p10000_s250,p10000_s250,full_factorial_nested_prefix,100,10000,250,3485685853,3404125668,50.00683008912087,nested_prefix_median_v1,ok,whole_grid_cosine_dual_leakage_penalty_v2,35,165,-0.04706789553165436,0.5,1.0,0.8850892617889652,0.9510184924110943,0.13384379705262606,0.8237305663195291,0.7666255542606243,2.8119531044930537,0.43452033173528765,0.42575089633464813,
low_y_side__quarter_4__b010_p00100_s050,low_y_side__quarter_4__p00100_s050,games10_possessions92_source4370615271_grid20x10_trajectory142_outcome242_baseline0.10_mc100_alpha0.05_min100_profiles2b1671cb4b,games10_possessions92_source4370615271_grid20x10_trajectory142_outcome242_baseline0.10_mc100_alpha0.05_min100_profiles2b1671cb4b_plandc0cd9facf,low_y_side,quarter_4,0,b010_p00100_s050,p00100_s050,full_factorial_nested_prefix,10,100,50,3771175008,3430096629,4.274639417549173,nested_prefix_median_v1,ok,whole_grid_cosine_dual_leakage_penalty_v2,35,165,-0.00013982667587697506,0.5,1.0,0.8926685243360519,0.9075844418130892,0.03259938614377309,0.877997746136344,0.8635680784128289,0.20475465146436403,0.00689980536730617,0.1009636651724577,
low_y_side__quarter_4__b050_p00100_s050,low_y_side__quarter_4__p00100_s050,games10_possessions92_source4370615271_grid20x10_trajectory142_outcome242_baseline0.10_mc100_alpha0.05_min100_profiles2b1671cb4b,games10_possessions92_source4370615271_grid20x10_trajectory142_outcome242_baseline0.10_mc100_alpha0.05_min100_profiles2b1671cb4b_plandc0cd9facf,low_y_side,quarter_4,15,b050_p00100_s050,p00100_s050,full_factorial_nested_prefix,50,100,50,3771175008,3430096629,4.274639417549173,nested_prefix_median_v1,ok,whole_grid_cosine_dual_leakage_penalty_v2,35,165,-0.014859495218843222,0.5,1.0,0.906286763078222,0.9366542501934073,0.06379133260358326,0.8769038273847598,0.8484735227404743,0.32286953319159906,0.021999665776078446,0.11969694634899497,
low_y_side__quarter_4__b100_p00100_s050,low_y_side__quarter_4__p00100_s050,games10_possessions92_source4370615271_grid20x10_trajectory142_outcome242_baseline0.10_mc100_alpha0.05_min100_profiles2b1671cb4b,games10_possessions92_source4370615271_grid20x10_trajectory142_outcome242_baseline0.10_mc100_alpha0.05_min100_profiles2b1671cb4b_plandc0cd9facf,low_y_side,quarter_4,30,b100_p00100_s050,p00100_s050,full_factorial_nested_prefix,100,100,50,3771175008,3430096629,4.274639417549173,nested_prefix_median_v1,ok,whole_grid_cosine_dual_leakage_penalty_v2,35,165,-0.010057721752673388,0.5,1.0,0.9064557338077931,0.9345352866073865,0.05919028736272183,0.8792198744424918,0.8528023584421229,0.2701238932851078,0.01699462776831159,0.11088156048208475,
low_y_side__quarter_4__b010_p00100_s100,low_y_side__quarter_4__p00100_s100,games10_possessions92_source4370615271_grid20x10_trajectory142_outcome242_baseline0.10_mc100_alpha0.05_min100_profiles2b1671cb4b,games10_possessions92_source4370615271_grid20x10_trajectory142_outcome242_baseline0.10_mc100_alpha0.05_min100_profiles2b1671cb4b_plandc0cd9facf,low_y_side,quarter_4,1,b010_p00100_s100,p00100_s100,full_factorial_nested_prefix,10,100,100,2016640081,163376955,4.884913413508099,nested_prefix_median_v1,ok,whole_grid_cosine_dual_leakage_penalty_v2,35,165,-0.003058265196159482,0.5,1.0,0.9094554305864025,0.9105319025953371,0.0023630927788762194,0.9083802312313778,0.907306303025674,0.13220716715671527,0.0003131578230139279,0.07906863803509623,
low_y_side__quarter_4__b050_p00100_s100,low_y_side__quarter_4__p00100_s100,games10_possessions92_source4370615271_grid20x10_trajectory142_outcome242_baseline0.10_mc100_alpha0.05_min100_profiles2b1671cb4b,games10_possessions92_source4370615271_grid20x10_trajectory142_outcome242_baseline0.10_mc100_alpha0.05_min100_profiles2b1671cb4b_plandc0cd9facf,low_y_side,quarter_4,16,b050_p00100_s100,p00100_s100,full_factorial_nested_prefix,50,100,100,2016640081,163376955,4.884913413508099,nested_prefix_median_v1,ok,whole_grid_cosine_dual_leakage_penalty_v2,35,165,-0.006766022183001041,0.5,1.0,0.9274572671690198,0.9365932638572787,0.019413844857705115,0.9184103875379818,0.9094517556720493,0.24093630519471676,0.004770106150397525,0.10237240535207093,
low_y_side__quarter_4__b100_p00100_s100,low_y_side__quarter_4__p00100_s100,games10_possessions92_source4370615271_grid20x10_trajectory142_outcome242_baseline0.10_mc100_alpha0.05_min100_profiles2b1671cb4b,games10_possessions92_source4370615271_grid20x10_trajectory142_outcome242_baseline0.10_mc100_alpha0.05_min100_profiles2b1671cb4b_plandc0cd9facf,low_y_side,quarter_4,31,b100_p00100_s100,p00100_s100,full_factorial_nested_prefix,100,100,100,2016640081,163376955,4.884913413508099,nested_prefix_median_v1,ok,whole_grid_cosine_dual_leakage_penalty_v2,35,165,-0.0077600481454283,0.5,1.0,0.9207160171144821,0.9270845280616963,0.013691603823846222,0.9143912539922582,0.908109938173881,0.2665967141170342,0.003700806567784416,0.11010229727253318,
low_y_side__quarter_4__b010_p00100_s150,low_y_side__quarter_4__p00100_s150,games10_possessions92_source4370615271_grid20x10_trajectory142_outcome242_baseline0.10_mc100_alpha0.05_min100_profiles2b1671cb4b,games10_possessions92_source4370615271_grid20x10_trajectory142_outcome242_baseline0.10_mc100_alpha0.05_min100_profiles2b1671cb4b_plandc0cd9facf,low_y_side,quarter_4,2,b010_p00100_s150,p00100_s150,full_factorial_nested_prefix,10,100,150,1182809535,830248817,4.467799749228977,nested_prefix_median_v1,ok,whole_grid_cosine_dual_leakage_penalty_v2,35,165,-0.0015449956408701837,0.5,1.0,0.8940135769510142,0.9034459180960854,0.020771807646716697,0.8846797132661819,0.8754432988970346,0.2783570497940851,0.005904628911403187,0.11172135802917182,
low_y_side__quarter_4__b050_p00100_s150,low_y_side__quarter_4__p00100_s150,games10_possessions92_source4370615271_grid20x10_trajectory142_outcome242_baseline0.10_mc100_alpha0.05_min100_profiles2b1671cb4b,games10_possessions92_source4370615271_grid20x10_trajectory142_outcome242_baseline0.10_mc100_alpha0.05_min100_profiles2b1671cb4b_plandc0cd9facf,low_y_side,quarter_4,17,b050_p00100_s150,p00100_s150,full_factorial_nested_prefix,50,100,150,1182809535,830248817,4.467799749228977,nested_prefix_median_v1,ok,whole_grid_cosine_dual_leakage_penalty_v2,35,165,-0.008422820828855038,0.5,1.0,0.9000155504580265,0.9082795926254635,0.018114348854922975,0.8918266992268383,0.8837123548021742,0.330789064793984,0.006102572646910596,0.1231701476732269,
low_y_side__quarter_4__b100_p00100_s150,low_y_side__quarter_4__p00100_s150,games10_possessions92_source4370615271_grid20x10_trajectory142_outcome242_baseline0.10_mc100_alpha0.05_min100_profiles2b1671cb4b,games10_possessions92_source4370615271_grid20x10_trajectory142_outcome242_baseline0.10_mc100_alpha0.05_min100_profiles2b1671cb4b_plandc0cd9facf,low_y_side,quarter_4,32,b100_p00100_s150,p00100_s150,full_factorial_nested_prefix,100,100,150,1182809535,830248817,4.467799749228977,nested_prefix_median_v1,ok,whole_grid_cosine_dual_leakage_penalty_v2,35,165,-0.011548394337296486,0.5,1.0,0.9039087560232296,0.9168439518474658,0.02801774146618123,0.8911560550397719,0.8785832741879533,0.34137210590708567,0.009840174882922291,0.12640628451481462,
low_y_side__quarter_4__b010_p00100_s200,low_y_side__quarter_4__p00100_s200,games10_possessions92_source4370615271_grid20x10_trajectory142_outcome242_baseline0.10_mc100_alpha0.05_min100_profiles2b1671cb4b,games10_possessions92_source4370615271_grid20x10_trajectory142_outcome242_baseline0.10_mc100_alpha0.05_min100_profiles2b1671cb4b_plandc0cd9facf,low_y_side,quarter_4,3,b010_p00100_s200,p00100_s200,full_factorial_nested_prefix,10,100,200,3764962087,3928760113,4.6552695524047145,nested_prefix_median_v1,ok,whole_grid_cosine_dual_leakage_penalty_v2,35,165,-0.01694284100085497,0.5,1.0,0.8791604251520501,0.8881344563850524,0.020106624042925843,0.8702770707709498,0.861483477010099,0.47923673454129784,0.009833552389891288,0.14812822407111526,
low_y_side__quarter_4__b050_p00100_s200,low_y_side__quarter_4__p00100_s200,games10_possessions92_source4370615271_grid20x10_trajectory142_outcome242_baseline0.10_mc100_alpha0.05_min100_profiles2b1671cb4b,games10_possessions92_source4370615271_grid20x10_trajectory142_outcome242_baseline0.10_mc100_alpha0.05_min100_profiles2b1671cb4b_plandc0cd9facf,low_y_side,quarter_4,18,b050_p00100_s200,p00100_s200,full_factorial_nested_prefix,50,100,200,3764962087,3928760113,4.6552695524047145,nested_prefix_median_v1,ok,whole_grid_cosine_dual_leakage_penalty_v2,35,165,-0.011784372851252556,0.5,1.0,0.870602193076965,0.8801355203554421,0.021545991922990424,0.8611721275427268,0.8518442052567909,0.3754215827709298,0.008266950028643655,0.13812962779775262,
low_y_side__quarter_4__b100_p00100_s200,low_y_side__quarter_4__p00100_s200,games10_possessions92_source4370615271_grid20x10_trajectory142_outcome242_baseline0.10_mc100_alpha0.05_min100_profiles2b1671cb4b,games10_possessions92_source4370615271_grid20x10_trajectory142_outcome242_baseline0.10_mc100_alpha0.05_min100_profiles2b1671cb4b_plandc0cd9facf,low_y_side,quarter_4,33,b100_p00100_s200,p00100_s200,full_factorial_nested_prefix,100,100,200,3764962087,3928760113,4.6552695524047145,nested_prefix_median_v1,ok,whole_grid_cosine_dual_leakage_penalty_v2,35,165,-0.011701918672770262,0.5,1.0,0.9021890499897347,0.9098992266999802,0.016875517149248585,0.8945442066957168,0.8869641432047686,0.34405471324725245,0.005905764035951936,0.12648943411186336,
low_y_side__quarter_4__b010_p00100_s250,low_y_side__quarter_4__p00100_s250,games10_possessions92_source4370615271_grid20x10_trajectory142_outcome242_baseline0.10_mc100_alpha0.05_min100_profiles2b1671cb4b,games10_possessions92_source4370615271_grid20x10_trajectory142_outcome242_baseline0.10_mc100_alpha0.05_min100_profiles2b1671cb4b_plandc0cd9facf,low_y_side,quarter_4,4,b010_p00100_s250,p00100_s250,full_factorial_nested_prefix,10,100,250,3323179320,2122295216,5.358775605304003,nested_prefix_median_v1,ok,whole_grid_cosine_dual_leakage_penalty_v2,35,165,-0.015116597525775433,0.5,1.0,0.8879923781933177,0.9140694339116482,0.0562431796832743,0.8626592624971661,0.8380488633092128,0.2954678379718343,0.01760840329196394,0.11380112078040838,
low_y_side__quarter_4__b050_p00100_s250,low_y_side__quarter_4__p00100_s250,games10_possessions92_source4370615271_grid20x10_trajectory142_outcome242_baseline0.10_mc100_alpha0.05_min100_profiles2b1671cb4b,games10_possessions92_source4370615271_grid20x10_trajectory142_outcome242_baseline0.10_mc100_alpha0.05_min100_profiles2b1671cb4b_plandc0cd9facf,low_y_side,quarter_4,19,b050_p00100_s250,p00100_s250,full_factorial_nested_prefix,50,100,250,3323179320,2122295216,5.358775605304003,nested_prefix_median_v1,ok,whole_grid_cosine_dual_leakage_penalty_v2,35,165,-0.013876277953386307,0.5,1.0,0.8743275482963322,0.8976224925891609,0.05123015809439448,0.851637150384734,0.8295356097708267,0.28164912092753064,0.015208039247204675,0.11604978889226913,
low_y_side__quarter_4__b100_p00100_s250,low_y_side__quarter_4__p00100_s250,games10_possessions92_source4370615271_grid20x10_trajectory142_outcome242_baseline0.10_mc100_alpha0.05_min100_profiles2b1671cb4b,games10_possessions92_source4370615271_grid20x10_trajectory142_outcome242_baseline0.10_mc100_alpha0.05_min100_profiles2b1671cb4b_plandc0cd9facf,low_y_side,quarter_4,34,b100_p00100_s250,p00100_s250,full_factorial_nested_prefix,100,100,250,3323179320,2122295216,5.358775605304003,nested_prefix_median_v1,ok,whole_grid_cosine_dual_leakage_penalty_v2,35,165,-0.01031426154077053,0.5,1.0,0.8904829554858671,0.9138791579404848,0.05054655069684448,0.8676857187528565,0.8454721136317248,0.21886054042064912,0.01165159325086498,0.10088501358404756,
low_y_side__quarter_4__b010_p01000_s050,low_y_side__quarter_4__p01000_s050,games10_possessions92_source4370615271_grid20x10_trajectory142_outcome242_baseline0.10_mc100_alpha0.05_min100_profiles2b1671cb4b,games10_possessions92_source4370615271_grid20x10_trajectory142_outcome242_baseline0.10_mc100_alpha0.05_min100_profiles2b1671cb4b_plandc0cd9facf,low_y_side,quarter_4,5,b010_p01000_s050,p01000_s050,full_factorial_nested_prefix,10,1000,50,3006037492,2520716459,13.04295140111488,nested_prefix_median_v1,ok,whole_grid_cosine_dual_leakage_penalty_v2,35,165,-0.07296614348888397,0.5,1.0,0.8516054308517179,0.8921093411298766,0.08874343304957602,0.812940495542416,0.7760310413142731,3.3043104349977908,0.32179285450262773,0.42407621443271637,
low_y_side__quarter_4__b050_p01000_s050,low_y_side__quarter_4__p01000_s050,games10_possessions92_source4370615271_grid20x10_trajectory142_outcome242_baseline0.10_mc100_alpha0.05_min100_profiles2b1671cb4b,games10_possessions92_source4370615271_grid20x10_trajectory142_outcome242_baseline0.10_mc100_alpha0.05_min100_profiles2b1671cb4b_plandc0cd9facf,low_y_side,quarter_4,20,b050_p01000_s050,p01000_s050,full_factorial_nested_prefix,50,1000,50,3006037492,2520716459,13.04295140111488,nested_prefix_median_v1,ok,whole_grid_cosine_dual_leakage_penalty_v2,35,165,-0.07066618651151657,0.5,1.0,0.8490928511813375,0.8889047889269162,0.0875693259506985,0.8110639957262381,0.7747383625338311,3.067640028312467,0.2944126903872473,0.4044338554143904,
low_y_side__quarter_4__b100_p01000_s050,low_y_side__quarter_4__p01000_s050,games10_possessions92_source4370615271_grid20x10_trajectory142_outcome242_baseline0.10_mc100_alpha0.05_min100_profiles2b1671cb4b,games10_possessions92_source4370615271_grid20x10_trajectory142_outcome242_baseline0.10_mc100_alpha0.05_min100_profiles2b1671cb4b_plandc0cd9facf,low_y_side,quarter_4,35,b100_p01000_s050,p01000_s050,full_factorial_nested_prefix,100,1000,50,3006037492,2520716459,13.04295140111488,nested_prefix_median_v1,ok,whole_grid_cosine_dual_leakage_penalty_v2,35,165,-0.07327434793114662,0.5,1.0,0.8491458137500054,0.8904944179417865,0.0907105695004916,0.8097171621532784,0.7721193133957841,3.134318667396661,0.31267913359488536,0.41684340685606003,
low_y_side__quarter_4__b010_p01000_s100,low_y_side__quarter_4__p01000_s100,games10_possessions92_source4370615271_grid20x10_trajectory142_outcome242_baseline0.10_mc100_alpha0.05_min100_profiles2b1671cb4b,games10_possessions92_source4370615271_grid20x10_trajectory142_outcome242_baseline0.10_mc100_alpha0.05_min100_profiles2b1671cb4b_plandc0cd9facf,low_y_side,quarter_4,6,b010_p01000_s100,p01000_s100,full_factorial_nested_prefix,10,1000,100,1763655778,1403665766,15.525509564664231,nested_prefix_median_v1,ok,whole_grid_cosine_dual_leakage_penalty_v2,35,165,-0.05350341834127903,0.5,1.0,0.864233608853282,0.8986045672211496,0.07503551119625582,0.8311773141564205,0.799385398219991,2.150889226987763,0.17448569607496592,0.34224217757582664,
low_y_side__quarter_4__b050_p01000_s100,low_y_side__quarter_4__p01000_s100,games10_possessions92_source4370615271_grid20x10_trajectory142_outcome242_baseline0.10_mc100_alpha0.05_min100_profiles2b1671cb4b,games10_possessions92_source4370615271_grid20x10_trajectory142_outcome242_baseline0.10_mc100_alpha0.05_min100_profiles2b1671cb4b_plandc0cd9facf,low_y_side,quarter_4,21,b050_p01000_s100,p01000_s100,full_factorial_nested_prefix,50,1000,100,1763655778,1403665766,15.525509564664231,nested_prefix_median_v1,ok,whole_grid_cosine_dual_leakage_penalty_v2,35,165,-0.06102258898317814,0.5,1.0,0.8561051034015171,0.8944083601740102,0.08381648757305984,0.8194421929682444,0.7843493806410308,2.3383274189055534,0.21392045195101828,0.3515370823442936,
low_y_side__quarter_4__b100_p01000_s100,low_y_side__quarter_4__p01000_s100,games10_possessions92_source4370615271_grid20x10_trajectory142_outcome242_baseline0.10_mc100_alpha0.05_min100_profiles2b1671cb4b,games10_possessions92_source4370615271_grid20x10_trajectory142_outcome242_baseline0.10_mc100_alpha0.05_min100_profiles2b1671cb4b_plandc0cd9facf,low_y_side,quarter_4,36,b100_p01000_s100,p01000_s100,full_factorial_nested_prefix,100,1000,100,1763655778,1403665766,15.525509564664231,nested_prefix_median_v1,ok,whole_grid_cosine_dual_leakage_penalty_v2,35,165,-0.059139641001820564,0.5,1.0,0.8543039908105055,0.8911437878146332,0.08097081682097491,0.8189871474103448,0.7851302988611601,2.310113015389923,0.2035318804108641,0.35117291286587715,
low_y_side__quarter_4__b500_p01000_s100,low_y_side__quarter_4__p01000_s100,games10_possessions92_source4370615271_grid20x10_trajectory142_outcome242_baseline0.10_mc100_alpha0.05_min100_profiles2b1671cb4b,games10_possessions92_source4370615271_grid20x10_trajectory142_outcome242_baseline0.10_mc100_alpha0.05_min100_profiles2b1671cb4b_plandc0cd9facf,low_y_side,quarter_4,12,b500_p01000_s100,p01000_s100,targeted_nested_prefix,500,1000,100,1763655778,1403665766,15.525509564664231,nested_prefix_median_v1,ok,whole_grid_cosine_dual_leakage_penalty_v2,35,165,-0.05863294191658497,0.5,1.0,0.8538459202422389,0.891290139312873,0.08225756821304077,0.8179747798807337,0.7836106312144864,2.2705667368173548,0.2035116736101521,0.3466583207249641,
low_y_side__quarter_4__b010_p01000_s150,low_y_side__quarter_4__p01000_s150,games10_possessions92_source4370615271_grid20x10_trajectory142_outcome242_baseline0.10_mc100_alpha0.05_min100_profiles2b1671cb4b,games10_possessions92_source4370615271_grid20x10_trajectory142_outcome242_baseline0.10_mc100_alpha0.05_min100_profiles2b1671cb4b_plandc0cd9facf,low_y_side,quarter_4,7,b010_p01000_s150,p01000_s150,full_factorial_nested_prefix,10,1000,150,797757005,3479200407,16.17455736665483,nested_prefix_median_v1,ok,whole_grid_cosine_dual_leakage_penalty_v2,35,165,-0.05009237118065357,0.5,1.0,0.8563290471196526,0.887549572236291,0.06911482591914009,0.8262067380565724,0.7971440140984747,2.058527177696488,0.152838128157741,0.32726465351879597,
low_y_side__quarter_4__b050_p01000_s150,low_y_side__quarter_4__p01000_s150,games10_possessions92_source4370615271_grid20x10_trajectory142_outcome242_baseline0.10_mc100_alpha0.05_min100_profiles2b1671cb4b,games10_possessions92_source4370615271_grid20x10_trajectory142_outcome242_baseline0.10_mc100_alpha0.05_min100_profiles2b1671cb4b_plandc0cd9facf,low_y_side,quarter_4,22,b050_p01000_s150,p01000_s150,full_factorial_nested_prefix,50,1000,150,797757005,3479200407,16.17455736665483,nested_prefix_median_v1,ok,whole_grid_cosine_dual_leakage_penalty_v2,35,165,-0.05335651710629463,0.5,1.0,0.8506397421192569,0.8824046075015511,0.07070028453472069,0.8200183506764428,0.790499270314884,2.117812925691975,0.16112129805481057,0.3352419789880514,
low_y_side__quarter_4__b100_p01000_s150,low_y_side__quarter_4__p01000_s150,games10_possessions92_source4370615271_grid20x10_trajectory142_outcome242_baseline0.10_mc100_alpha0.05_min100_profiles2b1671cb4b,games10_possessions92_source4370615271_grid20x10_trajectory142_outcome242_baseline0.10_mc100_alpha0.05_min100_profiles2b1671cb4b_plandc0cd9facf,low_y_side,quarter_4,37,b100_p01000_s150,p01000_s150,full_factorial_nested_prefix,100,1000,150,797757005,3479200407,16.17455736665483,nested_prefix_median_v1,ok,whole_grid_cosine_dual_leakage_penalty_v2,35,165,-0.052345506846904755,0.5,1.0,0.8518329242368338,0.8833309753400294,0.07004502054291,0.8214580390261482,0.7921662695595377,2.0750362864094645,0.15629354379465543,0.33134981244802475,
low_y_side__quarter_4__b010_p01000_s200,low_y_side__quarter_4__p01000_s200,games10_possessions92_source4370615271_grid20x10_trajectory142_outcome242_baseline0.10_mc100_alpha0.05_min100_profiles2b1671cb4b,games10_possessions92_source4370615271_grid20x10_trajectory142_outcome242_baseline0.10_mc100_alpha0.05_min100_profiles2b1671cb4b_plandc0cd9facf,low_y_side,quarter_4,8,b010_p01000_s200,p01000_s200,full_factorial_nested_prefix,10,1000,200,2788884382,2047017625,15.612728820660186,nested_prefix_median_v1,ok,whole_grid_cosine_dual_leakage_penalty_v2,35,165,-0.0598069429397583,0.5,1.0,0.8678610328818912,0.9053662029304824,0.08113476364790978,0.8319095300409124,0.7974473330997881,2.2692770946450858,0.2003746071149594,0.34503428637981415,
low_y_side__quarter_4__b050_p01000_s200,low_y_side__quarter_4__p01000_s200,games10_possessions92_source4370615271_grid20x10_trajectory142_outcome242_baseline0.10_mc100_alpha0.05_min100_profiles2b1671cb4b,games10_possessions92_source4370615271_grid20x10_trajectory142_outcome242_baseline0.10_mc100_alpha0.05_min100_profiles2b1671cb4b_plandc0cd9facf,low_y_side,quarter_4,23,b050_p01000_s200,p01000_s200,full_factorial_nested_prefix,50,1000,200,2788884382,2047017625,15.612728820660186,nested_prefix_median_v1,ok,whole_grid_cosine_dual_leakage_penalty_v2,35,165,-0.05743458867073059,0.5,1.0,0.8658671469702174,0.9030743680041667,0.08070374289401441,0.8301928863945841,0.7959884273607591,2.116803979845465,0.18583128433947216,0.3316162023693323,
low_y_side__quarter_4__b100_p01000_s200,low_y_side__quarter_4__p01000_s200,games10_possessions92_source4370615271_grid20x10_trajectory142_outcome242_baseline0.10_mc100_alpha0.05_min100_profiles2b1671cb4b,games10_possessions92_source4370615271_grid20x10_trajectory142_outcome242_baseline0.10_mc100_alpha0.05_min100_profiles2b1671cb4b_plandc0cd9facf,low_y_side,quarter_4,38,b100_p01000_s200,p01000_s200,full_factorial_nested_prefix,100,1000,200,2788884382,2047017625,15.612728820660186,nested_prefix_median_v1,ok,whole_grid_cosine_dual_leakage_penalty_v2,35,165,-0.057359835132956505,0.5,1.0,0.8563820048812048,0.8936095477540044,0.08158394917716878,0.8207053518258087,0.7865149789187346,2.1462863318732754,0.19065707188188044,0.3351550977677107,
low_y_side__quarter_4__b010_p01000_s250,low_y_side__quarter_4__p01000_s250,games10_possessions92_source4370615271_grid20x10_trajectory142_outcome242_baseline0.10_mc100_alpha0.05_min100_profiles2b1671cb4b,games10_possessions92_source4370615271_grid20x10_trajectory142_outcome242_baseline0.10_mc100_alpha0.05_min100_profiles2b1671cb4b_plandc0cd9facf,low_y_side,quarter_4,9,b010_p01000_s250,p01000_s250,full_factorial_nested_prefix,10,1000,250,124805235,448374154,16.813354184216422,nested_prefix_median_v1,ok,whole_grid_cosine_dual_leakage_penalty_v2,35,165,-0.05082639306783676,0.5,1.0,0.8516883556916477,0.8862981647002546,0.07657480622637987,0.8184300544795364,0.7864704848892956,1.9446429981876487,0.16125904054791404,0.3131848238408565,
low_y_side__quarter_4__b050_p01000_s250,low_y_side__quarter_4__p01000_s250,games10_possessions92_source4370615271_grid20x10_trajectory142_outcome242_baseline0.10_mc100_alpha0.05_min100_profiles2b1671cb4b,games10_possessions92_source4370615271_grid20x10_trajectory142_outcome242_baseline0.10_mc100_alpha0.05_min100_profiles2b1671cb4b_plandc0cd9facf,low_y_side,quarter_4,24,b050_p01000_s250,p01000_s250,full_factorial_nested_prefix,50,1000,250,124805235,448374154,16.813354184216422,nested_prefix_median_v1,ok,whole_grid_cosine_dual_leakage_penalty_v2,35,165,-0.05051486752927303,0.5,1.0,0.8534613492148169,0.8864734625171825,0.07309283824662571,0.8216786011114879,0.7910794368669113,1.9029724551578933,0.1500621244413788,0.31138529069721693,
low_y_side__quarter_4__b100_p01000_s250,low_y_side__quarter_4__p01000_s250,games10_possessions92_source4370615271_grid20x10_trajectory142_outcome242_baseline0.10_mc100_alpha0.05_min100_profiles2b1671cb4b,games10_possessions92_source4370615271_grid20x10_trajectory142_outcome242_baseline0.10_mc100_alpha0.05_min100_profiles2b1671cb4b_plandc0cd9facf,low_y_side,quarter_4,39,b100_p01000_s250,p01000_s250,full_factorial_nested_prefix,100,1000,250,124805235,448374154,16.813354184216422,nested_prefix_median_v1,ok,whole_grid_cosine_dual_leakage_penalty_v2,35,165,-0.05051993206143379,0.5,1.0,0.8504403807364298,0.8825771305048038,0.07149893333026762,0.8194738070920219,0.7896348006527885,1.9156497107092938,0.1475140049557631,0.3149096693843603,
low_y_side__quarter_4__b050_p02500_s150,low_y_side__quarter_4__p02500_s150,games10_possessions92_source4370615271_grid20x10_trajectory142_outcome242_baseline0.10_mc100_alpha0.05_min100_profiles2b1671cb4b,games10_possessions92_source4370615271_grid20x10_trajectory142_outcome242_baseline0.10_mc100_alpha0.05_min100_profiles2b1671cb4b_plandc0cd9facf,low_y_side,quarter_4,3,b050_p02500_s150,p02500_s150,full_factorial_nested_prefix,50,2500,150,2304242463,196963789,25.542523174172743,nested_prefix_median_v1,ok,whole_grid_cosine_dual_leakage_penalty_v2,35,165,-0.07062318548560143,0.5,1.0,0.8477234950947995,0.8877578915248235,0.08815849395931298,0.8094944928074999,0.772989468473317,3.178723532405824,0.30732476803640996,0.4371807761490345,
low_y_side__quarter_4__b100_p02500_s150,low_y_side__quarter_4__p02500_s150,games10_possessions92_source4370615271_grid20x10_trajectory142_outcome242_baseline0.10_mc100_alpha0.05_min100_profiles2b1671cb4b,games10_possessions92_source4370615271_grid20x10_trajectory142_outcome242_baseline0.10_mc100_alpha0.05_min100_profiles2b1671cb4b_plandc0cd9facf,low_y_side,quarter_4,9,b100_p02500_s150,p02500_s150,full_factorial_nested_prefix,100,2500,150,2304242463,196963789,25.542523174172743,nested_prefix_median_v1,ok,whole_grid_cosine_dual_leakage_penalty_v2,35,165,-0.06974483653903008,0.5,1.0,0.8478457412919229,0.8869173079368573,0.08616576104329132,0.8104954031160109,0.7747904677461909,3.1602114972411997,0.29797748553219505,0.4357904940843582,
low_y_side__quarter_4__b050_p02500_s200,low_y_side__quarter_4__p02500_s200,games10_possessions92_source4370615271_grid20x10_trajectory142_outcome242_baseline0.10_mc100_alpha0.05_min100_profiles2b1671cb4b,games10_possessions92_source4370615271_grid20x10_trajectory142_outcome242_baseline0.10_mc100_alpha0.05_min100_profiles2b1671cb4b_plandc0cd9facf,low_y_side,quarter_4,4,b050_p02500_s200,p02500_s200,full_factorial_nested_prefix,50,2500,200,1241465810,3285225646,27.29589910322721,nested_prefix_median_v1,ok,whole_grid_cosine_dual_leakage_penalty_v2,35,165,-0.06488953530788422,0.5,1.0,0.8440017152943058,0.8802284056210493,0.0806182055918726,0.8092659710488852,0.7759598114908163,2.840054117386732,0.24903698128471863,0.4078379422426224,
low_y_side__quarter_4__b100_p02500_s200,low_y_side__quarter_4__p02500_s200,games10_possessions92_source4370615271_grid20x10_trajectory142_outcome242_baseline0.10_mc100_alpha0.05_min100_profiles2b1671cb4b,games10_possessions92_source4370615271_grid20x10_trajectory142_outcome242_baseline0.10_mc100_alpha0.05_min100_profiles2b1671cb4b_plandc0cd9facf,low_y_side,quarter_4,10,b100_p02500_s200,p02500_s200,full_factorial_nested_prefix,100,2500,200,1241465810,3285225646,27.29589910322721,nested_prefix_median_v1,ok,whole_grid_cosine_dual_leakage_penalty_v2,35,165,-0.06573513522744179,0.5,1.0,0.8494617248442089,0.8864946178463486,0.08180394214498762,0.813975863416203,0.7799724070506718,2.864658886597039,0.2552182486731089,0.4071006439626217,
low_y_side__quarter_4__b050_p02500_s250,low_y_side__quarter_4__p02500_s250,games10_possessions92_source4370615271_grid20x10_trajectory142_outcome242_baseline0.10_mc100_alpha0.05_min100_profiles2b1671cb4b,games10_possessions92_source4370615271_grid20x10_trajectory142_outcome242_baseline0.10_mc100_alpha0.05_min100_profiles2b1671cb4b_plandc0cd9facf,low_y_side,quarter_4,5,b050_p02500_s250,p02500_s250,full_factorial_nested_prefix,50,2500,250,2443634533,3766205893,29.012684207884543,nested_prefix_median_v1,ok,whole_grid_cosine_dual_leakage_penalty_v2,35,165,-0.06287506222724915,0.5,1.0,0.8536647308528907,0.8909575949099331,0.08196210340827227,0.8179328363835396,0.7836965739067312,2.6673768356127714,0.2381424741189644,0.38724829256534576,
low_y_side__quarter_4__b100_p02500_s250,low_y_side__quarter_4__p02500_s250,games10_possessions92_source4370615271_grid20x10_trajectory142_outcome242_baseline0.10_mc100_alpha0.05_min100_profiles2b1671cb4b,games10_possessions92_source4370615271_grid20x10_trajectory142_outcome242_baseline0.10_mc100_alpha0.05_min100_profiles2b1671cb4b_plandc0cd9facf,low_y_side,quarter_4,11,b100_p02500_s250,p02500_s250,full_factorial_nested_prefix,100,2500,250,2443634533,3766205893,29.012684207884543,nested_prefix_median_v1,ok,whole_grid_cosine_dual_leakage_penalty_v2,35,165,-0.06249885447323322,0.5,1.0,0.8515483420607161,0.8879400125082154,0.08028903964051634,0.8166481616455427,0.7831783434691872,2.6676559788130514,0.23288135714558023,0.3886387813836336,
low_y_side__quarter_4__b010_p10000_s050,low_y_side__quarter_4__p10000_s050,games10_possessions92_source4370615271_grid20x10_trajectory142_outcome242_baseline0.10_mc100_alpha0.05_min100_profiles2b1671cb4b,games10_possessions92_source4370615271_grid20x10_trajectory142_outcome242_baseline0.10_mc100_alpha0.05_min100_profiles2b1671cb4b_plandc0cd9facf,low_y_side,quarter_4,10,b010_p10000_s050,p10000_s050,full_factorial_nested_prefix,10,10000,50,3895058926,992147981,42.556229903216654,nested_prefix_median_v1,ok,whole_grid_cosine_dual_leakage_penalty_v2,35,165,-0.10235614329576492,0.5,1.0,0.8145769670803559,0.8596964669911793,0.10221164544149362,0.771825476519772,0.7313177149363314,6.644993162408486,0.7565209346152021,0.6944450557231903,
low_y_side__quarter_4__b050_p10000_s050,low_y_side__quarter_4__p10000_s050,games10_possessions92_source4370615271_grid20x10_trajectory142_outcome242_baseline0.10_mc100_alpha0.05_min100_profiles2b1671cb4b,games10_possessions92_source4370615271_grid20x10_trajectory142_outcome242_baseline0.10_mc100_alpha0.05_min100_profiles2b1671cb4b_plandc0cd9facf,low_y_side,quarter_4,25,b050_p10000_s050,p10000_s050,full_factorial_nested_prefix,50,10000,50,3895058926,992147981,42.556229903216654,nested_prefix_median_v1,ok,whole_grid_cosine_dual_leakage_penalty_v2,35,165,-0.10524385422468185,0.5,1.0,0.8122096841161802,0.8597383421757243,0.10750922574110984,0.7673085386684667,0.7248896498374182,6.913635101560747,0.8328148349125093,0.7096091389656067,
low_y_side__quarter_4__b100_p10000_s050,low_y_side__quarter_4__p10000_s050,games10_possessions92_source4370615271_grid20x10_trajectory142_outcome242_baseline0.10_mc100_alpha0.05_min100_profiles2b1671cb4b,games10_possessions92_source4370615271_grid20x10_trajectory142_outcome242_baseline0.10_mc100_alpha0.05_min100_profiles2b1671cb4b_plandc0cd9facf,low_y_side,quarter_4,40,b100_p10000_s050,p10000_s050,full_factorial_nested_prefix,100,10000,50,3895058926,992147981,42.556229903216654,nested_prefix_median_v1,ok,whole_grid_cosine_dual_leakage_penalty_v2,35,165,-0.10569826513528824,0.5,1.0,0.8138341873609447,0.8620371809093884,0.10870829777615758,0.7683265863529714,0.725363658180894,6.8567605005605765,0.8362994521489836,0.7065071698278189,
low_y_side__quarter_4__b010_p10000_s100,low_y_side__quarter_4__p10000_s100,games10_possessions92_source4370615271_grid20x10_trajectory142_outcome242_baseline0.10_mc100_alpha0.05_min100_profiles2b1671cb4b,games10_possessions92_source4370615271_grid20x10_trajectory142_outcome242_baseline0.10_mc100_alpha0.05_min100_profiles2b1671cb4b_plandc0cd9facf,low_y_side,quarter_4,11,b010_p10000_s100,p10000_s100,full_factorial_nested_prefix,10,10000,100,2168235201,4041122448,48.06189723447067,nested_prefix_median_v1,ok,whole_grid_cosine_dual_leakage_penalty_v2,35,165,-0.09211553633213043,0.5,1.0,0.8217331321893026,0.870352069882269,0.10860198414641326,0.7758301081871168,0.7324912835946975,5.482359073585774,0.6679340346347613,0.6451372131705284,
low_y_side__quarter_4__b050_p10000_s100,low_y_side__quarter_4__p10000_s100,games10_possessions92_source4370615271_grid20x10_trajectory142_outcome242_baseline0.10_mc100_alpha0.05_min100_profiles2b1671cb4b,games10_possessions92_source4370615271_grid20x10_trajectory142_outcome242_baseline0.10_mc100_alpha0.05_min100_profiles2b1671cb4b_plandc0cd9facf,low_y_side,quarter_4,26,b050_p10000_s100,p10000_s100,full_factorial_nested_prefix,50,10000,100,2168235201,4041122448,48.06189723447067,nested_prefix_median_v1,ok,whole_grid_cosine_dual_leakage_penalty_v2,35,165,-0.09109584987163544,0.5,1.0,0.8237560333330629,0.8711943175899909,0.10593900417169481,0.7789008591444679,0.7364881394813328,5.4362257570605,0.6441488285952519,0.6440540701150894,
low_y_side__quarter_4__b100_p10000_s100,low_y_side__quarter_4__p10000_s100,games10_possessions92_source4370615271_grid20x10_trajectory142_outcome242_baseline0.10_mc100_alpha0.05_min100_profiles2b1671cb4b,games10_possessions92_source4370615271_grid20x10_trajectory142_outcome242_baseline0.10_mc100_alpha0.05_min100_profiles2b1671cb4b_plandc0cd9facf,low_y_side,quarter_4,41,b100_p10000_s100,p10000_s100,full_factorial_nested_prefix,100,10000,100,2168235201,4041122448,48.06189723447067,nested_prefix_median_v1,ok,whole_grid_cosine_dual_leakage_penalty_v2,35,165,-0.08904926106333733,0.5,1.0,0.823918077995592,0.8699581715584748,0.10304362597645743,0.7803145271132405,0.7390185717313725,5.394499246613257,0.6197277580009792,0.6441128253936768,
low_y_side__quarter_4__b010_p10000_s150,low_y_side__quarter_4__p10000_s150,games10_possessions92_source4370615271_grid20x10_trajectory142_outcome242_baseline0.10_mc100_alpha0.05_min100_profiles2b1671cb4b,games10_possessions92_source4370615271_grid20x10_trajectory142_outcome242_baseline0.10_mc100_alpha0.05_min100_profiles2b1671cb4b_plandc0cd9facf,low_y_side,quarter_4,12,b010_p10000_s150,p10000_s150,full_factorial_nested_prefix,10,10000,150,546574915,3066018213,47.81539859291933,nested_prefix_median_v1,ok,whole_grid_cosine_dual_leakage_penalty_v2,35,165,-0.07867492735385895,0.5,1.0,0.8088813722307581,0.8593155111405338,0.113937480980076,0.7614072664340753,0.7167194662670784,4.915259993566905,0.6320460802795393,0.638944723457098,
low_y_side__quarter_4__b050_p10000_s150,low_y_side__quarter_4__p10000_s150,games10_possessions92_source4370615271_grid20x10_trajectory142_outcome242_baseline0.10_mc100_alpha0.05_min100_profiles2b1671cb4b,games10_possessions92_source4370615271_grid20x10_trajectory142_outcome242_baseline0.10_mc100_alpha0.05_min100_profiles2b1671cb4b_plandc0cd9facf,low_y_side,quarter_4,27,b050_p10000_s150,p10000_s150,full_factorial_nested_prefix,50,10000,150,546574915,3066018213,47.81539859291933,nested_prefix_median_v1,ok,whole_grid_cosine_dual_leakage_penalty_v2,35,165,-0.08029507845640182,0.5,1.0,0.8176345441856786,0.8670609401979236,0.11075953188956997,0.7710256763418709,0.7270737248149309,4.994258052312181,0.6220608528818309,0.6360782906413078,
low_y_side__quarter_4__b100_p10000_s150,low_y_side__quarter_4__p10000_s150,games10_possessions92_source4370615271_grid20x10_trajectory142_outcome242_baseline0.10_mc100_alpha0.05_min100_profiles2b1671cb4b,games10_possessions92_source4370615271_grid20x10_trajectory142_outcome242_baseline0.10_mc100_alpha0.05_min100_profiles2b1671cb4b_plandc0cd9facf,low_y_side,quarter_4,42,b100_p10000_s150,p10000_s150,full_factorial_nested_prefix,100,10000,150,546574915,3066018213,47.81539859291933,nested_prefix_median_v1,ok,whole_grid_cosine_dual_leakage_penalty_v2,35,165,-0.08008411526679993,0.5,1.0,0.8191058840582702,0.8676012246884269,0.1086674251525714,0.7733212335423182,0.7300957567103373,4.983413481111599,0.6075562890268043,0.6375794634222984,
low_y_side__quarter_4__b010_p10000_s200,low_y_side__quarter_4__p10000_s200,games10_possessions92_source4370615271_grid20x10_trajectory142_outcome242_baseline0.10_mc100_alpha0.05_min100_profiles2b1671cb4b,games10_possessions92_source4370615271_grid20x10_trajectory142_outcome242_baseline0.10_mc100_alpha0.05_min100_profiles2b1671cb4b_plandc0cd9facf,low_y_side,quarter_4,13,b010_p10000_s200,p10000_s200,full_factorial_nested_prefix,10,10000,200,1843621212,638120564,45.804839646751,nested_prefix_median_v1,ok,whole_grid_cosine_dual_leakage_penalty_v2,35,165,-0.07377487793564796,0.5,1.0,0.8080238820562965,0.8631294694544895,0.12361183422792009,0.7564364525590486,0.7081425678953531,4.8914242249239965,0.6899202249006455,0.6387409567832947,
low_y_side__quarter_4__b050_p10000_s200,low_y_side__quarter_4__p10000_s200,games10_possessions92_source4370615271_grid20x10_trajectory142_outcome242_baseline0.10_mc100_alpha0.05_min100_profiles2b1671cb4b,games10_possessions92_source4370615271_grid20x10_trajectory142_outcome242_baseline0.10_mc100_alpha0.05_min100_profiles2b1671cb4b_plandc0cd9facf,low_y_side,quarter_4,28,b050_p10000_s200,p10000_s200,full_factorial_nested_prefix,50,10000,200,1843621212,638120564,45.804839646751,nested_prefix_median_v1,ok,whole_grid_cosine_dual_leakage_penalty_v2,35,165,-0.07394653186202049,0.5,1.0,0.808008251469499,0.8597670664082024,0.11677779100885935,0.7593653676108852,0.71365083274596,4.939701421257639,0.6531169782026804,0.6393937394022942,
low_y_side__quarter_4__b100_p10000_s200,low_y_side__quarter_4__p10000_s200,games10_possessions92_source4370615271_grid20x10_trajectory142_outcome242_baseline0.10_mc100_alpha0.05_min100_profiles2b1671cb4b,games10_possessions92_source4370615271_grid20x10_trajectory142_outcome242_baseline0.10_mc100_alpha0.05_min100_profiles2b1671cb4b_plandc0cd9facf,low_y_side,quarter_4,43,b100_p10000_s200,p10000_s200,full_factorial_nested_prefix,100,10000,200,1843621212,638120564,45.804839646751,nested_prefix_median_v1,ok,whole_grid_cosine_dual_leakage_penalty_v2,35,165,-0.0732700563967228,0.5,1.0,0.8105724994031883,0.8626913794359823,0.1171786780001896,0.7616023440715138,0.7155906854998133,4.879792835186334,0.6477048742396081,0.6400389894843102,
low_y_side__quarter_4__b010_p10000_s250,low_y_side__quarter_4__p10000_s250,games10_possessions92_source4370615271_grid20x10_trajectory142_outcome242_baseline0.10_mc100_alpha0.05_min100_profiles2b1671cb4b,games10_possessions92_source4370615271_grid20x10_trajectory142_outcome242_baseline0.10_mc100_alpha0.05_min100_profiles2b1671cb4b_plandc0cd9facf,low_y_side,quarter_4,14,b010_p10000_s250,p10000_s250,full_factorial_nested_prefix,10,10000,250,3430126955,1105157890,49.848583867445534,nested_prefix_median_v1,ok,whole_grid_cosine_dual_leakage_penalty_v2,35,165,-0.07208239659667015,0.5,1.0,0.8174126605401516,0.8655601621525616,0.10815742524254725,0.7719434036216191,0.7290034118154686,4.6180830198296,0.560053963690774,0.612371101975441,
low_y_side__quarter_4__b050_p10000_s250,low_y_side__quarter_4__p10000_s250,games10_possessions92_source4370615271_grid20x10_trajectory142_outcome242_baseline0.10_mc100_alpha0.05_min100_profiles2b1671cb4b,games10_possessions92_source4370615271_grid20x10_trajectory142_outcome242_baseline0.10_mc100_alpha0.05_min100_profiles2b1671cb4b_plandc0cd9facf,low_y_side,quarter_4,29,b050_p10000_s250,p10000_s250,full_factorial_nested_prefix,50,10000,250,3430126955,1105157890,49.848583867445534,nested_prefix_median_v1,ok,whole_grid_cosine_dual_leakage_penalty_v2,35,165,-0.0731189139187336,0.5,1.0,0.8203741042563354,0.8688291065376981,0.10843058306928985,0.7746214599282453,0.7314204617968746,4.5472234658640796,0.5530226613732288,0.6031075119972229,
low_y_side__quarter_4__b100_p10000_s250,low_y_side__quarter_4__p10000_s250,games10_possessions92_source4370615271_grid20x10_trajectory142_outcome242_baseline0.10_mc100_alpha0.05_min100_profiles2b1671cb4b,games10_possessions92_source4370615271_grid20x10_trajectory142_outcome242_baseline0.10_mc100_alpha0.05_min100_profiles2b1671cb4b_plandc0cd9facf,low_y_side,quarter_4,44,b100_p10000_s250,p10000_s250,full_factorial_nested_prefix,100,10000,250,3430126955,1105157890,49.848583867445534,nested_prefix_median_v1,ok,whole_grid_cosine_dual_leakage_penalty_v2,35,165,-0.07288139685988426,0.5,1.0,0.8204009548835962,0.8691692415816024,0.10906993155110481,0.7743690118959715,0.7309198788899813,4.563704418550809,0.5587003359505129,0.6077209487557411,
perimeter__full_game__b010_p00100_s050,perimeter__full_game__p00100_s050,games10_possessions92_source4370615271_grid20x10_trajectory142_outcome242_baseline0.10_mc100_alpha0.05_min100_profiles2b1671cb4b,games10_possessions92_source4370615271_grid20x10_trajectory142_outcome242_baseline0.10_mc100_alpha0.05_min100_profiles2b1671cb4b_plandc0cd9facf,perimeter,full_game,0,b010_p00100_s050,p00100_s050,full_factorial_nested_prefix,10,100,50,1626580737,3117829498,4.359476570569995,nested_prefix_median_v1,ok,whole_grid_cosine_dual_leakage_penalty_v2,54,146,0.009503396693617105,0.5,1.0,0.5447732337390848,0.6799602223231084,0.35810423825887744,0.4364635848617546,0.3496876298471244,2.430239169626258e-16,1.3557948166931233e-16,3.725290298461914e-09,
perimeter__full_game__b050_p00100_s050,perimeter__full_game__p00100_s050,games10_possessions92_source4370615271_grid20x10_trajectory142_outcome242_baseline0.10_mc100_alpha0.05_min100_profiles2b1671cb4b,games10_possessions92_source4370615271_grid20x10_trajectory142_outcome242_baseline0.10_mc100_alpha0.05_min100_profiles2b1671cb4b_plandc0cd9facf,perimeter,full_game,15,b050_p00100_s050,p00100_s050,full_factorial_nested_prefix,50,100,50,1626580737,3117829498,4.359476570569995,nested_prefix_median_v1,ok,whole_grid_cosine_dual_leakage_penalty_v2,54,146,0.00651693413965404,0.5,1.0,0.6820033109986251,0.7876679296180408,0.25030150392819744,0.5905134622386357,0.511296856571659,0.0007784300984273076,0.00025989411124638134,0.004321757238358259,
perimeter__full_game__b100_p00100_s050,perimeter__full_game__p00100_s050,games10_possessions92_source4370615271_grid20x10_trajectory142_outcome242_baseline0.10_mc100_alpha0.05_min100_profiles2b1671cb4b,games10_possessions92_source4370615271_grid20x10_trajectory142_outcome242_baseline0.10_mc100_alpha0.05_min100_profiles2b1671cb4b_plandc0cd9facf,perimeter,full_game,30,b100_p00100_s050,p00100_s050,full_factorial_nested_prefix,100,100,50,1626580737,3117829498,4.359476570569995,nested_prefix_median_v1,ok,whole_grid_cosine_dual_leakage_penalty_v2,54,146,0.0068749925121665,0.5,1.0,0.6849445216534342,0.7988408741581483,0.2648258359719355,0.5872871718506649,0.503553516112166,0.0010956019940474423,0.0003946598345845264,0.005257052835077047,
perimeter__full_game__b010_p00100_s100,perimeter__full_game__p00100_s100,games10_possessions92_source4370615271_grid20x10_trajectory142_outcome242_baseline0.10_mc100_alpha0.05_min100_profiles2b1671cb4b,games10_possessions92_source4370615271_grid20x10_trajectory142_outcome242_baseline0.10_mc100_alpha0.05_min100_profiles2b1671cb4b_plandc0cd9facf,perimeter,full_game,1,b010_p00100_s100,p00100_s100,full_factorial_nested_prefix,10,100,100,3943612369,1142161973,5.118397837058414,nested_prefix_median_v1,ok,whole_grid_cosine_dual_leakage_penalty_v2,54,146,0.009743160102516413,0.5,1.0,0.6532867059630819,0.7618401059415152,0.2646739059019415,0.5602009094292254,0.48037876182201983,0.0002450655304514209,8.820909752436869e-05,0.002130317036062479,
perimeter__full_game__b050_p00100_s100,perimeter__full_game__p00100_s100,games10_possessions92_source4370615271_grid20x10_trajectory142_outcome242_baseline0.10_mc100_alpha0.05_min100_profiles2b1671cb4b,games10_possessions92_source4370615271_grid20x10_trajectory142_outcome242_baseline0.10_mc100_alpha0.05_min100_profiles2b1671cb4b_plandc0cd9facf,perimeter,full_game,16,b050_p00100_s100,p00100_s100,full_factorial_nested_prefix,50,100,100,3943612369,1142161973,5.118397837058414,nested_prefix_median_v1,ok,whole_grid_cosine_dual_leakage_penalty_v2,54,146,0.007854828611016273,0.5,1.0,0.641270270592273,0.770744778728623,0.3077530832175185,0.5335456967010853,0.44391736764176865,0.0004970905193982646,0.0002209921579630285,0.003942409995943308,
perimeter__full_game__b100_p00100_s100,perimeter__full_game__p00100_s100,games10_possessions92_source4370615271_grid20x10_trajectory142_outcome242_baseline0.10_mc100_alpha0.05_min100_profiles2b1671cb4b,games10_possessions92_source4370615271_grid20x10_trajectory142_outcome242_baseline0.10_mc100_alpha0.05_min100_profiles2b1671cb4b_plandc0cd9facf,perimeter,full_game,31,b100_p00100_s100,p00100_s100,full_factorial_nested_prefix,100,100,100,3943612369,1142161973,5.118397837058414,nested_prefix_median_v1,ok,whole_grid_cosine_dual_leakage_penalty_v2,54,146,0.007254841970279813,0.5,1.0,0.6672470843276262,0.7809808973375316,0.2700509511936706,0.5700762631474449,0.48705637452374745,0.0006069492837288215,0.0002245461264252888,0.0042261481285095215,
perimeter__full_game__b010_p00100_s150,perimeter__full_game__p00100_s150,games10_possessions92_source4370615271_grid20x10_trajectory142_outcome242_baseline0.10_mc100_alpha0.05_min100_profiles2b1671cb4b,games10_possessions92_source4370615271_grid20x10_trajectory142_outcome242_baseline0.10_mc100_alpha0.05_min100_profiles2b1671cb4b_plandc0cd9facf,perimeter,full_game,2,b010_p00100_s150,p00100_s150,full_factorial_nested_prefix,10,100,150,4026978240,3411687957,4.623379328627073,nested_prefix_median_v1,ok,whole_grid_cosine_dual_leakage_penalty_v2,54,146,0.004447647021152079,0.5,1.0,0.6434166680375113,0.7542444906322923,0.2722866845905556,0.548873758907333,0.46822287668727525,0.0032621598594126553,0.0012205942558905897,0.010744285420514643,
perimeter__full_game__b050_p00100_s150,perimeter__full_game__p00100_s150,games10_possessions92_source4370615271_grid20x10_trajectory142_outcome242_baseline0.10_mc100_alpha0.05_min100_profiles2b1671cb4b,games10_possessions92_source4370615271_grid20x10_trajectory142_outcome242_baseline0.10_mc100_alpha0.05_min100_profiles2b1671cb4b_plandc0cd9facf,perimeter,full_game,17,b050_p00100_s150,p00100_s150,full_factorial_nested_prefix,50,100,150,4026978240,3411687957,4.623379328627073,nested_prefix_median_v1,ok,whole_grid_cosine_dual_leakage_penalty_v2,54,146,0.0049786490853875875,0.5,1.0,0.6517639383090744,0.769392394841751,0.2823959571159044,0.5521190931027169,0.4677084371366521,0.004280601224264799,0.001684528524810742,0.011334741488099098,
perimeter__full_game__b100_p00100_s150,perimeter__full_game__p00100_s150,games10_possessions92_source4370615271_grid20x10_trajectory142_outcome242_baseline0.10_mc100_alpha0.05_min100_profiles2b1671cb4b,games10_possessions92_source4370615271_grid20x10_trajectory142_outcome242_baseline0.10_mc100_alpha0.05_min100_profiles2b1671cb4b_plandc0cd9facf,perimeter,full_game,32,b100_p00100_s150,p00100_s150,full_factorial_nested_prefix,100,100,150,4026978240,3411687957,4.623379328627073,nested_prefix_median_v1,ok,whole_grid_cosine_dual_leakage_penalty_v2,54,146,0.004173051565885544,0.5,1.0,0.6709711207470592,0.792174333250365,0.2825921537103613,0.5683120823030747,0.4813599466576929,0.002208294832501915,0.0008698633503545927,0.0081896927440539,
perimeter__full_game__b010_p00100_s200,perimeter__full_game__p00100_s200,games10_possessions92_source4370615271_grid20x10_trajectory142_outcome242_baseline0.10_mc100_alpha0.05_min100_profiles2b1671cb4b,games10_possessions92_source4370615271_grid20x10_trajectory142_outcome242_baseline0.10_mc100_alpha0.05_min100_profiles2b1671cb4b_plandc0cd9facf,perimeter,full_game,3,b010_p00100_s200,p00100_s200,full_factorial_nested_prefix,10,100,200,1010574105,2779023795,5.1192338684556296,nested_prefix_median_v1,ok,whole_grid_cosine_dual_leakage_penalty_v2,54,146,0.0059424921637400985,0.5,1.0,0.6491133611386217,0.7502793074454459,0.2514942180285092,0.5615883997164823,0.4858651039672068,0.006247777140562338,0.0020992220290450172,0.014138485887087882,
perimeter__full_game__b050_p00100_s200,perimeter__full_game__p00100_s200,games10_possessions92_source4370615271_grid20x10_trajectory142_outcome242_baseline0.10_mc100_alpha0.05_min100_profiles2b1671cb4b,games10_possessions92_source4370615271_grid20x10_trajectory142_outcome242_baseline0.10_mc100_alpha0.05_min100_profiles2b1671cb4b_plandc0cd9facf,perimeter,full_game,18,b050_p00100_s200,p00100_s200,full_factorial_nested_prefix,50,100,200,1010574105,2779023795,5.1192338684556296,nested_prefix_median_v1,ok,whole_grid_cosine_dual_leakage_penalty_v2,54,146,0.0029295720160007477,0.5,1.0,0.6561628485291683,0.7684767142322168,0.27094238617134764,0.560263799561023,0.4783805206316869,0.0036795334056635032,0.0013674386523339459,0.008614262216724455,
perimeter__full_game__b100_p00100_s200,perimeter__full_game__p00100_s200,games10_possessions92_source4370615271_grid20x10_trajectory142_outcome242_baseline0.10_mc100_alpha0.05_min100_profiles2b1671cb4b,games10_possessions92_source4370615271_grid20x10_trajectory142_outcome242_baseline0.10_mc100_alpha0.05_min100_profiles2b1671cb4b_plandc0cd9facf,perimeter,full_game,33,b100_p00100_s200,p00100_s200,full_factorial_nested_prefix,100,100,200,1010574105,2779023795,5.1192338684556296,nested_prefix_median_v1,ok,whole_grid_cosine_dual_leakage_penalty_v2,54,146,0.0036007725866511464,0.5,1.0,0.6546698243274397,0.7751776486139372,0.2867493710756052,0.552895945402024,0.46694366393936937,0.0031657481757725336,0.0012727311572868498,0.007943061762489378,
perimeter__full_game__b010_p00100_s250,perimeter__full_game__p00100_s250,games10_possessions92_source4370615271_grid20x10_trajectory142_outcome242_baseline0.10_mc100_alpha0.05_min100_profiles2b1671cb4b,games10_possessions92_source4370615271_grid20x10_trajectory142_outcome242_baseline0.10_mc100_alpha0.05_min100_profiles2b1671cb4b_plandc0cd9facf,perimeter,full_game,4,b010_p00100_s250,p00100_s250,full_factorial_nested_prefix,10,100,250,3449694541,3316006192,5.68715154110762,nested_prefix_median_v1,ok,whole_grid_cosine_dual_leakage_penalty_v2,54,146,0.007464476628229022,0.5,1.0,0.611529511838047,0.7255223844420484,0.28955050706747987,0.5154470101380463,0.4344608315986121,0.0003943006130924545,0.00016070099788048192,0.003998395521193743,
perimeter__full_game__b050_p00100_s250,perimeter__full_game__p00100_s250,games10_possessions92_source4370615271_grid20x10_trajectory142_outcome242_baseline0.10_mc100_alpha0.05_min100_profiles2b1671cb4b,games10_possessions92_source4370615271_grid20x10_trajectory142_outcome242_baseline0.10_mc100_alpha0.05_min100_profiles2b1671cb4b_plandc0cd9facf,perimeter,full_game,19,b050_p00100_s250,p00100_s250,full_factorial_nested_prefix,50,100,250,3449694541,3316006192,5.68715154110762,nested_prefix_median_v1,ok,whole_grid_cosine_dual_leakage_penalty_v2,54,146,0.006214699009433389,0.5,1.0,0.6512715457943782,0.768667831431988,0.28212836150407933,0.5518048356091875,0.4675293716851813,0.0006783307630945012,0.0002665885326666947,0.00401530833914876,
perimeter__full_game__b100_p00100_s250,perimeter__full_game__p00100_s250,games10_possessions92_source4370615271_grid20x10_trajectory142_outcome242_baseline0.10_mc100_alpha0.05_min100_profiles2b1671cb4b,games10_possessions92_source4370615271_grid20x10_trajectory142_outcome242_baseline0.10_mc100_alpha0.05_min100_profiles2b1671cb4b_plandc0cd9facf,perimeter,full_game,34,b100_p00100_s250,p00100_s250,full_factorial_nested_prefix,100,100,250,3449694541,3316006192,5.68715154110762,nested_prefix_median_v1,ok,whole_grid_cosine_dual_leakage_penalty_v2,54,146,0.006451204419136047,0.5,1.0,0.6604920775206676,0.7779143995735495,0.27910567903092354,0.5607940728526409,0.4761449877297163,0.0010215597783611908,0.0003955130832864622,0.004807411693036556,
perimeter__full_game__b010_p01000_s050,perimeter__full_game__p01000_s050,games10_possessions92_source4370615271_grid20x10_trajectory142_outcome242_baseline0.10_mc100_alpha0.05_min100_profiles2b1671cb4b,games10_possessions92_source4370615271_grid20x10_trajectory142_outcome242_baseline0.10_mc100_alpha0.05_min100_profiles2b1671cb4b_plandc0cd9facf,perimeter,full_game,5,b010_p01000_s050,p01000_s050,full_factorial_nested_prefix,10,1000,50,4287460892,923986025,12.746493865405576,nested_prefix_median_v1,ok,whole_grid_cosine_dual_leakage_penalty_v2,54,146,-0.023167675361037254,0.5,1.0,0.8405711242853328,0.937512351066836,0.19611312555097749,0.7536538736564733,0.675724093853837,0.3089026293113428,0.07535868795803312,0.11210073065012693,
perimeter__full_game__b050_p01000_s050,perimeter__full_game__p01000_s050,games10_possessions92_source4370615271_grid20x10_trajectory142_outcome242_baseline0.10_mc100_alpha0.05_min100_profiles2b1671cb4b,games10_possessions92_source4370615271_grid20x10_trajectory142_outcome242_baseline0.10_mc100_alpha0.05_min100_profiles2b1671cb4b_plandc0cd9facf,perimeter,full_game,20,b050_p01000_s050,p01000_s050,full_factorial_nested_prefix,50,1000,50,4287460892,923986025,12.746493865405576,nested_prefix_median_v1,ok,whole_grid_cosine_dual_leakage_penalty_v2,54,146,-0.02390092145651579,0.5,1.0,0.8366280316714055,0.954714541265891,0.2320768700428308,0.7331473787445258,0.6424660166910114,0.34603725252057393,0.10457718923985868,0.11181170865893364,
perimeter__full_game__b100_p01000_s050,perimeter__full_game__p01000_s050,games10_possessions92_source4370615271_grid20x10_trajectory142_outcome242_baseline0.10_mc100_alpha0.05_min100_profiles2b1671cb4b,games10_possessions92_source4370615271_grid20x10_trajectory142_outcome242_baseline0.10_mc100_alpha0.05_min100_profiles2b1671cb4b_plandc0cd9facf,perimeter,full_game,35,b100_p01000_s050,p01000_s050,full_factorial_nested_prefix,100,1000,50,4287460892,923986025,12.746493865405576,nested_prefix_median_v1,ok,whole_grid_cosine_dual_leakage_penalty_v2,54,146,-0.020709946751594543,0.5,1.0,0.8495471166439317,0.9618977457643592,0.21995954571282264,0.7503191545838427,0.6626811188052941,0.3297034210269362,0.09297135079400526,0.1106337430421263,
perimeter__full_game__b010_p01000_s100,perimeter__full_game__p01000_s100,games10_possessions92_source4370615271_grid20x10_trajectory142_outcome242_baseline0.10_mc100_alpha0.05_min100_profiles2b1671cb4b,games10_possessions92_source4370615271_grid20x10_trajectory142_outcome242_baseline0.10_mc100_alpha0.05_min100_profiles2b1671cb4b_plandc0cd9facf,perimeter,full_game,6,b010_p01000_s100,p01000_s100,full_factorial_nested_prefix,10,1000,100,720283694,1334206472,16.873110157637807,nested_prefix_median_v1,ok,whole_grid_cosine_dual_leakage_penalty_v2,54,146,-0.02406876813620329,0.5,1.0,0.7788488131388409,0.9015630873327342,0.25369890184406607,0.6728375221332736,0.5812557245429627,0.21741461419142105,0.0739083045723859,0.08464976213872433,
perimeter__full_game__b050_p01000_s100,perimeter__full_game__p01000_s100,games10_possessions92_source4370615271_grid20x10_trajectory142_outcome242_baseline0.10_mc100_alpha0.05_min100_profiles2b1671cb4b,games10_possessions92_source4370615271_grid20x10_trajectory142_outcome242_baseline0.10_mc100_alpha0.05_min100_profiles2b1671cb4b_plandc0cd9facf,perimeter,full_game,21,b050_p01000_s100,p01000_s100,full_factorial_nested_prefix,50,1000,100,720283694,1334206472,16.873110157637807,nested_prefix_median_v1,ok,whole_grid_cosine_dual_leakage_penalty_v2,54,146,-0.020577484741806984,0.5,1.0,0.8273138506979372,0.9504292826306789,0.24229356839408644,0.7201463802358601,0.6268610256304815,0.216820854146812,0.06933331467457855,0.08024792280048132,
perimeter__full_game__b100_p01000_s100,perimeter__full_game__p01000_s100,games10_possessions92_source4370615271_grid20x10_trajectory142_outcome242_baseline0.10_mc100_alpha0.05_min100_profiles2b1671cb4b,games10_possessions92_source4370615271_grid20x10_trajectory142_outcome242_baseline0.10_mc100_alpha0.05_min100_profiles2b1671cb4b_plandc0cd9facf,perimeter,full_game,36,b100_p01000_s100,p01000_s100,full_factorial_nested_prefix,100,1000,100,720283694,1334206472,16.873110157637807,nested_prefix_median_v1,ok,whole_grid_cosine_dual_leakage_penalty_v2,54,146,-0.018632953986525536,0.5,1.0,0.8325471882675849,0.9506730443510159,0.2330706525224009,0.7290990575686672,0.6385048718423687,0.1981798139050041,0.060227058327503136,0.07872778736054897,
perimeter__full_game__b500_p01000_s100,perimeter__full_game__p01000_s100,games10_possessions92_source4370615271_grid20x10_trajectory142_outcome242_baseline0.10_mc100_alpha0.05_min100_profiles2b1671cb4b,games10_possessions92_source4370615271_grid20x10_trajectory142_outcome242_baseline0.10_mc100_alpha0.05_min100_profiles2b1671cb4b_plandc0cd9facf,perimeter,full_game,12,b500_p01000_s100,p01000_s100,targeted_nested_prefix,500,1000,100,720283694,1334206472,16.873110157637807,nested_prefix_median_v1,ok,whole_grid_cosine_dual_leakage_penalty_v2,54,146,-0.016516209580004215,0.5,1.0,0.83943513650377,0.9610852073928898,0.23713006124428343,0.733183013302839,0.6403798311740275,0.17786724643045998,0.05528815450272056,0.0767536774277687,
perimeter__full_game__b010_p01000_s150,perimeter__full_game__p01000_s150,games10_possessions92_source4370615271_grid20x10_trajectory142_outcome242_baseline0.10_mc100_alpha0.05_min100_profiles2b1671cb4b,games10_possessions92_source4370615271_grid20x10_trajectory142_outcome242_baseline0.10_mc100_alpha0.05_min100_profiles2b1671cb4b_plandc0cd9facf,perimeter,full_game,7,b010_p01000_s150,p01000_s150,full_factorial_nested_prefix,10,1000,150,12221624,568065365,16.212754356594438,nested_prefix_median_v1,ok,whole_grid_cosine_dual_leakage_penalty_v2,54,146,-0.018193681724369526,0.5,1.0,0.8687532889961701,0.9758979574451709,0.20752767324773544,0.7733721250093571,0.6884629403044774,0.2566858803864376,0.06721928541082864,0.0947499368339777,
perimeter__full_game__b050_p01000_s150,perimeter__full_game__p01000_s150,games10_possessions92_source4370615271_grid20x10_trajectory142_outcome242_baseline0.10_mc100_alpha0.05_min100_profiles2b1671cb4b,games10_possessions92_source4370615271_grid20x10_trajectory142_outcome242_baseline0.10_mc100_alpha0.05_min100_profiles2b1671cb4b_plandc0cd9facf,perimeter,full_game,22,b050_p01000_s150,p01000_s150,full_factorial_nested_prefix,50,1000,150,12221624,568065365,16.212754356594438,nested_prefix_median_v1,ok,whole_grid_cosine_dual_leakage_penalty_v2,54,146,-0.020244034007191658,0.5,1.0,0.8645157290701635,0.9734523394163886,0.2112916980747,0.7677699416263107,0.6818507326626414,0.28508295293658625,0.07637254618859853,0.09473986085504293,
perimeter__full_game__b100_p01000_s150,perimeter__full_game__p01000_s150,games10_possessions92_source4370615271_grid20x10_trajectory142_outcome242_baseline0.10_mc100_alpha0.05_min100_profiles2b1671cb4b,games10_possessions92_source4370615271_grid20x10_trajectory142_outcome242_baseline0.10_mc100_alpha0.05_min100_profiles2b1671cb4b_plandc0cd9facf,perimeter,full_game,37,b100_p01000_s150,p01000_s150,full_factorial_nested_prefix,100,1000,150,12221624,568065365,16.212754356594438,nested_prefix_median_v1,ok,whole_grid_cosine_dual_leakage_penalty_v2,54,146,-0.01986646745353937,0.5,1.0,0.8649785017205744,0.977260417353454,0.21658837815229104,0.7655971685264383,0.6776342108963166,0.26861648935859017,0.07426390948594953,0.09260862786322832,
perimeter__full_game__b010_p01000_s200,perimeter__full_game__p01000_s200,games10_possessions92_source4370615271_grid20x10_trajectory142_outcome242_baseline0.10_mc100_alpha0.05_min100_profiles2b1671cb4b,games10_possessions92_source4370615271_grid20x10_trajectory142_outcome242_baseline0.10_mc100_alpha0.05_min100_profiles2b1671cb4b_plandc0cd9facf,perimeter,full_game,8,b010_p01000_s200,p01000_s200,full_factorial_nested_prefix,10,1000,200,2165290739,578121800,15.83318945869783,nested_prefix_median_v1,ok,whole_grid_cosine_dual_leakage_penalty_v2,54,146,-0.021362897008657455,0.5,1.0,0.8789632524539387,0.9817159258071231,0.19837774758621238,0.7869653316759925,0.704596502221075,0.36170584766420794,0.08951147642461961,0.12964485026896,
perimeter__full_game__b050_p01000_s200,perimeter__full_game__p01000_s200,games10_possessions92_source4370615271_grid20x10_trajectory142_outcome242_baseline0.10_mc100_alpha0.05_min100_profiles2b1671cb4b,games10_possessions92_source4370615271_grid20x10_trajectory142_outcome242_baseline0.10_mc100_alpha0.05_min100_profiles2b1671cb4b_plandc0cd9facf,perimeter,full_game,23,b050_p01000_s200,p01000_s200,full_factorial_nested_prefix,50,1000,200,2165290739,578121800,15.83318945869783,nested_prefix_median_v1,ok,whole_grid_cosine_dual_leakage_penalty_v2,54,146,-0.02203355450183153,0.5,1.0,0.8804584564955755,0.9849863505342484,0.20098061928375238,0.7870231838178319,0.703503370655478,0.352045554483486,0.08855146103309564,0.11650974303483963,
perimeter__full_game__b100_p01000_s200,perimeter__full_game__p01000_s200,games10_possessions92_source4370615271_grid20x10_trajectory142_outcome242_baseline0.10_mc100_alpha0.05_min100_profiles2b1671cb4b,games10_possessions92_source4370615271_grid20x10_trajectory142_outcome242_baseline0.10_mc100_alpha0.05_min100_profiles2b1671cb4b_plandc0cd9facf,perimeter,full_game,38,b100_p01000_s200,p01000_s200,full_factorial_nested_prefix,100,1000,200,2165290739,578121800,15.83318945869783,nested_prefix_median_v1,ok,whole_grid_cosine_dual_leakage_penalty_v2,54,146,-0.021853012032806873,0.5,1.0,0.8824767951621998,0.9847332334560525,0.19690042016708442,0.7908388460360644,0.7087167434070606,0.33190001766426147,0.0813737854839273,0.108104158192873,
perimeter__full_game__b010_p01000_s250,perimeter__full_game__p01000_s250,games10_possessions92_source4370615271_grid20x10_trajectory142_outcome242_baseline0.10_mc100_alpha0.05_min100_profiles2b1671cb4b,games10_possessions92_source4370615271_grid20x10_trajectory142_outcome242_baseline0.10_mc100_alpha0.05_min100_profiles2b1671cb4b_plandc0cd9facf,perimeter,full_game,9,b010_p01000_s250,p01000_s250,full_factorial_nested_prefix,10,1000,250,3331613232,657754299,15.302656655602492,nested_prefix_median_v1,ok,whole_grid_cosine_dual_leakage_penalty_v2,54,146,-0.014791463036090136,0.5,1.0,0.8650967887562075,0.9653462059032,0.1969118609143054,0.7752580880722365,0.6947489702112329,0.31479008223093,0.0771844307899128,0.12292459420859814,
perimeter__full_game__b050_p01000_s250,perimeter__full_game__p01000_s250,games10_possessions92_source4370615271_grid20x10_trajectory142_outcome242_baseline0.10_mc100_alpha0.05_min100_profiles2b1671cb4b,games10_possessions92_source4370615271_grid20x10_trajectory142_outcome242_baseline0.10_mc100_alpha0.05_min100_profiles2b1671cb4b_plandc0cd9facf,perimeter,full_game,24,b050_p01000_s250,p01000_s250,full_factorial_nested_prefix,50,1000,250,3331613232,657754299,15.302656655602492,nested_prefix_median_v1,ok,whole_grid_cosine_dual_leakage_penalty_v2,54,146,-0.022117799147963524,0.5,1.0,0.8820889597908167,0.9819019607174778,0.19297215691629382,0.7924222214774881,0.7118703506279328,0.34829453282575606,0.08328231524791123,0.11697164364159107,
perimeter__full_game__b100_p01000_s250,perimeter__full_game__p01000_s250,games10_possessions92_source4370615271_grid20x10_trajectory142_outcome242_baseline0.10_mc100_alpha0.05_min100_profiles2b1671cb4b,games10_possessions92_source4370615271_grid20x10_trajectory142_outcome242_baseline0.10_mc100_alpha0.05_min100_profiles2b1671cb4b_plandc0cd9facf,perimeter,full_game,39,b100_p01000_s250,p01000_s250,full_factorial_nested_prefix,100,1000,250,3331613232,657754299,15.302656655602492,nested_prefix_median_v1,ok,whole_grid_cosine_dual_leakage_penalty_v2,54,146,-0.02332706470042467,0.5,1.0,0.8852556482513196,0.984780334184515,0.19191196153005285,0.795789208574944,0.7153645003398503,0.36506376426083564,0.08669860182003833,0.11462595146149397,
perimeter__full_game__b050_p02500_s150,perimeter__full_game__p02500_s150,games10_possessions92_source4370615271_grid20x10_trajectory142_outcome242_baseline0.10_mc100_alpha0.05_min100_profiles2b1671cb4b,games10_possessions92_source4370615271_grid20x10_trajectory142_outcome242_baseline0.10_mc100_alpha0.05_min100_profiles2b1671cb4b_plandc0cd9facf,perimeter,full_game,3,b050_p02500_s150,p02500_s150,full_factorial_nested_prefix,50,2500,150,2793541587,1884129618,24.509525959000747,nested_prefix_median_v1,ok,whole_grid_cosine_dual_leakage_penalty_v2,54,146,-0.031976159662008286,0.5,1.0,0.9091586547093136,0.9748761621555941,0.1302780067178196,0.8478712389532456,0.7907152773835298,0.9489103090789022,0.1421398384491358,0.19813967496156693,
perimeter__full_game__b100_p02500_s150,perimeter__full_game__p02500_s150,games10_possessions92_source4370615271_grid20x10_trajectory142_outcome242_baseline0.10_mc100_alpha0.05_min100_profiles2b1671cb4b,games10_possessions92_source4370615271_grid20x10_trajectory142_outcome242_baseline0.10_mc100_alpha0.05_min100_profiles2b1671cb4b_plandc0cd9facf,perimeter,full_game,9,b100_p02500_s150,p02500_s150,full_factorial_nested_prefix,100,2500,150,2793541587,1884129618,24.509525959000747,nested_prefix_median_v1,ok,whole_grid_cosine_dual_leakage_penalty_v2,54,146,-0.030996957793831825,0.5,1.0,0.9075324899914619,0.9743941686902651,0.1325289075717737,0.8452587739694377,0.7872582005070018,0.9384749542381029,0.14337660534657734,0.20484708435833454,
perimeter__full_game__b050_p02500_s200,perimeter__full_game__p02500_s200,games10_possessions92_source4370615271_grid20x10_trajectory142_outcome242_baseline0.10_mc100_alpha0.05_min100_profiles2b1671cb4b,games10_possessions92_source4370615271_grid20x10_trajectory142_outcome242_baseline0.10_mc100_alpha0.05_min100_profiles2b1671cb4b_plandc0cd9facf,perimeter,full_game,4,b050_p02500_s200,p02500_s200,full_factorial_nested_prefix,50,2500,200,1250155092,4157380718,24.836894713038703,nested_prefix_median_v1,ok,whole_grid_cosine_dual_leakage_penalty_v2,54,146,-0.032875923439860344,0.5,1.0,0.9174120470239111,0.9808564566341414,0.12518148287267458,0.8580713909074422,0.8025690465722021,0.9448007980313515,0.13519554353424493,0.19554312899708748,
perimeter__full_game__b100_p02500_s200,perimeter__full_game__p02500_s200,games10_possessions92_source4370615271_grid20x10_trajectory142_outcome242_baseline0.10_mc100_alpha0.05_min100_profiles2b1671cb4b,games10_possessions92_source4370615271_grid20x10_trajectory142_outcome242_baseline0.10_mc100_alpha0.05_min100_profiles2b1671cb4b_plandc0cd9facf,perimeter,full_game,10,b100_p02500_s200,p02500_s200,full_factorial_nested_prefix,100,2500,200,1250155092,4157380718,24.836894713038703,nested_prefix_median_v1,ok,whole_grid_cosine_dual_leakage_penalty_v2,54,146,-0.032330604270100594,0.5,1.0,0.9136685188637116,0.9798111228521956,0.1304539393936363,0.8519909020144246,0.7944768612779914,0.9394384257361807,0.14093956491457182,0.19733453169465065,
perimeter__full_game__b050_p02500_s250,perimeter__full_game__p02500_s250,games10_possessions92_source4370615271_grid20x10_trajectory142_outcome242_baseline0.10_mc100_alpha0.05_min100_profiles2b1671cb4b,games10_possessions92_source4370615271_grid20x10_trajectory142_outcome242_baseline0.10_mc100_alpha0.05_min100_profiles2b1671cb4b_plandc0cd9facf,perimeter,full_game,5,b050_p02500_s250,p02500_s250,full_factorial_nested_prefix,50,2500,250,4290107670,2213446514,26.48937367163081,nested_prefix_median_v1,ok,whole_grid_cosine_dual_leakage_penalty_v2,54,146,-0.03255830705165863,0.5,1.0,0.914245919427052,0.9823939241625497,0.1339265492731306,0.8508252958725695,0.7918041182511463,0.8753332644483716,0.13535845426639875,0.1867495458573103,
perimeter__full_game__b100_p02500_s250,perimeter__full_game__p02500_s250,games10_possessions92_source4370615271_grid20x10_trajectory142_outcome242_baseline0.10_mc100_alpha0.05_min100_profiles2b1671cb4b,games10_possessions92_source4370615271_grid20x10_trajectory142_outcome242_baseline0.10_mc100_alpha0.05_min100_profiles2b1671cb4b_plandc0cd9facf,perimeter,full_game,11,b100_p02500_s250,p02500_s250,full_factorial_nested_prefix,100,2500,250,4290107670,2213446514,26.48937367163081,nested_prefix_median_v1,ok,whole_grid_cosine_dual_leakage_penalty_v2,54,146,-0.0316360667347908,0.5,1.0,0.9160326539089159,0.9815277051424681,0.12900274746205337,0.8549079344689657,0.7978619247897094,0.8669785765767808,0.1284075443903565,0.1880556927062571,
perimeter__full_game__b010_p10000_s050,perimeter__full_game__p10000_s050,games10_possessions92_source4370615271_grid20x10_trajectory142_outcome242_baseline0.10_mc100_alpha0.05_min100_profiles2b1671cb4b,games10_possessions92_source4370615271_grid20x10_trajectory142_outcome242_baseline0.10_mc100_alpha0.05_min100_profiles2b1671cb4b_plandc0cd9facf,perimeter,full_game,10,b010_p10000_s050,p10000_s050,full_factorial_nested_prefix,10,10000,50,1756964159,1107165247,39.027588164322296,nested_prefix_median_v1,ok,whole_grid_cosine_dual_leakage_penalty_v2,54,146,-0.05151502415537834,0.5,1.0,0.8782635762538178,0.9461883624974708,0.13842212219794475,0.8152149613615728,0.7566924681796079,2.500280127180567,0.4016979662669511,0.3385261593386528,
perimeter__full_game__b050_p10000_s050,perimeter__full_game__p10000_s050,games10_possessions92_source4370615271_grid20x10_trajectory142_outcome242_baseline0.10_mc100_alpha0.05_min100_profiles2b1671cb4b,games10_possessions92_source4370615271_grid20x10_trajectory142_outcome242_baseline0.10_mc100_alpha0.05_min100_profiles2b1671cb4b_plandc0cd9facf,perimeter,full_game,25,b050_p10000_s050,p10000_s050,full_factorial_nested_prefix,50,10000,50,1756964159,1107165247,39.027588164322296,nested_prefix_median_v1,ok,whole_grid_cosine_dual_leakage_penalty_v2,54,146,-0.050571054220199585,0.5,1.0,0.881723399580951,0.9484809861530564,0.1358135061296052,0.8196644579263442,0.7619734532473472,2.4307863998855463,0.38201664335444696,0.3231926258653398,
perimeter__full_game__b100_p10000_s050,perimeter__full_game__p10000_s050,games10_possessions92_source4370615271_grid20x10_trajectory142_outcome242_baseline0.10_mc100_alpha0.05_min100_profiles2b1671cb4b,games10_possessions92_source4370615271_grid20x10_trajectory142_outcome242_baseline0.10_mc100_alpha0.05_min100_profiles2b1671cb4b_plandc0cd9facf,perimeter,full_game,40,b100_p10000_s050,p10000_s050,full_factorial_nested_prefix,100,10000,50,1756964159,1107165247,39.027588164322296,nested_prefix_median_v1,ok,whole_grid_cosine_dual_leakage_penalty_v2,54,146,-0.05016327649354935,0.5,1.0,0.8813858448896831,0.947916994047835,0.13544719471845568,0.819524296378105,0.7620046047348196,2.4120794987031484,0.37789409685721437,0.3220508106052872,
perimeter__full_game__b010_p10000_s100,perimeter__full_game__p10000_s100,games10_possessions92_source4370615271_grid20x10_trajectory142_outcome242_baseline0.10_mc100_alpha0.05_min100_profiles2b1671cb4b,games10_possessions92_source4370615271_grid20x10_trajectory142_outcome242_baseline0.10_mc100_alpha0.05_min100_profiles2b1671cb4b_plandc0cd9facf,perimeter,full_game,11,b010_p10000_s100,p10000_s100,full_factorial_nested_prefix,10,10000,100,489573535,2423632136,50.0889908882648,nested_prefix_median_v1,ok,whole_grid_cosine_dual_leakage_penalty_v2,54,146,-0.04709829203784466,0.5,1.0,0.900549382384045,0.962313755210347,0.12424691025005626,0.8427492444343323,0.788658904095231,1.9632043879177246,0.27852836860418945,0.28607267886400223,
perimeter__full_game__b050_p10000_s100,perimeter__full_game__p10000_s100,games10_possessions92_source4370615271_grid20x10_trajectory142_outcome242_baseline0.10_mc100_alpha0.05_min100_profiles2b1671cb4b,games10_possessions92_source4370615271_grid20x10_trajectory142_outcome242_baseline0.10_mc100_alpha0.05_min100_profiles2b1671cb4b_plandc0cd9facf,perimeter,full_game,26,b050_p10000_s100,p10000_s100,full_factorial_nested_prefix,50,10000,100,489573535,2423632136,50.0889908882648,nested_prefix_median_v1,ok,whole_grid_cosine_dual_leakage_penalty_v2,54,146,-0.04692758899182081,0.5,1.0,0.904156793588023,0.9653504632901156,0.12276190938554254,0.8468421971904029,0.7931607792232475,2.0036388297129233,0.2803919837569792,0.28857411071658134,
perimeter__full_game__b100_p10000_s100,perimeter__full_game__p10000_s100,games10_possessions92_source4370615271_grid20x10_trajectory142_outcome242_baseline0.10_mc100_alpha0.05_min100_profiles2b1671cb4b,games10_possessions92_source4370615271_grid20x10_trajectory142_outcome242_baseline0.10_mc100_alpha0.05_min100_profiles2b1671cb4b_plandc0cd9facf,perimeter,full_game,41,b100_p10000_s100,p10000_s100,full_factorial_nested_prefix,100,10000,100,489573535,2423632136,50.0889908882648,nested_prefix_median_v1,ok,whole_grid_cosine_dual_leakage_penalty_v2,54,146,-0.04547298792749643,0.5,1.0,0.9030819848326056,0.9632647798368889,0.12105237900431255,0.8466592866265681,0.7937617621326822,1.9603059518773729,0.26998161594914166,0.2877715082839131,
perimeter__full_game__b010_p10000_s150,perimeter__full_game__p10000_s150,games10_possessions92_source4370615271_grid20x10_trajectory142_outcome242_baseline0.10_mc100_alpha0.05_min100_profiles2b1671cb4b,games10_possessions92_source4370615271_grid20x10_trajectory142_outcome242_baseline0.10_mc100_alpha0.05_min100_profiles2b1671cb4b_plandc0cd9facf,perimeter,full_game,12,b010_p10000_s150,p10000_s150,full_factorial_nested_prefix,10,10000,150,1448514925,2414715446,51.32713547176943,nested_prefix_median_v1,ok,whole_grid_cosine_dual_leakage_penalty_v2,54,146,-0.04397022817283869,0.5,1.0,0.9089438253570832,0.9681974529953383,0.11865445045999776,0.853316516273407,0.8010935952603303,1.946579917664838,0.2620656228735013,0.2910865807905793,
perimeter__full_game__b050_p10000_s150,perimeter__full_game__p10000_s150,games10_possessions92_source4370615271_grid20x10_trajectory142_outcome242_baseline0.10_mc100_alpha0.05_min100_profiles2b1671cb4b,games10_possessions92_source4370615271_grid20x10_trajectory142_outcome242_baseline0.10_mc100_alpha0.05_min100_profiles2b1671cb4b_plandc0cd9facf,perimeter,full_game,27,b050_p10000_s150,p10000_s150,full_factorial_nested_prefix,50,10000,150,1448514925,2414715446,51.32713547176943,nested_prefix_median_v1,ok,whole_grid_cosine_dual_leakage_penalty_v2,54,146,-0.04385734163224697,0.5,1.0,0.9127893741486958,0.9699617117704676,0.11441149852780624,0.8589869388122126,0.8083557740120851,1.9239978287224349,0.2485663198906055,0.2847921997308731,
perimeter__full_game__b100_p10000_s150,perimeter__full_game__p10000_s150,games10_possessions92_source4370615271_grid20x10_trajectory142_outcome242_baseline0.10_mc100_alpha0.05_min100_profiles2b1671cb4b,games10_possessions92_source4370615271_grid20x10_trajectory142_outcome242_baseline0.10_mc100_alpha0.05_min100_profiles2b1671cb4b_plandc0cd9facf,perimeter,full_game,42,b100_p10000_s150,p10000_s150,full_factorial_nested_prefix,100,10000,150,1448514925,2414715446,51.32713547176943,nested_prefix_median_v1,ok,whole_grid_cosine_dual_leakage_penalty_v2,54,146,-0.04421975277364254,0.5,1.0,0.9138520589712988,0.9709931022497589,0.11423299275833566,0.8600736542320682,0.8094600033366404,1.927638155480334,0.24859796499013112,0.2843843474984169,
perimeter__full_game__b010_p10000_s200,perimeter__full_game__p10000_s200,games10_possessions92_source4370615271_grid20x10_trajectory142_outcome242_baseline0.10_mc100_alpha0.05_min100_profiles2b1671cb4b,games10_possessions92_source4370615271_grid20x10_trajectory142_outcome242_baseline0.10_mc100_alpha0.05_min100_profiles2b1671cb4b_plandc0cd9facf,perimeter,full_game,13,b010_p10000_s200,p10000_s200,full_factorial_nested_prefix,10,10000,200,895264997,156753033,51.306907526560366,nested_prefix_median_v1,ok,whole_grid_cosine_dual_leakage_penalty_v2,54,146,-0.04336246941238642,0.5,1.0,0.9171030354039518,0.9745171265194494,0.11435982354074857,0.863071519893248,0.812223294106471,1.9555918588005001,0.25251918988618677,0.28374139592051506,
perimeter__full_game__b050_p10000_s200,perimeter__full_game__p10000_s200,games10_possessions92_source4370615271_grid20x10_trajectory142_outcome242_baseline0.10_mc100_alpha0.05_min100_profiles2b1671cb4b,games10_possessions92_source4370615271_grid20x10_trajectory142_outcome242_baseline0.10_mc100_alpha0.05_min100_profiles2b1671cb4b_plandc0cd9facf,perimeter,full_game,28,b050_p10000_s200,p10000_s200,full_factorial_nested_prefix,50,10000,200,895264997,156753033,51.306907526560366,nested_prefix_median_v1,ok,whole_grid_cosine_dual_leakage_penalty_v2,54,146,-0.04362588841468096,0.5,1.0,0.9198422951414654,0.9754996922709237,0.11085523384923367,0.8673604457643749,0.8178729624091424,1.916602612066792,0.23895482360708173,0.281538475304842,
perimeter__full_game__b100_p10000_s200,perimeter__full_game__p10000_s200,games10_possessions92_source4370615271_grid20x10_trajectory142_outcome242_baseline0.10_mc100_alpha0.05_min100_profiles2b1671cb4b,games10_possessions92_source4370615271_grid20x10_trajectory142_outcome242_baseline0.10_mc100_alpha0.05_min100_profiles2b1671cb4b_plandc0cd9facf,perimeter,full_game,43,b100_p10000_s200,p10000_s200,full_factorial_nested_prefix,100,10000,200,895264997,156753033,51.306907526560366,nested_prefix_median_v1,ok,whole_grid_cosine_dual_leakage_penalty_v2,54,146,-0.04442128539085388,0.5,1.0,0.9220604422115658,0.9764665622585764,0.10833025918187411,0.8706856864866711,0.8221733955254334,1.9217653169082545,0.23347807527526188,0.2809421086683869,
perimeter__full_game__b010_p10000_s250,perimeter__full_game__p10000_s250,games10_possessions92_source4370615271_grid20x10_trajectory142_outcome242_baseline0.10_mc100_alpha0.05_min100_profiles2b1671cb4b,games10_possessions92_source4370615271_grid20x10_trajectory142_outcome242_baseline0.10_mc100_alpha0.05_min100_profiles2b1671cb4b_plandc0cd9facf,perimeter,full_game,14,b010_p10000_s250,p10000_s250,full_factorial_nested_prefix,10,10000,250,2119542591,3452973213,51.71568766632274,nested_prefix_median_v1,ok,whole_grid_cosine_dual_leakage_penalty_v2,54,146,-0.04468824155628681,0.5,1.0,0.9201558472390737,0.9758924084224951,0.1109649130749097,0.8676025921514288,0.81805083363482,1.924811217357723,0.24024530928069832,0.28647198155522346,
perimeter__full_game__b050_p10000_s250,perimeter__full_game__p10000_s250,games10_possessions92_source4370615271_grid20x10_trajectory142_outcome242_baseline0.10_mc100_alpha0.05_min100_profiles2b1671cb4b,games10_possessions92_source4370615271_grid20x10_trajectory142_outcome242_baseline0.10_mc100_alpha0.05_min100_profiles2b1671cb4b_plandc0cd9facf,perimeter,full_game,29,b050_p10000_s250,p10000_s250,full_factorial_nested_prefix,50,10000,250,2119542591,3452973213,51.71568766632274,nested_prefix_median_v1,ok,whole_grid_cosine_dual_leakage_penalty_v2,54,146,-0.044242327101528645,0.5,1.0,0.9228785302733838,0.9776573111467721,0.1089218783348412,0.8711690404488754,0.8223568672811092,1.8830623749792408,0.23017812458589246,0.2793565634638071,
perimeter__full_game__b100_p10000_s250,perimeter__full_game__p10000_s250,games10_possessions92_source4370615271_grid20x10_trajectory142_outcome242_baseline0.10_mc100_alpha0.05_min100_profiles2b1671cb4b,games10_possessions92_source4370615271_grid20x10_trajectory142_outcome242_baseline0.10_mc100_alpha0.05_min100_profiles2b1671cb4b_plandc0cd9facf,perimeter,full_game,44,b100_p10000_s250,p10000_s250,full_factorial_nested_prefix,100,10000,250,2119542591,3452973213,51.71568766632274,nested_prefix_median_v1,ok,whole_grid_cosine_dual_leakage_penalty_v2,54,146,-0.044242327101528645,0.5,1.0,0.9228745482052625,0.9771462315485211,0.10799720601179166,0.8716171686763297,0.8232066754996996,1.899467408280682,0.22997368885762093,0.28026237450540065,
perimeter__quarter_1__b010_p00100_s050,perimeter__quarter_1__p00100_s050,games10_possessions92_source4370615271_grid20x10_trajectory142_outcome242_baseline0.10_mc100_alpha0.05_min100_profiles2b1671cb4b,games10_possessions92_source4370615271_grid20x10_trajectory142_outcome242_baseline0.10_mc100_alpha0.05_min100_profiles2b1671cb4b_plandc0cd9facf,perimeter,quarter_1,0,b010_p00100_s050,p00100_s050,full_factorial_nested_prefix,10,100,50,2007033508,1235827016,4.564829852165115,nested_prefix_median_v1,ok,whole_grid_cosine_dual_leakage_penalty_v2,54,146,0.018582931719720364,0.5,1.0,0.669131828773211,0.7618401170267413,0.22857146184389193,0.5877052077866173,0.5161873885042414,0.00012290133734873046,3.641521793776824e-05,0.0015086261555552483,
perimeter__quarter_1__b050_p00100_s050,perimeter__quarter_1__p00100_s050,games10_possessions92_source4370615271_grid20x10_trajectory142_outcome242_baseline0.10_mc100_alpha0.05_min100_profiles2b1671cb4b,games10_possessions92_source4370615271_grid20x10_trajectory142_outcome242_baseline0.10_mc100_alpha0.05_min100_profiles2b1671cb4b_plandc0cd9facf,perimeter,quarter_1,15,b050_p00100_s050,p00100_s050,full_factorial_nested_prefix,50,100,50,2007033508,1235827016,4.564829852165115,nested_prefix_median_v1,ok,whole_grid_cosine_dual_leakage_penalty_v2,54,146,0.013258661143481731,0.5,1.0,0.6642810543310089,0.7677662484530735,0.251407106507438,0.5747443574554156,0.49727607655393974,0.0005623698160953624,0.00018886603049626718,0.00419080164283514,
perimeter__quarter_1__b100_p00100_s050,perimeter__quarter_1__p00100_s050,games10_possessions92_source4370615271_grid20x10_trajectory142_outcome242_baseline0.10_mc100_alpha0.05_min100_profiles2b1671cb4b,games10_possessions92_source4370615271_grid20x10_trajectory142_outcome242_baseline0.10_mc100_alpha0.05_min100_profiles2b1671cb4b_plandc0cd9facf,perimeter,quarter_1,30,b100_p00100_s050,p00100_s050,full_factorial_nested_prefix,100,100,50,2007033508,1235827016,4.564829852165115,nested_prefix_median_v1,ok,whole_grid_cosine_dual_leakage_penalty_v2,54,146,0.013196147978305817,0.5,1.0,0.6573132714277427,0.7565348671552397,0.2451043813551591,0.571104856567547,0.49620290867791,0.0004606862520442562,0.00014957858545905606,0.003965448611415923,
perimeter__quarter_1__b010_p00100_s100,perimeter__quarter_1__p00100_s100,games10_possessions92_source4370615271_grid20x10_trajectory142_outcome242_baseline0.10_mc100_alpha0.05_min100_profiles2b1671cb4b,games10_possessions92_source4370615271_grid20x10_trajectory142_outcome242_baseline0.10_mc100_alpha0.05_min100_profiles2b1671cb4b_plandc0cd9facf,perimeter,quarter_1,1,b010_p00100_s100,p00100_s100,full_factorial_nested_prefix,10,100,100,462622817,3255861619,4.4709788741487575,nested_prefix_median_v1,ok,whole_grid_cosine_dual_leakage_penalty_v2,54,146,0.012382932007312775,0.5,1.0,0.6242320057917791,0.7478160624442761,0.3032090747417915,0.5210714460734973,0.43495919689144114,0.0016079909441280961,0.0006997184215359672,0.006269359961152077,
perimeter__quarter_1__b050_p00100_s100,perimeter__quarter_1__p00100_s100,games10_possessions92_source4370615271_grid20x10_trajectory142_outcome242_baseline0.10_mc100_alpha0.05_min100_profiles2b1671cb4b,games10_possessions92_source4370615271_grid20x10_trajectory142_outcome242_baseline0.10_mc100_alpha0.05_min100_profiles2b1671cb4b_plandc0cd9facf,perimeter,quarter_1,16,b050_p00100_s100,p00100_s100,full_factorial_nested_prefix,50,100,100,462622817,3255861619,4.4709788741487575,nested_prefix_median_v1,ok,whole_grid_cosine_dual_leakage_penalty_v2,54,146,0.01004880340769887,0.5,1.0,0.6585166968010148,0.772188523793675,0.27274469766223425,0.561578198333322,0.4789097594264888,0.002272138964843554,0.0008521269669959969,0.008891989011317492,
perimeter__quarter_1__b100_p00100_s100,perimeter__quarter_1__p00100_s100,games10_possessions92_source4370615271_grid20x10_trajectory142_outcome242_baseline0.10_mc100_alpha0.05_min100_profiles2b1671cb4b,games10_possessions92_source4370615271_grid20x10_trajectory142_outcome242_baseline0.10_mc100_alpha0.05_min100_profiles2b1671cb4b_plandc0cd9facf,perimeter,quarter_1,31,b100_p00100_s100,p00100_s100,full_factorial_nested_prefix,100,100,100,462622817,3255861619,4.4709788741487575,nested_prefix_median_v1,ok,whole_grid_cosine_dual_leakage_penalty_v2,54,146,0.00989973172545433,0.5,1.0,0.6430987755907118,0.7536398242771192,0.27183854464806617,0.5487714712568026,0.4682797403691794,0.0020507496243305466,0.0007655895395426379,0.00926156621426344,
perimeter__quarter_1__b010_p00100_s150,perimeter__quarter_1__p00100_s150,games10_possessions92_source4370615271_grid20x10_trajectory142_outcome242_baseline0.10_mc100_alpha0.05_min100_profiles2b1671cb4b,games10_possessions92_source4370615271_grid20x10_trajectory142_outcome242_baseline0.10_mc100_alpha0.05_min100_profiles2b1671cb4b_plandc0cd9facf,perimeter,quarter_1,2,b010_p00100_s150,p00100_s150,full_factorial_nested_prefix,10,100,150,3271144373,822712706,5.161337692511866,nested_prefix_median_v1,ok,whole_grid_cosine_dual_leakage_penalty_v2,54,146,0.008631485281512141,0.5,1.0,0.627895835110864,0.7647224410471912,0.3258329307458764,0.5155506868736442,0.42330669495356166,0.000841900845820294,0.00040690065193269703,0.0051829093135893345,
perimeter__quarter_1__b050_p00100_s150,perimeter__quarter_1__p00100_s150,games10_possessions92_source4370615271_grid20x10_trajectory142_outcome242_baseline0.10_mc100_alpha0.05_min100_profiles2b1671cb4b,games10_possessions92_source4370615271_grid20x10_trajectory142_outcome242_baseline0.10_mc100_alpha0.05_min100_profiles2b1671cb4b_plandc0cd9facf,perimeter,quarter_1,17,b050_p00100_s150,p00100_s150,full_factorial_nested_prefix,50,100,150,3271144373,822712706,5.161337692511866,nested_prefix_median_v1,ok,whole_grid_cosine_dual_leakage_penalty_v2,54,146,0.008968012873083353,0.5,1.0,0.6568678489248023,0.7718037992053287,0.2756604704851175,0.5590480007941867,0.4757953486436442,0.002272120375934568,0.0008646963838193733,0.008761138189584017,
perimeter__quarter_1__b100_p00100_s150,perimeter__quarter_1__p00100_s150,games10_possessions92_source4370615271_grid20x10_trajectory142_outcome242_baseline0.10_mc100_alpha0.05_min100_profiles2b1671cb4b,games10_possessions92_source4370615271_grid20x10_trajectory142_outcome242_baseline0.10_mc100_alpha0.05_min100_profiles2b1671cb4b_plandc0cd9facf,perimeter,quarter_1,32,b100_p00100_s150,p00100_s150,full_factorial_nested_prefix,100,100,150,3271144373,822712706,5.161337692511866,nested_prefix_median_v1,ok,whole_grid_cosine_dual_leakage_penalty_v2,54,146,0.009517411701381207,0.5,1.0,0.6601578005313756,0.7722459958796953,0.2692241472559761,0.5643387261671423,0.4824273796289353,0.0028285670058980526,0.0010420685594082395,0.009904521517455578,
perimeter__quarter_1__b010_p00100_s200,perimeter__quarter_1__p00100_s200,games10_possessions92_source4370615271_grid20x10_trajectory142_outcome242_baseline0.10_mc100_alpha0.05_min100_profiles2b1671cb4b,games10_possessions92_source4370615271_grid20x10_trajectory142_outcome242_baseline0.10_mc100_alpha0.05_min100_profiles2b1671cb4b_plandc0cd9facf,perimeter,quarter_1,3,b010_p00100_s200,p00100_s200,full_factorial_nested_prefix,10,100,200,3563924186,2021874151,5.4218897886957365,nested_prefix_median_v1,ok,whole_grid_cosine_dual_leakage_penalty_v2,54,146,0.01100146071985364,0.5,1.0,0.6334552479751724,0.737813341327677,0.2628788558677424,0.5438578143155012,0.46693325714404205,0.002865018470831148,0.001021748980676244,0.007491103373467922,
perimeter__quarter_1__b050_p00100_s200,perimeter__quarter_1__p00100_s200,games10_possessions92_source4370615271_grid20x10_trajectory142_outcome242_baseline0.10_mc100_alpha0.05_min100_profiles2b1671cb4b,games10_possessions92_source4370615271_grid20x10_trajectory142_outcome242_baseline0.10_mc100_alpha0.05_min100_profiles2b1671cb4b_plandc0cd9facf,perimeter,quarter_1,18,b050_p00100_s200,p00100_s200,full_factorial_nested_prefix,50,100,200,3563924186,2021874151,5.4218897886957365,nested_prefix_median_v1,ok,whole_grid_cosine_dual_leakage_penalty_v2,54,146,0.009924379643052816,0.5,1.0,0.6508007767515956,0.7533582159165401,0.2537350106945426,0.5622048609441352,0.48566983470251285,0.002233724811186605,0.0007594811454073309,0.007074627093970776,
perimeter__quarter_1__b100_p00100_s200,perimeter__quarter_1__p00100_s200,games10_possessions92_source4370615271_grid20x10_trajectory142_outcome242_baseline0.10_mc100_alpha0.05_min100_profiles2b1671cb4b,games10_possessions92_source4370615271_grid20x10_trajectory142_outcome242_baseline0.10_mc100_alpha0.05_min100_profiles2b1671cb4b_plandc0cd9facf,perimeter,quarter_1,33,b100_p00100_s200,p00100_s200,full_factorial_nested_prefix,100,100,200,3563924186,2021874151,5.4218897886957365,nested_prefix_median_v1,ok,whole_grid_cosine_dual_leakage_penalty_v2,54,146,0.010473487433046103,0.5,1.0,0.6570488939032337,0.7623194285797721,0.25711532347283184,0.5663154221108596,0.48811155500983744,0.0015574658506327555,0.0005390450882031153,0.006348409689962864,
perimeter__quarter_1__b010_p00100_s250,perimeter__quarter_1__p00100_s250,games10_possessions92_source4370615271_grid20x10_trajectory142_outcome242_baseline0.10_mc100_alpha0.05_min100_profiles2b1671cb4b,games10_possessions92_source4370615271_grid20x10_trajectory142_outcome242_baseline0.10_mc100_alpha0.05_min100_profiles2b1671cb4b_plandc0cd9facf,perimeter,quarter_1,4,b010_p00100_s250,p00100_s250,full_factorial_nested_prefix,10,100,250,1923978833,1461712537,5.090814929102455,nested_prefix_median_v1,ok,whole_grid_cosine_dual_leakage_penalty_v2,54,146,0.010264998767524958,0.5,1.0,0.6217753233167088,0.7381952319471777,0.2905455901624543,0.523715862625975,0.44112124505520484,0.004564495456597144,0.0018693153609892097,0.014085165248252452,
perimeter__quarter_1__b050_p00100_s250,perimeter__quarter_1__p00100_s250,games10_possessions92_source4370615271_grid20x10_trajectory142_outcome242_baseline0.10_mc100_alpha0.05_min100_profiles2b1671cb4b,games10_possessions92_source4370615271_grid20x10_trajectory142_outcome242_baseline0.10_mc100_alpha0.05_min100_profiles2b1671cb4b_plandc0cd9facf,perimeter,quarter_1,19,b050_p00100_s250,p00100_s250,full_factorial_nested_prefix,50,100,250,1923978833,1461712537,5.090814929102455,nested_prefix_median_v1,ok,whole_grid_cosine_dual_leakage_penalty_v2,54,146,0.00879749795421958,0.5,1.0,0.6484955710773362,0.7533770337313452,0.2590493640794093,0.5582151922312084,0.48050320578143885,0.003530214098432816,0.0012342248902006412,0.01099951658397913,
perimeter__quarter_1__b100_p00100_s250,perimeter__quarter_1__p00100_s250,games10_possessions92_source4370615271_grid20x10_trajectory142_outcome242_baseline0.10_mc100_alpha0.05_min100_profiles2b1671cb4b,games10_possessions92_source4370615271_grid20x10_trajectory142_outcome242_baseline0.10_mc100_alpha0.05_min100_profiles2b1671cb4b_plandc0cd9facf,perimeter,quarter_1,34,b100_p00100_s250,p00100_s250,full_factorial_nested_prefix,100,100,250,1923978833,1461712537,5.090814929102455,nested_prefix_median_v1,ok,whole_grid_cosine_dual_leakage_penalty_v2,54,146,0.008822206873446703,0.5,1.0,0.6486851724738052,0.7564152805442799,0.2645598174254475,0.5562981920256667,0.47706914167754033,0.0024247260907396748,0.000872246454670403,0.009788674302399158,
perimeter__quarter_1__b010_p01000_s050,perimeter__quarter_1__p01000_s050,games10_possessions92_source4370615271_grid20x10_trajectory142_outcome242_baseline0.10_mc100_alpha0.05_min100_profiles2b1671cb4b,games10_possessions92_source4370615271_grid20x10_trajectory142_outcome242_baseline0.10_mc100_alpha0.05_min100_profiles2b1671cb4b_plandc0cd9facf,perimeter,quarter_1,5,b010_p01000_s050,p01000_s050,full_factorial_nested_prefix,10,1000,50,3490540687,1098366017,12.827681378813612,nested_prefix_median_v1,ok,whole_grid_cosine_dual_leakage_penalty_v2,54,146,-0.0011118623951915652,0.5,1.0,0.7112883938290647,0.8159361197041094,0.24006031061384348,0.6200622413668868,0.5405362810704376,0.23448503615374502,0.07407239205894774,0.10052370897028595,
perimeter__quarter_1__b050_p01000_s050,perimeter__quarter_1__p01000_s050,games10_possessions92_source4370615271_grid20x10_trajectory142_outcome242_baseline0.10_mc100_alpha0.05_min100_profiles2b1671cb4b,games10_possessions92_source4370615271_grid20x10_trajectory142_outcome242_baseline0.10_mc100_alpha0.05_min100_profiles2b1671cb4b_plandc0cd9facf,perimeter,quarter_1,20,b050_p01000_s050,p01000_s050,full_factorial_nested_prefix,50,1000,50,3490540687,1098366017,12.827681378813612,nested_prefix_median_v1,ok,whole_grid_cosine_dual_leakage_penalty_v2,54,146,-0.007784042041748762,0.5,1.0,0.7240916899173838,0.8319513214706049,0.24248489918246124,0.6302156891590898,0.548510389488909,0.28658219713418376,0.09173659390363645,0.11160955298691988,
perimeter__quarter_1__b100_p01000_s050,perimeter__quarter_1__p01000_s050,games10_possessions92_source4370615271_grid20x10_trajectory142_outcome242_baseline0.10_mc100_alpha0.05_min100_profiles2b1671cb4b,games10_possessions92_source4370615271_grid20x10_trajectory142_outcome242_baseline0.10_mc100_alpha0.05_min100_profiles2b1671cb4b_plandc0cd9facf,perimeter,quarter_1,35,b100_p01000_s050,p01000_s050,full_factorial_nested_prefix,100,1000,50,3490540687,1098366017,12.827681378813612,nested_prefix_median_v1,ok,whole_grid_cosine_dual_leakage_penalty_v2,54,146,-0.007215162040665746,0.5,1.0,0.7310783469329714,0.8367341850645263,0.23659883717751282,0.6387638498515856,0.558106060162972,0.2885723818951282,0.08943645009066956,0.11056812526658177,
perimeter__quarter_1__b010_p01000_s100,perimeter__quarter_1__p01000_s100,games10_possessions92_source4370615271_grid20x10_trajectory142_outcome242_baseline0.10_mc100_alpha0.05_min100_profiles2b1671cb4b,games10_possessions92_source4370615271_grid20x10_trajectory142_outcome242_baseline0.10_mc100_alpha0.05_min100_profiles2b1671cb4b_plandc0cd9facf,perimeter,quarter_1,6,b010_p01000_s100,p01000_s100,full_factorial_nested_prefix,10,1000,100,1621772669,855502337,14.893091974291783,nested_prefix_median_v1,ok,whole_grid_cosine_dual_leakage_penalty_v2,54,146,-0.01666013617068529,0.5,1.0,0.7473722193431479,0.8562825748735378,0.23820224487228814,0.652314143293638,0.5693464789404259,0.3044521926202699,0.09519743954388618,0.11300334520637989,
perimeter__quarter_1__b050_p01000_s100,perimeter__quarter_1__p01000_s100,games10_possessions92_source4370615271_grid20x10_trajectory142_outcome242_baseline0.10_mc100_alpha0.05_min100_profiles2b1671cb4b,games10_possessions92_source4370615271_grid20x10_trajectory142_outcome242_baseline0.10_mc100_alpha0.05_min100_profiles2b1671cb4b_plandc0cd9facf,perimeter,quarter_1,21,b050_p01000_s100,p01000_s100,full_factorial_nested_prefix,50,1000,100,1621772669,855502337,14.893091974291783,nested_prefix_median_v1,ok,whole_grid_cosine_dual_leakage_penalty_v2,54,146,-0.011292195413261652,0.5,1.0,0.7254678129715593,0.8329231871855817,0.24137632335070944,0.631875250629171,0.5503570595672042,0.28373655095680755,0.09027833902134705,0.10763412620872259,
perimeter__quarter_1__b100_p01000_s100,perimeter__quarter_1__p01000_s100,games10_possessions92_source4370615271_grid20x10_trajectory142_outcome242_baseline0.10_mc100_alpha0.05_min100_profiles2b1671cb4b,games10_possessions92_source4370615271_grid20x10_trajectory142_outcome242_baseline0.10_mc100_alpha0.05_min100_profiles2b1671cb4b_plandc0cd9facf,perimeter,quarter_1,36,b100_p01000_s100,p01000_s100,full_factorial_nested_prefix,100,1000,100,1621772669,855502337,14.893091974291783,nested_prefix_median_v1,ok,whole_grid_cosine_dual_leakage_penalty_v2,54,146,-0.010710586328059435,0.5,1.0,0.7273087025486261,0.8336736759203108,0.2388935693118063,0.634514395838414,0.553559330605246,0.2792572460029715,0.08765234080799085,0.10914004500955343,
perimeter__quarter_1__b500_p01000_s100,perimeter__quarter_1__p01000_s100,games10_possessions92_source4370615271_grid20x10_trajectory142_outcome242_baseline0.10_mc100_alpha0.05_min100_profiles2b1671cb4b,games10_possessions92_source4370615271_grid20x10_trajectory142_outcome242_baseline0.10_mc100_alpha0.05_min100_profiles2b1671cb4b_plandc0cd9facf,perimeter,quarter_1,12,b500_p01000_s100,p01000_s100,targeted_nested_prefix,500,1000,100,1621772669,855502337,14.893091974291783,nested_prefix_median_v1,ok,whole_grid_cosine_dual_leakage_penalty_v2,54,146,-0.01054466050118208,0.5,1.0,0.7269667656611393,0.8305983304973236,0.23396783413914404,0.6362650380712759,0.5568799260082639,0.2817787423125871,0.08606317721820465,0.10717494413256645,
perimeter__quarter_1__b010_p01000_s150,perimeter__quarter_1__p01000_s150,games10_possessions92_source4370615271_grid20x10_trajectory142_outcome242_baseline0.10_mc100_alpha0.05_min100_profiles2b1671cb4b,games10_possessions92_source4370615271_grid20x10_trajectory142_outcome242_baseline0.10_mc100_alpha0.05_min100_profiles2b1671cb4b_plandc0cd9facf,perimeter,quarter_1,7,b010_p01000_s150,p01000_s150,full_factorial_nested_prefix,10,1000,150,4050652992,1333004857,17.365567602036435,nested_prefix_median_v1,ok,whole_grid_cosine_dual_leakage_penalty_v2,54,146,-0.010324252769351006,0.5,1.0,0.7250714069410806,0.8398331028456738,0.25462369842712423,0.6259916921375808,0.5404510436819843,0.21606035452366618,0.07380713129221049,0.09661795711144805,
perimeter__quarter_1__b050_p01000_s150,perimeter__quarter_1__p01000_s150,games10_possessions92_source4370615271_grid20x10_trajectory142_outcome242_baseline0.10_mc100_alpha0.05_min100_profiles2b1671cb4b,games10_possessions92_source4370615271_grid20x10_trajectory142_outcome242_baseline0.10_mc100_alpha0.05_min100_profiles2b1671cb4b_plandc0cd9facf,perimeter,quarter_1,22,b050_p01000_s150,p01000_s150,full_factorial_nested_prefix,50,1000,150,4050652992,1333004857,17.365567602036435,nested_prefix_median_v1,ok,whole_grid_cosine_dual_leakage_penalty_v2,54,146,-0.011038300581276417,0.5,1.0,0.7211487356597645,0.8317202102696654,0.2482123561896131,0.6252769771881114,0.5421507088184938,0.20853873045620788,0.0688517430014867,0.09221802512183785,
perimeter__quarter_1__b100_p01000_s150,perimeter__quarter_1__p01000_s150,games10_possessions92_source4370615271_grid20x10_trajectory142_outcome242_baseline0.10_mc100_alpha0.05_min100_profiles2b1671cb4b,games10_possessions92_source4370615271_grid20x10_trajectory142_outcome242_baseline0.10_mc100_alpha0.05_min100_profiles2b1671cb4b_plandc0cd9facf,perimeter,quarter_1,37,b100_p01000_s150,p01000_s150,full_factorial_nested_prefix,100,1000,150,4050652992,1333004857,17.365567602036435,nested_prefix_median_v1,ok,whole_grid_cosine_dual_leakage_penalty_v2,54,146,-0.010657321196049452,0.5,1.0,0.7078651599077496,0.8137531146490374,0.24331391551332235,0.6157556580626188,0.535631716195131,0.21714108557552966,0.06982214795985946,0.09268997795879841,
perimeter__quarter_1__b010_p01000_s200,perimeter__quarter_1__p01000_s200,games10_possessions92_source4370615271_grid20x10_trajectory142_outcome242_baseline0.10_mc100_alpha0.05_min100_profiles2b1671cb4b,games10_possessions92_source4370615271_grid20x10_trajectory142_outcome242_baseline0.10_mc100_alpha0.05_min100_profiles2b1671cb4b_plandc0cd9facf,perimeter,quarter_1,8,b010_p01000_s200,p01000_s200,full_factorial_nested_prefix,10,1000,200,3497043562,840899915,16.528675726687563,nested_prefix_median_v1,ok,whole_grid_cosine_dual_leakage_penalty_v2,54,146,-0.017878380604088306,0.5,1.0,0.7109253850142904,0.8122327631563955,0.23389722351509915,0.6222537750061176,0.544641911333045,0.30049523121415433,0.091743565508281,0.09405782632529736,
perimeter__quarter_1__b050_p01000_s200,perimeter__quarter_1__p01000_s200,games10_possessions92_source4370615271_grid20x10_trajectory142_outcome242_baseline0.10_mc100_alpha0.05_min100_profiles2b1671cb4b,games10_possessions92_source4370615271_grid20x10_trajectory142_outcome242_baseline0.10_mc100_alpha0.05_min100_profiles2b1671cb4b_plandc0cd9facf,perimeter,quarter_1,23,b050_p01000_s200,p01000_s200,full_factorial_nested_prefix,50,1000,200,3497043562,840899915,16.528675726687563,nested_prefix_median_v1,ok,whole_grid_cosine_dual_leakage_penalty_v2,54,146,-0.013062151614576578,0.5,1.0,0.7204889289758226,0.8231140669181394,0.2338133579279039,0.6306590029743158,0.5520289931421064,0.28543612160480225,0.08710511825923532,0.10245421715080738,
perimeter__quarter_1__b100_p01000_s200,perimeter__quarter_1__p01000_s200,games10_possessions92_source4370615271_grid20x10_trajectory142_outcome242_baseline0.10_mc100_alpha0.05_min100_profiles2b1671cb4b,games10_possessions92_source4370615271_grid20x10_trajectory142_outcome242_baseline0.10_mc100_alpha0.05_min100_profiles2b1671cb4b_plandc0cd9facf,perimeter,quarter_1,38,b100_p01000_s200,p01000_s200,full_factorial_nested_prefix,100,1000,200,3497043562,840899915,16.528675726687563,nested_prefix_median_v1,ok,whole_grid_cosine_dual_leakage_penalty_v2,54,146,-0.013068142347037792,0.5,1.0,0.7245773412771608,0.8276807539292484,0.233620667503281,0.6343174237166785,0.5553010991502378,0.291955465544143,0.08899878669672481,0.10463022068142891,
perimeter__quarter_1__b010_p01000_s250,perimeter__quarter_1__p01000_s250,games10_possessions92_source4370615271_grid20x10_trajectory142_outcome242_baseline0.10_mc100_alpha0.05_min100_profiles2b1671cb4b,games10_possessions92_source4370615271_grid20x10_trajectory142_outcome242_baseline0.10_mc100_alpha0.05_min100_profiles2b1671cb4b_plandc0cd9facf,perimeter,quarter_1,9,b010_p01000_s250,p01000_s250,full_factorial_nested_prefix,10,1000,250,1213564615,2997399597,17.99591440454035,nested_prefix_median_v1,ok,whole_grid_cosine_dual_leakage_penalty_v2,54,146,-0.014318522997200489,0.5,1.0,0.7474425656338861,0.8479310506290866,0.22297574621616925,0.6588629918752055,0.5807810018079423,0.25777581244368525,0.07397163454836043,0.09505326580256224,
perimeter__quarter_1__b050_p01000_s250,perimeter__quarter_1__p01000_s250,games10_possessions92_source4370615271_grid20x10_trajectory142_outcome242_baseline0.10_mc100_alpha0.05_min100_profiles2b1671cb4b,games10_possessions92_source4370615271_grid20x10_trajectory142_outcome242_baseline0.10_mc100_alpha0.05_min100_profiles2b1671cb4b_plandc0cd9facf,perimeter,quarter_1,24,b050_p01000_s250,p01000_s250,full_factorial_nested_prefix,50,1000,250,1213564615,2997399597,17.99591440454035,nested_prefix_median_v1,ok,whole_grid_cosine_dual_leakage_penalty_v2,54,146,-0.012724034022539854,0.5,1.0,0.708023621717836,0.8085660121241333,0.23323102760044873,0.6199833302336246,0.5428905448591936,0.25364737845475444,0.07715288549043657,0.09752689767628908,
perimeter__quarter_1__b100_p01000_s250,perimeter__quarter_1__p01000_s250,games10_possessions92_source4370615271_grid20x10_trajectory142_outcome242_baseline0.10_mc100_alpha0.05_min100_profiles2b1671cb4b,games10_possessions92_source4370615271_grid20x10_trajectory142_outcome242_baseline0.10_mc100_alpha0.05_min100_profiles2b1671cb4b_plandc0cd9facf,perimeter,quarter_1,39,b100_p01000_s250,p01000_s250,full_factorial_nested_prefix,100,1000,250,1213564615,2997399597,17.99591440454035,nested_prefix_median_v1,ok,whole_grid_cosine_dual_leakage_penalty_v2,54,146,-0.012719209305942059,0.5,1.0,0.7182971087025807,0.8240990287863028,0.24028722043171397,0.6260785637987669,0.5456994930083009,0.24222805220156654,0.07661356625747126,0.09753562789410353,
perimeter__quarter_1__b050_p02500_s150,perimeter__quarter_1__p02500_s150,games10_possessions92_source4370615271_grid20x10_trajectory142_outcome242_baseline0.10_mc100_alpha0.05_min100_profiles2b1671cb4b,games10_possessions92_source4370615271_grid20x10_trajectory142_outcome242_baseline0.10_mc100_alpha0.05_min100_profiles2b1671cb4b_plandc0cd9facf,perimeter,quarter_1,3,b050_p02500_s150,p02500_s150,full_factorial_nested_prefix,50,2500,150,4052413110,1786358503,24.68842888166075,nested_prefix_median_v1,ok,whole_grid_cosine_dual_leakage_penalty_v2,54,146,-0.012892089551314712,0.5,1.0,0.7441167426454381,0.8222263135553002,0.18097075387767222,0.6734273977331382,0.6094533747558953,0.68367091583417,0.1510622992140005,0.16356292283162474,
perimeter__quarter_1__b100_p02500_s150,perimeter__quarter_1__p02500_s150,games10_possessions92_source4370615271_grid20x10_trajectory142_outcome242_baseline0.10_mc100_alpha0.05_min100_profiles2b1671cb4b,games10_possessions92_source4370615271_grid20x10_trajectory142_outcome242_baseline0.10_mc100_alpha0.05_min100_profiles2b1671cb4b_plandc0cd9facf,perimeter,quarter_1,9,b100_p02500_s150,p02500_s150,full_factorial_nested_prefix,100,2500,150,4052413110,1786358503,24.68842888166075,nested_prefix_median_v1,ok,whole_grid_cosine_dual_leakage_penalty_v2,54,146,-0.01427705748938024,0.5,1.0,0.748174729897707,0.8277187961669246,0.18296542328899498,0.6762748762619858,0.6112846237478435,0.6937747355258652,0.15536281054797946,0.16499376958236098,
perimeter__quarter_1__b050_p02500_s200,perimeter__quarter_1__p02500_s200,games10_possessions92_source4370615271_grid20x10_trajectory142_outcome242_baseline0.10_mc100_alpha0.05_min100_profiles2b1671cb4b,games10_possessions92_source4370615271_grid20x10_trajectory142_outcome242_baseline0.10_mc100_alpha0.05_min100_profiles2b1671cb4b_plandc0cd9facf,perimeter,quarter_1,4,b050_p02500_s200,p02500_s200,full_factorial_nested_prefix,50,2500,200,1981401840,675715442,29.29516122877993,nested_prefix_median_v1,ok,whole_grid_cosine_dual_leakage_penalty_v2,54,146,-0.015175919514149427,0.5,1.0,0.7537013517538855,0.83529713171407,0.1858271647137068,0.6800762340341526,0.6136431665165727,0.5584466805668016,0.1274601150958554,0.1388478477485478,
perimeter__quarter_1__b100_p02500_s200,perimeter__quarter_1__p02500_s200,games10_possessions92_source4370615271_grid20x10_trajectory142_outcome242_baseline0.10_mc100_alpha0.05_min100_profiles2b1671cb4b,games10_possessions92_source4370615271_grid20x10_trajectory142_outcome242_baseline0.10_mc100_alpha0.05_min100_profiles2b1671cb4b_plandc0cd9facf,perimeter,quarter_1,10,b100_p02500_s200,p02500_s200,full_factorial_nested_prefix,100,2500,200,1981401840,675715442,29.29516122877993,nested_prefix_median_v1,ok,whole_grid_cosine_dual_leakage_penalty_v2,54,146,-0.014724698616191745,0.5,1.0,0.7534851487438999,0.8347878384679315,0.1853010312296804,0.6801007911418282,0.6138635736654062,0.564704641931614,0.12844051177339313,0.14208327485248445,
perimeter__quarter_1__b050_p02500_s250,perimeter__quarter_1__p02500_s250,games10_possessions92_source4370615271_grid20x10_trajectory142_outcome242_baseline0.10_mc100_alpha0.05_min100_profiles2b1671cb4b,games10_possessions92_source4370615271_grid20x10_trajectory142_outcome242_baseline0.10_mc100_alpha0.05_min100_profiles2b1671cb4b_plandc0cd9facf,perimeter,quarter_1,5,b050_p02500_s250,p02500_s250,full_factorial_nested_prefix,50,2500,250,1813759423,765271023,26.943946255029925,nested_prefix_median_v1,ok,whole_grid_cosine_dual_leakage_penalty_v2,54,146,-0.014743600971996784,0.5,1.0,0.7582877615330628,0.8327741770199817,0.17088725039973837,0.690463687705132,0.6287060509529051,0.6592860051213939,0.13588450147044667,0.15407251408323647,
perimeter__quarter_1__b100_p02500_s250,perimeter__quarter_1__p02500_s250,games10_possessions92_source4370615271_grid20x10_trajectory142_outcome242_baseline0.10_mc100_alpha0.05_min100_profiles2b1671cb4b,games10_possessions92_source4370615271_grid20x10_trajectory142_outcome242_baseline0.10_mc100_alpha0.05_min100_profiles2b1671cb4b_plandc0cd9facf,perimeter,quarter_1,11,b100_p02500_s250,p02500_s250,full_factorial_nested_prefix,100,2500,250,1813759423,765271023,26.943946255029925,nested_prefix_median_v1,ok,whole_grid_cosine_dual_leakage_penalty_v2,54,146,-0.015107505489140749,0.5,1.0,0.7595682669915219,0.8353425505498286,0.17319248137387083,0.6906675014229255,0.6280167540584094,0.6569651501539294,0.13761537234250412,0.1513171724975109,
perimeter__quarter_1__b010_p10000_s050,perimeter__quarter_1__p10000_s050,games10_possessions92_source4370615271_grid20x10_trajectory142_outcome242_baseline0.10_mc100_alpha0.05_min100_profiles2b1671cb4b,games10_possessions92_source4370615271_grid20x10_trajectory142_outcome242_baseline0.10_mc100_alpha0.05_min100_profiles2b1671cb4b_plandc0cd9facf,perimeter,quarter_1,10,b010_p10000_s050,p10000_s050,full_factorial_nested_prefix,10,10000,50,3530007450,817473275,45.81389416918286,nested_prefix_median_v1,ok,whole_grid_cosine_dual_leakage_penalty_v2,54,146,-0.0199325205758214,0.5,1.0,0.678419129939726,0.8306842433435501,0.33300246991161564,0.5540643385934864,0.4525038840345079,1.514414047716398,0.7560801886201621,0.30354922264814377,
perimeter__quarter_1__b050_p10000_s050,perimeter__quarter_1__p10000_s050,games10_possessions92_source4370615271_grid20x10_trajectory142_outcome242_baseline0.10_mc100_alpha0.05_min100_profiles2b1671cb4b,games10_possessions92_source4370615271_grid20x10_trajectory142_outcome242_baseline0.10_mc100_alpha0.05_min100_profiles2b1671cb4b_plandc0cd9facf,perimeter,quarter_1,25,b050_p10000_s050,p10000_s050,full_factorial_nested_prefix,50,10000,50,3530007450,817473275,45.81389416918286,nested_prefix_median_v1,ok,whole_grid_cosine_dual_leakage_penalty_v2,54,146,-0.024100578390061855,0.5,1.0,0.6937511388858961,0.8375349368137247,0.3138776699472706,0.5746514223471983,0.4759981478891257,1.6137084949365672,0.7382168458587858,0.30281057581305504,
perimeter__quarter_1__b100_p10000_s050,perimeter__quarter_1__p10000_s050,games10_possessions92_source4370615271_grid20x10_trajectory142_outcome242_baseline0.10_mc100_alpha0.05_min100_profiles2b1671cb4b,games10_possessions92_source4370615271_grid20x10_trajectory142_outcome242_baseline0.10_mc100_alpha0.05_min100_profiles2b1671cb4b_plandc0cd9facf,perimeter,quarter_1,40,b100_p10000_s050,p10000_s050,full_factorial_nested_prefix,100,10000,50,3530007450,817473275,45.81389416918286,nested_prefix_median_v1,ok,whole_grid_cosine_dual_leakage_penalty_v2,54,146,-0.02486248966306448,0.5,1.0,0.6950250180811104,0.8383361681186702,0.3126713152527652,0.5762124958090423,0.47771063154411275,1.6165566146036008,0.7353845315717399,0.30129513517022133,
perimeter__quarter_1__b010_p10000_s100,perimeter__quarter_1__p10000_s100,games10_possessions92_source4370615271_grid20x10_trajectory142_outcome242_baseline0.10_mc100_alpha0.05_min100_profiles2b1671cb4b,games10_possessions92_source4370615271_grid20x10_trajectory142_outcome242_baseline0.10_mc100_alpha0.05_min100_profiles2b1671cb4b_plandc0cd9facf,perimeter,quarter_1,11,b010_p10000_s100,p10000_s100,full_factorial_nested_prefix,10,10000,100,1611604615,3384092316,51.404392868548186,nested_prefix_median_v1,ok,whole_grid_cosine_dual_leakage_penalty_v2,54,146,-0.030734937638044357,0.5,1.0,0.7074085244420156,0.8240135562277938,0.26299257251666464,0.6073041112868411,0.5213653367787922,1.6930838444225629,0.6041573790532284,0.31367210671305656,
perimeter__quarter_1__b050_p10000_s100,perimeter__quarter_1__p10000_s100,games10_possessions92_source4370615271_grid20x10_trajectory142_outcome242_baseline0.10_mc100_alpha0.05_min100_profiles2b1671cb4b,games10_possessions92_source4370615271_grid20x10_trajectory142_outcome242_baseline0.10_mc100_alpha0.05_min100_profiles2b1671cb4b_plandc0cd9facf,perimeter,quarter_1,26,b050_p10000_s100,p10000_s100,full_factorial_nested_prefix,50,10000,100,1611604615,3384092316,51.404392868548186,nested_prefix_median_v1,ok,whole_grid_cosine_dual_leakage_penalty_v2,54,146,-0.030432152561843395,0.5,1.0,0.7044855057765848,0.8284254006047983,0.27683514520789687,0.5990881345344589,0.5094591584880652,1.622872635129014,0.62125278713803,0.2824337901547551,
perimeter__quarter_1__b100_p10000_s100,perimeter__quarter_1__p10000_s100,games10_possessions92_source4370615271_grid20x10_trajectory142_outcome242_baseline0.10_mc100_alpha0.05_min100_profiles2b1671cb4b,games10_possessions92_source4370615271_grid20x10_trajectory142_outcome242_baseline0.10_mc100_alpha0.05_min100_profiles2b1671cb4b_plandc0cd9facf,perimeter,quarter_1,41,b100_p10000_s100,p10000_s100,full_factorial_nested_prefix,100,10000,100,1611604615,3384092316,51.404392868548186,nested_prefix_median_v1,ok,whole_grid_cosine_dual_leakage_penalty_v2,54,146,-0.032378723844885826,0.5,1.0,0.7070559007063204,0.8300714392360762,0.27443460756185184,0.602271109561022,0.5130152920716897,1.6719367428844338,0.6323858727052568,0.3006866995245218,
perimeter__quarter_1__b010_p10000_s150,perimeter__quarter_1__p10000_s150,games10_possessions92_source4370615271_grid20x10_trajectory142_outcome242_baseline0.10_mc100_alpha0.05_min100_profiles2b1671cb4b,games10_possessions92_source4370615271_grid20x10_trajectory142_outcome242_baseline0.10_mc100_alpha0.05_min100_profiles2b1671cb4b_plandc0cd9facf,perimeter,quarter_1,12,b010_p10000_s150,p10000_s150,full_factorial_nested_prefix,10,10000,150,4030596498,286916089,55.1729737322568,nested_prefix_median_v1,ok,whole_grid_cosine_dual_leakage_penalty_v2,54,146,-0.03430645260959864,0.5,1.0,0.7147064609159537,0.8258571464197417,0.2510625394646569,0.6185153540045664,0.5352704418665969,1.6924755662189885,0.567360074809304,0.27304099295288325,
perimeter__quarter_1__b050_p10000_s150,perimeter__quarter_1__p10000_s150,games10_possessions92_source4370615271_grid20x10_trajectory142_outcome242_baseline0.10_mc100_alpha0.05_min100_profiles2b1671cb4b,games10_possessions92_source4370615271_grid20x10_trajectory142_outcome242_baseline0.10_mc100_alpha0.05_min100_profiles2b1671cb4b_plandc0cd9facf,perimeter,quarter_1,27,b050_p10000_s150,p10000_s150,full_factorial_nested_prefix,50,10000,150,4030596498,286916089,55.1729737322568,nested_prefix_median_v1,ok,whole_grid_cosine_dual_leakage_penalty_v2,54,146,-0.03237491846084595,0.5,1.0,0.7086620581601544,0.822937724561078,0.2584432035901634,0.6102550626703136,0.5255131655864455,1.6342352748419402,0.5695544857723587,0.2937481051310897,
perimeter__quarter_1__b100_p10000_s150,perimeter__quarter_1__p10000_s150,games10_possessions92_source4370615271_grid20x10_trajectory142_outcome242_baseline0.10_mc100_alpha0.05_min100_profiles2b1671cb4b,games10_possessions92_source4370615271_grid20x10_trajectory142_outcome242_baseline0.10_mc100_alpha0.05_min100_profiles2b1671cb4b_plandc0cd9facf,perimeter,quarter_1,42,b100_p10000_s150,p10000_s150,full_factorial_nested_prefix,100,10000,150,4030596498,286916089,55.1729737322568,nested_prefix_median_v1,ok,whole_grid_cosine_dual_leakage_penalty_v2,54,146,-0.032958900555968285,0.5,1.0,0.7092737322625139,0.8236870192567926,0.25851339708904014,0.6107528897705736,0.5259169702693092,1.6406945815740126,0.572015095354611,0.29442259296774864,
perimeter__quarter_1__b010_p10000_s200,perimeter__quarter_1__p10000_s200,games10_possessions92_source4370615271_grid20x10_trajectory142_outcome242_baseline0.10_mc100_alpha0.05_min100_profiles2b1671cb4b,games10_possessions92_source4370615271_grid20x10_trajectory142_outcome242_baseline0.10_mc100_alpha0.05_min100_profiles2b1671cb4b_plandc0cd9facf,perimeter,quarter_1,13,b010_p10000_s200,p10000_s200,full_factorial_nested_prefix,10,10000,200,2766936781,647490229,53.6891852901791,nested_prefix_median_v1,ok,whole_grid_cosine_dual_leakage_penalty_v2,54,146,-0.04022951424121857,0.5,1.0,0.7186152635071344,0.8394123470098805,0.26710430800811535,0.6152016929283384,0.5266700308239919,1.8408012373288074,0.6708811991251793,0.28402927964925734,
perimeter__quarter_1__b050_p10000_s200,perimeter__quarter_1__p10000_s200,games10_possessions92_source4370615271_grid20x10_trajectory142_outcome242_baseline0.10_mc100_alpha0.05_min100_profiles2b1671cb4b,games10_possessions92_source4370615271_grid20x10_trajectory142_outcome242_baseline0.10_mc100_alpha0.05_min100_profiles2b1671cb4b_plandc0cd9facf,perimeter,quarter_1,28,b050_p10000_s200,p10000_s200,full_factorial_nested_prefix,50,10000,200,2766936781,647490229,53.6891852901791,nested_prefix_median_v1,ok,whole_grid_cosine_dual_leakage_penalty_v2,54,146,-0.03871009964495897,0.5,1.0,0.7161025136280392,0.8373111731234337,0.26856350888156755,0.6124399464436626,0.5237835098491824,1.8114123543541574,0.6651011589166179,0.30775029957294464,
perimeter__quarter_1__b100_p10000_s200,perimeter__quarter_1__p10000_s200,games10_possessions92_source4370615271_grid20x10_trajectory142_outcome242_baseline0.10_mc100_alpha0.05_min100_profiles2b1671cb4b,games10_possessions92_source4370615271_grid20x10_trajectory142_outcome242_baseline0.10_mc100_alpha0.05_min100_profiles2b1671cb4b_plandc0cd9facf,perimeter,quarter_1,43,b100_p10000_s200,p10000_s200,full_factorial_nested_prefix,100,10000,200,2766936781,647490229,53.6891852901791,nested_prefix_median_v1,ok,whole_grid_cosine_dual_leakage_penalty_v2,54,146,-0.03718954510986805,0.5,1.0,0.7156709099002174,0.8364896263687244,0.26800922072561545,0.6123026934605813,0.5238645070418679,1.787811820991506,0.6545848206215847,0.29537233710289,
perimeter__quarter_1__b010_p10000_s250,perimeter__quarter_1__p10000_s250,games10_possessions92_source4370615271_grid20x10_trajectory142_outcome242_baseline0.10_mc100_alpha0.05_min100_profiles2b1671cb4b,games10_possessions92_source4370615271_grid20x10_trajectory142_outcome242_baseline0.10_mc100_alpha0.05_min100_profiles2b1671cb4b_plandc0cd9facf,perimeter,quarter_1,14,b010_p10000_s250,p10000_s250,full_factorial_nested_prefix,10,10000,250,2050262281,2603244719,58.84547793231142,nested_prefix_median_v1,ok,whole_grid_cosine_dual_leakage_penalty_v2,54,146,-0.04120999202132225,0.5,1.0,0.7230304561636142,0.8346215114584599,0.2495287923270735,0.6263594136540335,0.5426135396214145,1.7777646721859959,0.5910999211653173,0.2552670760080218,
perimeter__quarter_1__b050_p10000_s250,perimeter__quarter_1__p10000_s250,games10_possessions92_source4370615271_grid20x10_trajectory142_outcome242_baseline0.10_mc100_alpha0.05_min100_profiles2b1671cb4b,games10_possessions92_source4370615271_grid20x10_trajectory142_outcome242_baseline0.10_mc100_alpha0.05_min100_profiles2b1671cb4b_plandc0cd9facf,perimeter,quarter_1,29,b050_p10000_s250,p10000_s250,full_factorial_nested_prefix,50,10000,250,2050262281,2603244719,58.84547793231142,nested_prefix_median_v1,ok,whole_grid_cosine_dual_leakage_penalty_v2,54,146,-0.04039490036666393,0.5,1.0,0.722507424244942,0.8389254784266823,0.25828363761800693,0.622244754168212,0.5358955785049418,1.7169604526036841,0.597887297403789,0.25710849463939667,
perimeter__quarter_1__b100_p10000_s250,perimeter__quarter_1__p10000_s250,games10_possessions92_source4370615271_grid20x10_trajectory142_outcome242_baseline0.10_mc100_alpha0.05_min100_profiles2b1671cb4b,games10_possessions92_source4370615271_grid20x10_trajectory142_outcome242_baseline0.10_mc100_alpha0.05_min100_profiles2b1671cb4b_plandc0cd9facf,perimeter,quarter_1,44,b100_p10000_s250,p10000_s250,full_factorial_nested_prefix,100,10000,250,2050262281,2603244719,58.84547793231142,nested_prefix_median_v1,ok,whole_grid_cosine_dual_leakage_penalty_v2,54,146,-0.03913971036672592,0.5,1.0,0.7259761734624834,0.8397651999314173,0.2526414833495249,0.6276056741554338,0.5425644761225096,1.7167742491856774,0.580348498381243,0.25554076582193375,
perimeter__quarter_2__b010_p00100_s050,perimeter__quarter_2__p00100_s050,games10_possessions92_source4370615271_grid20x10_trajectory142_outcome242_baseline0.10_mc100_alpha0.05_min100_profiles2b1671cb4b,games10_possessions92_source4370615271_grid20x10_trajectory142_outcome242_baseline0.10_mc100_alpha0.05_min100_profiles2b1671cb4b_plandc0cd9facf,perimeter,quarter_2,0,b010_p00100_s050,p00100_s050,full_factorial_nested_prefix,10,100,50,3626200452,908434488,4.181756798198537,nested_prefix_median_v1,ok,whole_grid_cosine_dual_leakage_penalty_v2,54,146,0.010013752616941929,0.5,1.0,-0.1938489092081578,-0.23169376007679077,0.29999998732857225,0.0,0.0,0.00010209537497581691,4.37551580637294e-05,0.002204924589022994,
perimeter__quarter_2__b050_p00100_s050,perimeter__quarter_2__p00100_s050,games10_possessions92_source4370615271_grid20x10_trajectory142_outcome242_baseline0.10_mc100_alpha0.05_min100_profiles2b1671cb4b,games10_possessions92_source4370615271_grid20x10_trajectory142_outcome242_baseline0.10_mc100_alpha0.05_min100_profiles2b1671cb4b_plandc0cd9facf,perimeter,quarter_2,15,b050_p00100_s050,p00100_s050,full_factorial_nested_prefix,50,100,50,3626200452,908434488,4.181756798198537,nested_prefix_median_v1,ok,whole_grid_cosine_dual_leakage_penalty_v2,54,146,0.010013752616941929,0.5,1.0,0.6912977859733471,0.8134869829967053,0.2778471725380396,0.5874619248745706,0.49922265075884575,0.00017611502489406046,6.775998077894214e-05,0.0020035668276250362,
perimeter__quarter_2__b100_p00100_s050,perimeter__quarter_2__p00100_s050,games10_possessions92_source4370615271_grid20x10_trajectory142_outcome242_baseline0.10_mc100_alpha0.05_min100_profiles2b1671cb4b,games10_possessions92_source4370615271_grid20x10_trajectory142_outcome242_baseline0.10_mc100_alpha0.05_min100_profiles2b1671cb4b_plandc0cd9facf,perimeter,quarter_2,30,b100_p00100_s050,p00100_s050,full_factorial_nested_prefix,100,100,50,3626200452,908434488,4.181756798198537,nested_prefix_median_v1,ok,whole_grid_cosine_dual_leakage_penalty_v2,54,146,0.009786680340766907,0.5,1.0,0.7170522184287884,0.8518619809346347,0.2914620837147133,0.6035765129340828,0.508058684713276,0.0001218903940384305,5.0140475780754154e-05,0.0018380875699222088,
perimeter__quarter_2__b010_p00100_s100,perimeter__quarter_2__p00100_s100,games10_possessions92_source4370615271_grid20x10_trajectory142_outcome242_baseline0.10_mc100_alpha0.05_min100_profiles2b1671cb4b,games10_possessions92_source4370615271_grid20x10_trajectory142_outcome242_baseline0.10_mc100_alpha0.05_min100_profiles2b1671cb4b_plandc0cd9facf,perimeter,quarter_2,1,b010_p00100_s100,p00100_s100,full_factorial_nested_prefix,10,100,100,2992400680,4005295262,5.101830390650287,nested_prefix_median_v1,ok,whole_grid_cosine_dual_leakage_penalty_v2,54,146,0.006971567636355758,0.5,1.0,0.5720216912994752,0.7561717830254786,0.42775229357798167,0.43271756849737825,0.3273381008697685,2.7050844203513336e-17,2.0220370516854658e-17,1.6298145055770874e-09,
perimeter__quarter_2__b050_p00100_s100,perimeter__quarter_2__p00100_s100,games10_possessions92_source4370615271_grid20x10_trajectory142_outcome242_baseline0.10_mc100_alpha0.05_min100_profiles2b1671cb4b,games10_possessions92_source4370615271_grid20x10_trajectory142_outcome242_baseline0.10_mc100_alpha0.05_min100_profiles2b1671cb4b_plandc0cd9facf,perimeter,quarter_2,16,b050_p00100_s100,p00100_s100,full_factorial_nested_prefix,50,100,100,2992400680,4005295262,5.101830390650287,nested_prefix_median_v1,ok,whole_grid_cosine_dual_leakage_penalty_v2,54,146,0.00922746816650033,0.5,1.0,0.6110778941703596,0.7462415902952726,0.32944524448485174,0.5003958471356819,0.40976118792611715,2.7051260845253975e-06,1.329035275566973e-06,0.000504279602319002,
perimeter__quarter_2__b100_p00100_s100,perimeter__quarter_2__p00100_s100,games10_possessions92_source4370615271_grid20x10_trajectory142_outcome242_baseline0.10_mc100_alpha0.05_min100_profiles2b1671cb4b,games10_possessions92_source4370615271_grid20x10_trajectory142_outcome242_baseline0.10_mc100_alpha0.05_min100_profiles2b1671cb4b_plandc0cd9facf,perimeter,quarter_2,31,b100_p00100_s100,p00100_s100,full_factorial_nested_prefix,100,100,100,2992400680,4005295262,5.101830390650287,nested_prefix_median_v1,ok,whole_grid_cosine_dual_leakage_penalty_v2,54,146,0.009175343438982964,0.5,1.0,0.724088351168632,0.8811226120941564,0.32467873025904775,0.5950408411968903,0.4889922647158331,2.6643157683589082e-05,1.2809409379505466e-05,0.0009308350272476673,
perimeter__quarter_2__b010_p00100_s150,perimeter__quarter_2__p00100_s150,games10_possessions92_source4370615271_grid20x10_trajectory142_outcome242_baseline0.10_mc100_alpha0.05_min100_profiles2b1671cb4b,games10_possessions92_source4370615271_grid20x10_trajectory142_outcome242_baseline0.10_mc100_alpha0.05_min100_profiles2b1671cb4b_plandc0cd9facf,perimeter,quarter_2,2,b010_p00100_s150,p00100_s150,full_factorial_nested_prefix,10,100,150,4028150633,2121024933,4.9335713844198805,nested_prefix_median_v1,ok,whole_grid_cosine_dual_leakage_penalty_v2,54,146,0.004594265483319759,0.5,1.0,-0.03715164651283304,-0.04550126738393881,0.3333327136755289,0.0,0.0,2.0668299176945993e-05,1.0334120772135781e-05,0.0016073387814685702,
perimeter__quarter_2__b050_p00100_s150,perimeter__quarter_2__p00100_s150,games10_possessions92_source4370615271_grid20x10_trajectory142_outcome242_baseline0.10_mc100_alpha0.05_min100_profiles2b1671cb4b,games10_possessions92_source4370615271_grid20x10_trajectory142_outcome242_baseline0.10_mc100_alpha0.05_min100_profiles2b1671cb4b_plandc0cd9facf,perimeter,quarter_2,17,b050_p00100_s150,p00100_s150,full_factorial_nested_prefix,50,100,150,4028150633,2121024933,4.9335713844198805,nested_prefix_median_v1,ok,whole_grid_cosine_dual_leakage_penalty_v2,54,146,0.006741904187947512,0.5,1.0,0.7191676236336207,0.8817941138014724,0.33484039891328565,0.5865338209768003,0.4783612496506195,0.00023537042906702452,0.00011848513985580932,0.0033118845894932747,
perimeter__quarter_2__b100_p00100_s150,perimeter__quarter_2__p00100_s150,games10_possessions92_source4370615271_grid20x10_trajectory142_outcome242_baseline0.10_mc100_alpha0.05_min100_profiles2b1671cb4b,games10_possessions92_source4370615271_grid20x10_trajectory142_outcome242_baseline0.10_mc100_alpha0.05_min100_profiles2b1671cb4b_plandc0cd9facf,perimeter,quarter_2,32,b100_p00100_s150,p00100_s150,full_factorial_nested_prefix,100,100,150,4028150633,2121024933,4.9335713844198805,nested_prefix_median_v1,ok,whole_grid_cosine_dual_leakage_penalty_v2,54,146,0.008241649717092514,0.5,1.0,0.7552157862002448,0.8654415188421039,0.2385056835744917,0.6590287977969217,0.5750925288663082,5.554620818904008e-05,1.739748553381882e-05,0.001413668505847454,
perimeter__quarter_2__b010_p00100_s200,perimeter__quarter_2__p00100_s200,games10_possessions92_source4370615271_grid20x10_trajectory142_outcome242_baseline0.10_mc100_alpha0.05_min100_profiles2b1671cb4b,games10_possessions92_source4370615271_grid20x10_trajectory142_outcome242_baseline0.10_mc100_alpha0.05_min100_profiles2b1671cb4b_plandc0cd9facf,perimeter,quarter_2,3,b010_p00100_s200,p00100_s200,full_factorial_nested_prefix,10,100,200,2490554124,2719359196,5.68261392396661,nested_prefix_median_v1,ok,whole_grid_cosine_dual_leakage_penalty_v2,54,146,0.006955093704164028,0.5,1.0,0.5068515392527556,0.7109922066043578,0.4918032786885246,0.3613239082743458,0.257580290439925,3.3610267347050637e-18,3.2526065174565133e-18,4.773028194904288e-10,
perimeter__quarter_2__b050_p00100_s200,perimeter__quarter_2__p00100_s200,games10_possessions92_source4370615271_grid20x10_trajectory142_outcome242_baseline0.10_mc100_alpha0.05_min100_profiles2b1671cb4b,games10_possessions92_source4370615271_grid20x10_trajectory142_outcome242_baseline0.10_mc100_alpha0.05_min100_profiles2b1671cb4b_plandc0cd9facf,perimeter,quarter_2,18,b050_p00100_s200,p00100_s200,full_factorial_nested_prefix,50,100,200,2490554124,2719359196,5.68261392396661,nested_prefix_median_v1,ok,whole_grid_cosine_dual_leakage_penalty_v2,54,146,0.006226685829460621,0.5,1.0,0.6264812669393803,0.7436518301029741,0.29029661547338714,0.5277722207334905,0.4446158754893986,0.00012384677684690846,5.0658205864308106e-05,0.0020294294226914644,
perimeter__quarter_2__b100_p00100_s200,perimeter__quarter_2__p00100_s200,games10_possessions92_source4370615271_grid20x10_trajectory142_outcome242_baseline0.10_mc100_alpha0.05_min100_profiles2b1671cb4b,games10_possessions92_source4370615271_grid20x10_trajectory142_outcome242_baseline0.10_mc100_alpha0.05_min100_profiles2b1671cb4b_plandc0cd9facf,perimeter,quarter_2,33,b100_p00100_s200,p00100_s200,full_factorial_nested_prefix,100,100,200,2490554124,2719359196,5.68261392396661,nested_prefix_median_v1,ok,whole_grid_cosine_dual_leakage_penalty_v2,54,146,0.00898359902203083,0.5,1.0,0.6002674930182993,0.7855637483040991,0.4161157199304656,0.45867832362726385,0.35048675301013393,3.662368367879365e-06,2.6100532281314332e-06,0.0005269641987979412,
perimeter__quarter_2__b010_p00100_s250,perimeter__quarter_2__p00100_s250,games10_possessions92_source4370615271_grid20x10_trajectory142_outcome242_baseline0.10_mc100_alpha0.05_min100_profiles2b1671cb4b,games10_possessions92_source4370615271_grid20x10_trajectory142_outcome242_baseline0.10_mc100_alpha0.05_min100_profiles2b1671cb4b_plandc0cd9facf,perimeter,quarter_2,4,b010_p00100_s250,p00100_s250,full_factorial_nested_prefix,10,100,250,1149619297,388592634,5.413808260374228,nested_prefix_median_v1,ok,whole_grid_cosine_dual_leakage_penalty_v2,54,146,0.006145628169178963,0.5,1.0,0.6301180427548772,0.7846653217099985,0.35512593391665026,0.5060103165257264,0.40634678434381966,0.00020638960360721463,0.00011365676585019637,0.0030124366749078035,
perimeter__quarter_2__b050_p00100_s250,perimeter__quarter_2__p00100_s250,games10_possessions92_source4370615271_grid20x10_trajectory142_outcome242_baseline0.10_mc100_alpha0.05_min100_profiles2b1671cb4b,games10_possessions92_source4370615271_grid20x10_trajectory142_outcome242_baseline0.10_mc100_alpha0.05_min100_profiles2b1671cb4b_plandc0cd9facf,perimeter,quarter_2,19,b050_p00100_s250,p00100_s250,full_factorial_nested_prefix,50,100,250,1149619297,388592634,5.413808260374228,nested_prefix_median_v1,ok,whole_grid_cosine_dual_leakage_penalty_v2,54,146,0.006203267257660627,0.5,1.0,0.6484197671877154,0.7772538456026101,0.3040360683032263,0.5409406423120297,0.45127677056186905,0.00011325977667248419,4.947822096534546e-05,0.0015217598993331194,
perimeter__quarter_2__b100_p00100_s250,perimeter__quarter_2__p00100_s250,games10_possessions92_source4370615271_grid20x10_trajectory142_outcome242_baseline0.10_mc100_alpha0.05_min100_profiles2b1671cb4b,games10_possessions92_source4370615271_grid20x10_trajectory142_outcome242_baseline0.10_mc100_alpha0.05_min100_profiles2b1671cb4b_plandc0cd9facf,perimeter,quarter_2,34,b100_p00100_s250,p00100_s250,full_factorial_nested_prefix,100,100,250,1149619297,388592634,5.413808260374228,nested_prefix_median_v1,ok,whole_grid_cosine_dual_leakage_penalty_v2,54,146,0.006832498358562589,0.5,1.0,0.6834262080569907,0.8009629932853185,0.27195477742997903,0.58313728071676,0.4975651857550372,5.5087450116034285e-05,2.0577423999304284e-05,0.001086259027943015,
perimeter__quarter_2__b010_p01000_s050,perimeter__quarter_2__p01000_s050,games10_possessions92_source4370615271_grid20x10_trajectory142_outcome242_baseline0.10_mc100_alpha0.05_min100_profiles2b1671cb4b,games10_possessions92_source4370615271_grid20x10_trajectory142_outcome242_baseline0.10_mc100_alpha0.05_min100_profiles2b1671cb4b_plandc0cd9facf,perimeter,quarter_2,5,b010_p01000_s050,p01000_s050,full_factorial_nested_prefix,10,1000,50,3687190213,2022604731,12.932702897716592,nested_prefix_median_v1,ok,whole_grid_cosine_dual_leakage_penalty_v2,54,146,-0.014657181687653065,0.5,1.0,0.8293557680853423,0.9481908083830488,0.23494922941918192,0.7254141086111003,0.6344992694593373,0.2820027180236491,0.08660382270247259,0.12466536648571491,
perimeter__quarter_2__b050_p01000_s050,perimeter__quarter_2__p01000_s050,games10_possessions92_source4370615271_grid20x10_trajectory142_outcome242_baseline0.10_mc100_alpha0.05_min100_profiles2b1671cb4b,games10_possessions92_source4370615271_grid20x10_trajectory142_outcome242_baseline0.10_mc100_alpha0.05_min100_profiles2b1671cb4b_plandc0cd9facf,perimeter,quarter_2,20,b050_p01000_s050,p01000_s050,full_factorial_nested_prefix,50,1000,50,3687190213,2022604731,12.932702897716592,nested_prefix_median_v1,ok,whole_grid_cosine_dual_leakage_penalty_v2,54,146,-0.020185526926070452,0.5,1.0,0.824835947210455,0.965474477510814,0.270116469399368,0.7046839203503935,0.6020341733162833,0.2998848433017303,0.1109818645070493,0.12556134536862373,
perimeter__quarter_2__b100_p01000_s050,perimeter__quarter_2__p01000_s050,games10_possessions92_source4370615271_grid20x10_trajectory142_outcome242_baseline0.10_mc100_alpha0.05_min100_profiles2b1671cb4b,games10_possessions92_source4370615271_grid20x10_trajectory142_outcome242_baseline0.10_mc100_alpha0.05_min100_profiles2b1671cb4b_plandc0cd9facf,perimeter,quarter_2,35,b100_p01000_s050,p01000_s050,full_factorial_nested_prefix,100,1000,50,3687190213,2022604731,12.932702897716592,nested_prefix_median_v1,ok,whole_grid_cosine_dual_leakage_penalty_v2,54,146,-0.01699653174728155,0.5,1.0,0.8324904012424793,0.9614220312105924,0.25022608039010014,0.7208491647400773,0.6241795911771919,0.2885998685355817,0.09631598541374936,0.12497791461646557,
perimeter__quarter_2__b010_p01000_s100,perimeter__quarter_2__p01000_s100,games10_possessions92_source4370615271_grid20x10_trajectory142_outcome242_baseline0.10_mc100_alpha0.05_min100_profiles2b1671cb4b,games10_possessions92_source4370615271_grid20x10_trajectory142_outcome242_baseline0.10_mc100_alpha0.05_min100_profiles2b1671cb4b_plandc0cd9facf,perimeter,quarter_2,6,b010_p01000_s100,p01000_s100,full_factorial_nested_prefix,10,1000,100,2261497806,2195547163,15.019094601563255,nested_prefix_median_v1,ok,whole_grid_cosine_dual_leakage_penalty_v2,54,146,-0.024722143076360226,0.5,1.0,0.816770955593919,0.9571085715151226,0.27175391194590043,0.6970105730489354,0.5948102532474802,0.2969112545580657,0.11079605678695442,0.0920253461226821,
perimeter__quarter_2__b050_p01000_s100,perimeter__quarter_2__p01000_s100,games10_possessions92_source4370615271_grid20x10_trajectory142_outcome242_baseline0.10_mc100_alpha0.05_min100_profiles2b1671cb4b,games10_possessions92_source4370615271_grid20x10_trajectory142_outcome242_baseline0.10_mc100_alpha0.05_min100_profiles2b1671cb4b_plandc0cd9facf,perimeter,quarter_2,21,b050_p01000_s100,p01000_s100,full_factorial_nested_prefix,50,1000,100,2261497806,2195547163,15.019094601563255,nested_prefix_median_v1,ok,whole_grid_cosine_dual_leakage_penalty_v2,54,146,-0.01784630212932825,0.5,1.0,0.829395314222325,0.9636422599270064,0.2592161937897588,0.7138505811337663,0.6144026177225529,0.2662637318513898,0.09317140916979733,0.11386714172549546,
perimeter__quarter_2__b100_p01000_s100,perimeter__quarter_2__p01000_s100,games10_possessions92_source4370615271_grid20x10_trajectory142_outcome242_baseline0.10_mc100_alpha0.05_min100_profiles2b1671cb4b,games10_possessions92_source4370615271_grid20x10_trajectory142_outcome242_baseline0.10_mc100_alpha0.05_min100_profiles2b1671cb4b_plandc0cd9facf,perimeter,quarter_2,36,b100_p01000_s100,p01000_s100,full_factorial_nested_prefix,100,1000,100,2261497806,2195547163,15.019094601563255,nested_prefix_median_v1,ok,whole_grid_cosine_dual_leakage_penalty_v2,54,146,-0.0162125239148736,0.5,1.0,0.8362364656412604,0.9598316754361956,0.2409540843950634,0.7285563129080875,0.6347418737249066,0.26820013383043173,0.08513835112364954,0.11771431565284729,
perimeter__quarter_2__b500_p01000_s100,perimeter__quarter_2__p01000_s100,games10_possessions92_source4370615271_grid20x10_trajectory142_outcome242_baseline0.10_mc100_alpha0.05_min100_profiles2b1671cb4b,games10_possessions92_source4370615271_grid20x10_trajectory142_outcome242_baseline0.10_mc100_alpha0.05_min100_profiles2b1671cb4b_plandc0cd9facf,perimeter,quarter_2,12,b500_p01000_s100,p01000_s100,targeted_nested_prefix,500,1000,100,2261497806,2195547163,15.019094601563255,nested_prefix_median_v1,ok,whole_grid_cosine_dual_leakage_penalty_v2,54,146,-0.016568818129599094,0.5,1.0,0.8422087647620063,0.9602376559259006,0.23072424051363605,0.7386875520498031,0.6478907871583649,0.2768880521012281,0.08304536408505973,0.12056004256010056,
perimeter__quarter_2__b010_p01000_s150,perimeter__quarter_2__p01000_s150,games10_possessions92_source4370615271_grid20x10_trajectory142_outcome242_baseline0.10_mc100_alpha0.05_min100_profiles2b1671cb4b,games10_possessions92_source4370615271_grid20x10_trajectory142_outcome242_baseline0.10_mc100_alpha0.05_min100_profiles2b1671cb4b_plandc0cd9facf,perimeter,quarter_2,7,b010_p01000_s150,p01000_s150,full_factorial_nested_prefix,10,1000,150,4158371063,2149130896,15.611804678174073,nested_prefix_median_v1,ok,whole_grid_cosine_dual_leakage_penalty_v2,54,146,-0.02431994490325451,0.5,1.0,0.8424859810260772,0.9706645038526127,0.2466668661851532,0.7312337325701221,0.6346726042814503,0.36087718605319125,0.11816345327953609,0.1270059011876583,
perimeter__quarter_2__b050_p01000_s150,perimeter__quarter_2__p01000_s150,games10_possessions92_source4370615271_grid20x10_trajectory142_outcome242_baseline0.10_mc100_alpha0.05_min100_profiles2b1671cb4b,games10_possessions92_source4370615271_grid20x10_trajectory142_outcome242_baseline0.10_mc100_alpha0.05_min100_profiles2b1671cb4b_plandc0cd9facf,perimeter,quarter_2,22,b050_p01000_s150,p01000_s150,full_factorial_nested_prefix,50,1000,150,4158371063,2149130896,15.611804678174073,nested_prefix_median_v1,ok,whole_grid_cosine_dual_leakage_penalty_v2,54,146,-0.01663258485496044,0.5,1.0,0.8519681726823894,0.9545765118732832,0.20342760143121152,0.7603893016803287,0.6786543308178787,0.3113591295862087,0.07951448108073321,0.1256578303873539,
perimeter__quarter_2__b100_p01000_s150,perimeter__quarter_2__p01000_s150,games10_possessions92_source4370615271_grid20x10_trajectory142_outcome242_baseline0.10_mc100_alpha0.05_min100_profiles2b1671cb4b,games10_possessions92_source4370615271_grid20x10_trajectory142_outcome242_baseline0.10_mc100_alpha0.05_min100_profiles2b1671cb4b_plandc0cd9facf,perimeter,quarter_2,37,b100_p01000_s150,p01000_s150,full_factorial_nested_prefix,100,1000,150,4158371063,2149130896,15.611804678174073,nested_prefix_median_v1,ok,whole_grid_cosine_dual_leakage_penalty_v2,54,146,-0.01677017379552126,0.5,1.0,0.8570514741642297,0.959200687507623,0.20164720556207202,0.7657805492984925,0.6842294393761583,0.3079869219520338,0.07779105001444352,0.12636762484908104,
perimeter__quarter_2__b010_p01000_s200,perimeter__quarter_2__p01000_s200,games10_possessions92_source4370615271_grid20x10_trajectory142_outcome242_baseline0.10_mc100_alpha0.05_min100_profiles2b1671cb4b,games10_possessions92_source4370615271_grid20x10_trajectory142_outcome242_baseline0.10_mc100_alpha0.05_min100_profiles2b1671cb4b_plandc0cd9facf,perimeter,quarter_2,8,b010_p01000_s200,p01000_s200,full_factorial_nested_prefix,10,1000,200,3531618443,774391455,16.51299781240743,nested_prefix_median_v1,ok,whole_grid_cosine_dual_leakage_penalty_v2,54,146,-0.011234425473958254,0.5,1.0,0.8227187708206433,0.9426299699741532,0.23823620976343712,0.7180613787180881,0.6267173691590993,0.26228427123680276,0.08202754116288004,0.12158461473882198,
perimeter__quarter_2__b050_p01000_s200,perimeter__quarter_2__p01000_s200,games10_possessions92_source4370615271_grid20x10_trajectory142_outcome242_baseline0.10_mc100_alpha0.05_min100_profiles2b1671cb4b,games10_possessions92_source4370615271_grid20x10_trajectory142_outcome242_baseline0.10_mc100_alpha0.05_min100_profiles2b1671cb4b_plandc0cd9facf,perimeter,quarter_2,23,b050_p01000_s200,p01000_s200,full_factorial_nested_prefix,50,1000,200,3531618443,774391455,16.51299781240743,nested_prefix_median_v1,ok,whole_grid_cosine_dual_leakage_penalty_v2,54,146,-0.01335868425667286,0.5,1.0,0.8586374026160817,0.9594149950401307,0.19904779491650218,0.7684455558675659,0.6877275209925178,0.24281900259434133,0.06034390906657093,0.11071322578936815,
perimeter__quarter_2__b100_p01000_s200,perimeter__quarter_2__p01000_s200,games10_possessions92_source4370615271_grid20x10_trajectory142_outcome242_baseline0.10_mc100_alpha0.05_min100_profiles2b1671cb4b,games10_possessions92_source4370615271_grid20x10_trajectory142_outcome242_baseline0.10_mc100_alpha0.05_min100_profiles2b1671cb4b_plandc0cd9facf,perimeter,quarter_2,38,b100_p01000_s200,p01000_s200,full_factorial_nested_prefix,100,1000,200,3531618443,774391455,16.51299781240743,nested_prefix_median_v1,ok,whole_grid_cosine_dual_leakage_penalty_v2,54,146,-0.015050239861011505,0.5,1.0,0.8590822266125319,0.9586516573206887,0.19694033488718157,0.7698544788878008,0.6898942852078342,0.26909215401870035,0.06599148385881246,0.11224237554706633,
perimeter__quarter_2__b010_p01000_s250,perimeter__quarter_2__p01000_s250,games10_possessions92_source4370615271_grid20x10_trajectory142_outcome242_baseline0.10_mc100_alpha0.05_min100_profiles2b1671cb4b,games10_possessions92_source4370615271_grid20x10_trajectory142_outcome242_baseline0.10_mc100_alpha0.05_min100_profiles2b1671cb4b_plandc0cd9facf,perimeter,quarter_2,9,b010_p01000_s250,p01000_s250,full_factorial_nested_prefix,10,1000,250,2896701537,1732579090,17.801382175982145,nested_prefix_median_v1,ok,whole_grid_cosine_dual_leakage_penalty_v2,54,146,-0.01778412237763405,0.5,1.0,0.8385085041822775,0.9557269541738277,0.23025429523818663,0.7356667179003944,0.6454383195005612,0.27185336115509523,0.0813195886559288,0.10017583537846794,
perimeter__quarter_2__b050_p01000_s250,perimeter__quarter_2__p01000_s250,games10_possessions92_source4370615271_grid20x10_trajectory142_outcome242_baseline0.10_mc100_alpha0.05_min100_profiles2b1671cb4b,games10_possessions92_source4370615271_grid20x10_trajectory142_outcome242_baseline0.10_mc100_alpha0.05_min100_profiles2b1671cb4b_plandc0cd9facf,perimeter,quarter_2,24,b050_p01000_s250,p01000_s250,full_factorial_nested_prefix,50,1000,250,2896701537,1732579090,17.801382175982145,nested_prefix_median_v1,ok,whole_grid_cosine_dual_leakage_penalty_v2,54,146,-0.014735938981175423,0.5,1.0,0.8566983460601746,0.954533737230658,0.1944856320603935,0.7688906400223838,0.6900828267415678,0.22866788549505915,0.05521021103096524,0.10456998832523823,
perimeter__quarter_2__b100_p01000_s250,perimeter__quarter_2__p01000_s250,games10_possessions92_source4370615271_grid20x10_trajectory142_outcome242_baseline0.10_mc100_alpha0.05_min100_profiles2b1671cb4b,games10_possessions92_source4370615271_grid20x10_trajectory142_outcome242_baseline0.10_mc100_alpha0.05_min100_profiles2b1671cb4b_plandc0cd9facf,perimeter,quarter_2,39,b100_p01000_s250,p01000_s250,full_factorial_nested_prefix,100,1000,250,2896701537,1732579090,17.801382175982145,nested_prefix_median_v1,ok,whole_grid_cosine_dual_leakage_penalty_v2,54,146,-0.014405382797122002,0.5,1.0,0.8477041784625975,0.9566460031496062,0.21478945200596516,0.7511685323694054,0.6656262625074493,0.2104016908967812,0.057554071330676304,0.09967163298279047,
perimeter__quarter_2__b050_p02500_s150,perimeter__quarter_2__p02500_s150,games10_possessions92_source4370615271_grid20x10_trajectory142_outcome242_baseline0.10_mc100_alpha0.05_min100_profiles2b1671cb4b,games10_possessions92_source4370615271_grid20x10_trajectory142_outcome242_baseline0.10_mc100_alpha0.05_min100_profiles2b1671cb4b_plandc0cd9facf,perimeter,quarter_2,3,b050_p02500_s150,p02500_s150,full_factorial_nested_prefix,50,2500,150,839507654,2017369735,27.68117858763754,nested_prefix_median_v1,ok,whole_grid_cosine_dual_leakage_penalty_v2,54,146,-0.03357703611254692,0.5,1.0,0.8488559103990693,0.9594114597684302,0.2171867814139003,0.7510399727697132,0.6644956273353292,0.9178353260883934,0.2546478465209906,0.21578142419457436,
perimeter__quarter_2__b100_p02500_s150,perimeter__quarter_2__p02500_s150,games10_possessions92_source4370615271_grid20x10_trajectory142_outcome242_baseline0.10_mc100_alpha0.05_min100_profiles2b1671cb4b,games10_possessions92_source4370615271_grid20x10_trajectory142_outcome242_baseline0.10_mc100_alpha0.05_min100_profiles2b1671cb4b_plandc0cd9facf,perimeter,quarter_2,9,b100_p02500_s150,p02500_s150,full_factorial_nested_prefix,100,2500,150,839507654,2017369735,27.68117858763754,nested_prefix_median_v1,ok,whole_grid_cosine_dual_leakage_penalty_v2,54,146,-0.034946126863360405,0.5,1.0,0.85233704044101,0.9613498941541924,0.21393264833244566,0.7556857653236698,0.6699943201076259,0.9234348894492721,0.2513179958986663,0.21579888463020325,
perimeter__quarter_2__b050_p02500_s200,perimeter__quarter_2__p02500_s200,games10_possessions92_source4370615271_grid20x10_trajectory142_outcome242_baseline0.10_mc100_alpha0.05_min100_profiles2b1671cb4b,games10_possessions92_source4370615271_grid20x10_trajectory142_outcome242_baseline0.10_mc100_alpha0.05_min100_profiles2b1671cb4b_plandc0cd9facf,perimeter,quarter_2,4,b050_p02500_s200,p02500_s200,full_factorial_nested_prefix,50,2500,200,3001684622,3851595572,26.1632633659514,nested_prefix_median_v1,ok,whole_grid_cosine_dual_leakage_penalty_v2,54,146,-0.04035942070186138,0.5,1.0,0.8611898635301303,0.9616521119720003,0.19802313654135265,0.7712227444976886,0.6906543455962745,1.1238999710223254,0.277511992628765,0.23483379203826188,
perimeter__quarter_2__b100_p02500_s200,perimeter__quarter_2__p02500_s200,games10_possessions92_source4370615271_grid20x10_trajectory142_outcome242_baseline0.10_mc100_alpha0.05_min100_profiles2b1671cb4b,games10_possessions92_source4370615271_grid20x10_trajectory142_outcome242_baseline0.10_mc100_alpha0.05_min100_profiles2b1671cb4b_plandc0cd9facf,perimeter,quarter_2,10,b100_p02500_s200,p02500_s200,full_factorial_nested_prefix,100,2500,200,3001684622,3851595572,26.1632633659514,nested_prefix_median_v1,ok,whole_grid_cosine_dual_leakage_penalty_v2,54,146,-0.03925060294568539,0.5,1.0,0.8596764555891471,0.9592986180273805,0.19691331094102968,0.7703999509704547,0.690394718381039,1.1346073286554725,0.2782007082763397,0.23526962865144013,
perimeter__quarter_2__b050_p02500_s250,perimeter__quarter_2__p02500_s250,games10_possessions92_source4370615271_grid20x10_trajectory142_outcome242_baseline0.10_mc100_alpha0.05_min100_profiles2b1671cb4b,games10_possessions92_source4370615271_grid20x10_trajectory142_outcome242_baseline0.10_mc100_alpha0.05_min100_profiles2b1671cb4b_plandc0cd9facf,perimeter,quarter_2,5,b050_p02500_s250,p02500_s250,full_factorial_nested_prefix,50,2500,250,1780359904,2110773033,27.03384392041244,nested_prefix_median_v1,ok,whole_grid_cosine_dual_leakage_penalty_v2,54,146,-0.04155614785850048,0.5,1.0,0.8592291229701734,0.9602696270634721,0.1993704920793412,0.768820198986982,0.6879241899147092,1.1475592335771008,0.2857619495972049,0.22852973267436028,
perimeter__quarter_2__b100_p02500_s250,perimeter__quarter_2__p02500_s250,games10_possessions92_source4370615271_grid20x10_trajectory142_outcome242_baseline0.10_mc100_alpha0.05_min100_profiles2b1671cb4b,games10_possessions92_source4370615271_grid20x10_trajectory142_outcome242_baseline0.10_mc100_alpha0.05_min100_profiles2b1671cb4b_plandc0cd9facf,perimeter,quarter_2,11,b100_p02500_s250,p02500_s250,full_factorial_nested_prefix,100,2500,250,1780359904,2110773033,27.03384392041244,nested_prefix_median_v1,ok,whole_grid_cosine_dual_leakage_penalty_v2,54,146,-0.040230391547083855,0.5,1.0,0.8573373128078525,0.9597258168905772,0.2019885998966024,0.7658721428522263,0.6841649493546789,1.1215929700218241,0.28389192640509453,0.2304530069231987,
perimeter__quarter_2__b010_p10000_s050,perimeter__quarter_2__p10000_s050,games10_possessions92_source4370615271_grid20x10_trajectory142_outcome242_baseline0.10_mc100_alpha0.05_min100_profiles2b1671cb4b,games10_possessions92_source4370615271_grid20x10_trajectory142_outcome242_baseline0.10_mc100_alpha0.05_min100_profiles2b1671cb4b_plandc0cd9facf,perimeter,quarter_2,10,b010_p10000_s050,p10000_s050,full_factorial_nested_prefix,10,10000,50,3230771700,1376890349,40.437331672342864,nested_prefix_median_v1,ok,whole_grid_cosine_dual_leakage_penalty_v2,54,146,-0.0791841484606266,0.5,1.0,0.8099314323029625,0.9215368411943013,0.2275487095214752,0.7118423222040414,0.6256325800815433,3.735245220975625,1.1003285776799292,0.4412529617547989,
perimeter__quarter_2__b050_p10000_s050,perimeter__quarter_2__p10000_s050,games10_possessions92_source4370615271_grid20x10_trajectory142_outcome242_baseline0.10_mc100_alpha0.05_min100_profiles2b1671cb4b,games10_possessions92_source4370615271_grid20x10_trajectory142_outcome242_baseline0.10_mc100_alpha0.05_min100_profiles2b1671cb4b_plandc0cd9facf,perimeter,quarter_2,25,b050_p10000_s050,p10000_s050,full_factorial_nested_prefix,50,10000,50,3230771700,1376890349,40.437331672342864,nested_prefix_median_v1,ok,whole_grid_cosine_dual_leakage_penalty_v2,54,146,-0.08220862224698067,0.5,1.0,0.8118906268838021,0.9219460923590175,0.2244960765398244,0.7149728118431955,0.6296243665689301,3.8766697907328753,1.1222343713966842,0.45499533973634243,
perimeter__quarter_2__b100_p10000_s050,perimeter__quarter_2__p10000_s050,games10_possessions92_source4370615271_grid20x10_trajectory142_outcome242_baseline0.10_mc100_alpha0.05_min100_profiles2b1671cb4b,games10_possessions92_source4370615271_grid20x10_trajectory142_outcome242_baseline0.10_mc100_alpha0.05_min100_profiles2b1671cb4b_plandc0cd9facf,perimeter,quarter_2,40,b100_p10000_s050,p10000_s050,full_factorial_nested_prefix,100,10000,50,3230771700,1376890349,40.437331672342864,nested_prefix_median_v1,ok,whole_grid_cosine_dual_leakage_penalty_v2,54,146,-0.08216213434934616,0.5,1.0,0.8102248074123878,0.9224796215682101,0.2285682476755933,0.71163007094992,0.6250331429588433,3.844361536228136,1.1390495362933954,0.4538561478257179,
perimeter__quarter_2__b010_p10000_s100,perimeter__quarter_2__p10000_s100,games10_possessions92_source4370615271_grid20x10_trajectory142_outcome242_baseline0.10_mc100_alpha0.05_min100_profiles2b1671cb4b,games10_possessions92_source4370615271_grid20x10_trajectory142_outcome242_baseline0.10_mc100_alpha0.05_min100_profiles2b1671cb4b_plandc0cd9facf,perimeter,quarter_2,11,b010_p10000_s100,p10000_s100,full_factorial_nested_prefix,10,10000,100,1661703445,590125452,46.09613288201755,nested_prefix_median_v1,ok,whole_grid_cosine_dual_leakage_penalty_v2,54,146,-0.06885354593396187,0.5,1.0,0.8420645755129704,0.9344533183108387,0.18796345637526082,0.7588102427798018,0.6837872074083857,3.4489091505478684,0.7983247672174002,0.44765394926071167,
perimeter__quarter_2__b050_p10000_s100,perimeter__quarter_2__p10000_s100,games10_possessions92_source4370615271_grid20x10_trajectory142_outcome242_baseline0.10_mc100_alpha0.05_min100_profiles2b1671cb4b,games10_possessions92_source4370615271_grid20x10_trajectory142_outcome242_baseline0.10_mc100_alpha0.05_min100_profiles2b1671cb4b_plandc0cd9facf,perimeter,quarter_2,26,b050_p10000_s100,p10000_s100,full_factorial_nested_prefix,50,10000,100,1661703445,590125452,46.09613288201755,nested_prefix_median_v1,ok,whole_grid_cosine_dual_leakage_penalty_v2,54,146,-0.0712788738310337,0.5,1.0,0.841019197217241,0.93883350651657,0.19751918879139838,0.7533958738992331,0.6749017676248985,3.4582846529421576,0.8512073680990665,0.45058175921440125,
perimeter__quarter_2__b100_p10000_s100,perimeter__quarter_2__p10000_s100,games10_possessions92_source4370615271_grid20x10_trajectory142_outcome242_baseline0.10_mc100_alpha0.05_min100_profiles2b1671cb4b,games10_possessions92_source4370615271_grid20x10_trajectory142_outcome242_baseline0.10_mc100_alpha0.05_min100_profiles2b1671cb4b_plandc0cd9facf,perimeter,quarter_2,41,b100_p10000_s100,p10000_s100,full_factorial_nested_prefix,100,10000,100,1661703445,590125452,46.09613288201755,nested_prefix_median_v1,ok,whole_grid_cosine_dual_leakage_penalty_v2,54,146,-0.07145050168037415,0.5,1.0,0.8384173603530566,0.937106713293411,0.19953485437837282,0.7501212617194146,0.6711238744467097,3.470770923577552,0.8651716750001941,0.4506770595908165,
perimeter__quarter_2__b010_p10000_s150,perimeter__quarter_2__p10000_s150,games10_possessions92_source4370615271_grid20x10_trajectory142_outcome242_baseline0.10_mc100_alpha0.05_min100_profiles2b1671cb4b,games10_possessions92_source4370615271_grid20x10_trajectory142_outcome242_baseline0.10_mc100_alpha0.05_min100_profiles2b1671cb4b_plandc0cd9facf,perimeter,quarter_2,12,b010_p10000_s150,p10000_s150,full_factorial_nested_prefix,10,10000,150,3875731359,4044916860,52.577034624942975,nested_prefix_median_v1,ok,whole_grid_cosine_dual_leakage_penalty_v2,54,146,-0.06717368587851524,0.5,1.0,0.8612725369632086,0.9466187122606273,0.1721893140022819,0.7836210855747465,0.7129706096545088,3.0896192131264755,0.6426583056189061,0.41644753590226163,
perimeter__quarter_2__b050_p10000_s150,perimeter__quarter_2__p10000_s150,games10_possessions92_source4370615271_grid20x10_trajectory142_outcome242_baseline0.10_mc100_alpha0.05_min100_profiles2b1671cb4b,games10_possessions92_source4370615271_grid20x10_trajectory142_outcome242_baseline0.10_mc100_alpha0.05_min100_profiles2b1671cb4b_plandc0cd9facf,perimeter,quarter_2,27,b050_p10000_s150,p10000_s150,full_factorial_nested_prefix,50,10000,150,3875731359,4044916860,52.577034624942975,nested_prefix_median_v1,ok,whole_grid_cosine_dual_leakage_penalty_v2,54,146,-0.0671736840158701,0.5,1.0,0.8599195274321686,0.9461324097454324,0.1739396377273417,0.7815624811522149,0.7103454363559504,3.138203636399084,0.6607967511334374,0.4203827202320098,
perimeter__quarter_2__b100_p10000_s150,perimeter__quarter_2__p10000_s150,games10_possessions92_source4370615271_grid20x10_trajectory142_outcome242_baseline0.10_mc100_alpha0.05_min100_profiles2b1671cb4b,games10_possessions92_source4370615271_grid20x10_trajectory142_outcome242_baseline0.10_mc100_alpha0.05_min100_profiles2b1671cb4b_plandc0cd9facf,perimeter,quarter_2,42,b100_p10000_s150,p10000_s150,full_factorial_nested_prefix,100,10000,150,3875731359,4044916860,52.577034624942975,nested_prefix_median_v1,ok,whole_grid_cosine_dual_leakage_penalty_v2,54,146,-0.06665608659386635,0.5,1.0,0.8592499031290242,0.9458309063088575,0.1746997407212216,0.7805944922105821,0.7091391678376489,3.1087213817857298,0.6580548270360269,0.4167388007044791,
perimeter__quarter_2__b010_p10000_s200,perimeter__quarter_2__p10000_s200,games10_possessions92_source4370615271_grid20x10_trajectory142_outcome242_baseline0.10_mc100_alpha0.05_min100_profiles2b1671cb4b,games10_possessions92_source4370615271_grid20x10_trajectory142_outcome242_baseline0.10_mc100_alpha0.05_min100_profiles2b1671cb4b_plandc0cd9facf,perimeter,quarter_2,13,b010_p10000_s200,p10000_s200,full_factorial_nested_prefix,10,10000,200,2072398969,1180887687,51.17718829683871,nested_prefix_median_v1,ok,whole_grid_cosine_dual_leakage_penalty_v2,54,146,-0.07095524668693542,0.5,1.0,0.8523348621709246,0.9375464797219734,0.17351516414427318,0.7748679484001296,0.7044418386554502,3.3093614901437327,0.6947791142235358,0.4233333654701707,
perimeter__quarter_2__b050_p10000_s200,perimeter__quarter_2__p10000_s200,games10_possessions92_source4370615271_grid20x10_trajectory142_outcome242_baseline0.10_mc100_alpha0.05_min100_profiles2b1671cb4b,games10_possessions92_source4370615271_grid20x10_trajectory142_outcome242_baseline0.10_mc100_alpha0.05_min100_profiles2b1671cb4b_plandc0cd9facf,perimeter,quarter_2,28,b050_p10000_s200,p10000_s200,full_factorial_nested_prefix,50,10000,200,2072398969,1180887687,51.17718829683871,nested_prefix_median_v1,ok,whole_grid_cosine_dual_leakage_penalty_v2,54,146,-0.06862268969416618,0.5,1.0,0.8612081689862727,0.9410016385230657,0.16240221142430403,0.7881808914730264,0.7213460578462263,3.2899720569593214,0.6378941597767531,0.4239516161382197,
perimeter__quarter_2__b100_p10000_s200,perimeter__quarter_2__p10000_s200,games10_possessions92_source4370615271_grid20x10_trajectory142_outcome242_baseline0.10_mc100_alpha0.05_min100_profiles2b1671cb4b,games10_possessions92_source4370615271_grid20x10_trajectory142_outcome242_baseline0.10_mc100_alpha0.05_min100_profiles2b1671cb4b_plandc0cd9facf,perimeter,quarter_2,43,b100_p10000_s200,p10000_s200,full_factorial_nested_prefix,100,10000,200,2072398969,1180887687,51.17718829683871,nested_prefix_median_v1,ok,whole_grid_cosine_dual_leakage_penalty_v2,54,146,-0.06676003709435463,0.5,1.0,0.8610736112552274,0.9414323988578247,0.16343001358650872,0.7875740891217109,0.7203483392688014,3.2416728060440363,0.6332842910203751,0.4239095993340014,
perimeter__quarter_2__b010_p10000_s250,perimeter__quarter_2__p10000_s250,games10_possessions92_source4370615271_grid20x10_trajectory142_outcome242_baseline0.10_mc100_alpha0.05_min100_profiles2b1671cb4b,games10_possessions92_source4370615271_grid20x10_trajectory142_outcome242_baseline0.10_mc100_alpha0.05_min100_profiles2b1671cb4b_plandc0cd9facf,perimeter,quarter_2,14,b010_p10000_s250,p10000_s250,full_factorial_nested_prefix,10,10000,250,4027075343,1602171459,52.23783020073127,nested_prefix_median_v1,ok,whole_grid_cosine_dual_leakage_penalty_v2,54,146,-0.06132047809660435,0.5,1.0,0.8552432516086839,0.9315539648575857,0.15712480177138433,0.7851837327899903,0.7208633252333553,3.13910856495267,0.585177748786081,0.41877228394150706,
perimeter__quarter_2__b050_p10000_s250,perimeter__quarter_2__p10000_s250,games10_possessions92_source4370615271_grid20x10_trajectory142_outcome242_baseline0.10_mc100_alpha0.05_min100_profiles2b1671cb4b,games10_possessions92_source4370615271_grid20x10_trajectory142_outcome242_baseline0.10_mc100_alpha0.05_min100_profiles2b1671cb4b_plandc0cd9facf,perimeter,quarter_2,29,b050_p10000_s250,p10000_s250,full_factorial_nested_prefix,50,10000,250,4027075343,1602171459,52.23783020073127,nested_prefix_median_v1,ok,whole_grid_cosine_dual_leakage_penalty_v2,54,146,-0.06693849712610245,0.5,1.0,0.8615884639080418,0.9393600355680372,0.15872963236110485,0.7902557624676084,0.7248288437853493,3.240723851902434,0.6114549203011228,0.4192579962313174,
perimeter__quarter_2__b100_p10000_s250,perimeter__quarter_2__p10000_s250,games10_possessions92_source4370615271_grid20x10_trajectory142_outcome242_baseline0.10_mc100_alpha0.05_min100_profiles2b1671cb4b,games10_possessions92_source4370615271_grid20x10_trajectory142_outcome242_baseline0.10_mc100_alpha0.05_min100_profiles2b1671cb4b_plandc0cd9facf,perimeter,quarter_2,44,b100_p10000_s250,p10000_s250,full_factorial_nested_prefix,100,10000,250,4027075343,1602171459,52.23783020073127,nested_prefix_median_v1,ok,whole_grid_cosine_dual_leakage_penalty_v2,54,146,-0.06540050357580185,0.5,1.0,0.8616749255479308,0.9377681790315658,0.15570167663386644,0.7917561012624631,0.7275106949267559,3.21443147390481,0.5927909082138598,0.42253452315926543,
perimeter__quarter_3__b010_p00100_s050,perimeter__quarter_3__p00100_s050,games10_possessions92_source4370615271_grid20x10_trajectory142_outcome242_baseline0.10_mc100_alpha0.05_min100_profiles2b1671cb4b,games10_possessions92_source4370615271_grid20x10_trajectory142_outcome242_baseline0.10_mc100_alpha0.05_min100_profiles2b1671cb4b_plandc0cd9facf,perimeter,quarter_3,0,b010_p00100_s050,p00100_s050,full_factorial_nested_prefix,10,100,50,1879422960,869494685,4.135768018076166,nested_prefix_median_v1,ok,whole_grid_cosine_dual_leakage_penalty_v2,54,146,0.010465862695127726,0.5,1.0,0.07183285641462496,0.0824418537843937,0.24080948201443028,0.06258907367826448,0.05453482346980217,0.0002295392706334111,7.280811805957316e-05,0.004332806565798819,
perimeter__quarter_3__b050_p00100_s050,perimeter__quarter_3__p00100_s050,games10_possessions92_source4370615271_grid20x10_trajectory142_outcome242_baseline0.10_mc100_alpha0.05_min100_profiles2b1671cb4b,games10_possessions92_source4370615271_grid20x10_trajectory142_outcome242_baseline0.10_mc100_alpha0.05_min100_profiles2b1671cb4b_plandc0cd9facf,perimeter,quarter_3,15,b050_p00100_s050,p00100_s050,full_factorial_nested_prefix,50,100,50,1879422960,869494685,4.135768018076166,nested_prefix_median_v1,ok,whole_grid_cosine_dual_leakage_penalty_v2,54,146,0.008761072531342506,0.5,1.0,0.5462370142142707,0.6524666343305359,0.2991168235065196,0.4573028872255962,0.3828483336408125,6.592462737214965e-05,2.8134738843445164e-05,0.0019153933972120285,
perimeter__quarter_3__b100_p00100_s050,perimeter__quarter_3__p00100_s050,games10_possessions92_source4370615271_grid20x10_trajectory142_outcome242_baseline0.10_mc100_alpha0.05_min100_profiles2b1671cb4b,games10_possessions92_source4370615271_grid20x10_trajectory142_outcome242_baseline0.10_mc100_alpha0.05_min100_profiles2b1671cb4b_plandc0cd9facf,perimeter,quarter_3,30,b100_p00100_s050,p00100_s050,full_factorial_nested_prefix,100,100,50,1879422960,869494685,4.135768018076166,nested_prefix_median_v1,ok,whole_grid_cosine_dual_leakage_penalty_v2,54,146,0.008761072531342506,0.5,1.0,0.6551766770085952,0.7555346681409475,0.24801692833424574,0.5681492804985961,0.49268177006068514,0.00020168531729617984,6.651928051400343e-05,0.0022853240370750427,
perimeter__quarter_3__b010_p00100_s100,perimeter__quarter_3__p00100_s100,games10_possessions92_source4370615271_grid20x10_trajectory142_outcome242_baseline0.10_mc100_alpha0.05_min100_profiles2b1671cb4b,games10_possessions92_source4370615271_grid20x10_trajectory142_outcome242_baseline0.10_mc100_alpha0.05_min100_profiles2b1671cb4b_plandc0cd9facf,perimeter,quarter_3,1,b010_p00100_s100,p00100_s100,full_factorial_nested_prefix,10,100,100,200650097,2991125055,5.07570575933808,nested_prefix_median_v1,ok,whole_grid_cosine_dual_leakage_penalty_v2,54,146,0.012292514555156231,0.5,1.0,0.6691317873724991,0.7618400551899538,0.2285714320738596,0.5877051827639577,0.5161873764866256,0.00016284230250599623,4.824957207128465e-05,0.001736548263579607,
perimeter__quarter_3__b050_p00100_s100,perimeter__quarter_3__p00100_s100,games10_possessions92_source4370615271_grid20x10_trajectory142_outcome242_baseline0.10_mc100_alpha0.05_min100_profiles2b1671cb4b,games10_possessions92_source4370615271_grid20x10_trajectory142_outcome242_baseline0.10_mc100_alpha0.05_min100_profiles2b1671cb4b_plandc0cd9facf,perimeter,quarter_3,16,b050_p00100_s100,p00100_s100,full_factorial_nested_prefix,50,100,100,200650097,2991125055,5.07570575933808,nested_prefix_median_v1,ok,whole_grid_cosine_dual_leakage_penalty_v2,54,146,0.00840636994689703,0.5,1.0,0.6514669760885137,0.7523498524963337,0.25020052721456537,0.5641115227519504,0.4884695952082889,0.0001606196808196707,5.3597168684082173e-05,0.002153296023607254,
perimeter__quarter_3__b100_p00100_s100,perimeter__quarter_3__p00100_s100,games10_possessions92_source4370615271_grid20x10_trajectory142_outcome242_baseline0.10_mc100_alpha0.05_min100_profiles2b1671cb4b,games10_possessions92_source4370615271_grid20x10_trajectory142_outcome242_baseline0.10_mc100_alpha0.05_min100_profiles2b1671cb4b_plandc0cd9facf,perimeter,quarter_3,31,b100_p00100_s100,p00100_s100,full_factorial_nested_prefix,100,100,100,200650097,2991125055,5.07570575933808,nested_prefix_median_v1,ok,whole_grid_cosine_dual_leakage_penalty_v2,54,146,0.009258488658815622,0.5,1.0,0.5837961458500627,0.6580571989506335,0.2129629852537348,0.5179153733943959,0.4594691758502086,5.439026078355716e-06,1.4717366639902928e-06,0.00041500339284539223,
perimeter__quarter_3__b010_p00100_s150,perimeter__quarter_3__p00100_s150,games10_possessions92_source4370615271_grid20x10_trajectory142_outcome242_baseline0.10_mc100_alpha0.05_min100_profiles2b1671cb4b,games10_possessions92_source4370615271_grid20x10_trajectory142_outcome242_baseline0.10_mc100_alpha0.05_min100_profiles2b1671cb4b_plandc0cd9facf,perimeter,quarter_3,2,b010_p00100_s150,p00100_s150,full_factorial_nested_prefix,10,100,150,2007200118,3751225732,4.810779335484739,nested_prefix_median_v1,ok,whole_grid_cosine_dual_leakage_penalty_v2,54,146,0.013082805555313826,0.5,1.0,2.0175803098386308e-07,0.5448134234642936,0.9999999999998629,7.470839813304157e-14,2.766355680806308e-20,8.023096076392733e-18,5.8502702716261255e-05,0.0013117427006363869,
perimeter__quarter_3__b050_p00100_s150,perimeter__quarter_3__p00100_s150,games10_possessions92_source4370615271_grid20x10_trajectory142_outcome242_baseline0.10_mc100_alpha0.05_min100_profiles2b1671cb4b,games10_possessions92_source4370615271_grid20x10_trajectory142_outcome242_baseline0.10_mc100_alpha0.05_min100_profiles2b1671cb4b_plandc0cd9facf,perimeter,quarter_3,17,b050_p00100_s150,p00100_s150,full_factorial_nested_prefix,50,100,150,2007200118,3751225732,4.810779335484739,nested_prefix_median_v1,ok,whole_grid_cosine_dual_leakage_penalty_v2,54,146,0.007180728018283844,0.5,1.0,0.6710690121129865,0.7644800471324817,0.22944780818323132,0.5890717759181205,0.5170936981439754,0.0007571074891633996,0.00022544437066368122,0.0037960682529956102,
perimeter__quarter_3__b100_p00100_s150,perimeter__quarter_3__p00100_s150,games10_possessions92_source4370615271_grid20x10_trajectory142_outcome242_baseline0.10_mc100_alpha0.05_min100_profiles2b1671cb4b,games10_possessions92_source4370615271_grid20x10_trajectory142_outcome242_baseline0.10_mc100_alpha0.05_min100_profiles2b1671cb4b_plandc0cd9facf,perimeter,quarter_3,32,b100_p00100_s150,p00100_s150,full_factorial_nested_prefix,100,100,150,2007200118,3751225732,4.810779335484739,nested_prefix_median_v1,ok,whole_grid_cosine_dual_leakage_penalty_v2,54,146,0.007180728018283844,0.5,1.0,0.709221233435064,0.8122606423172783,0.23761799193488534,0.6192528995621065,0.5406975081086416,0.0005086390446277466,0.00015853179524903075,0.0037204164545983076,
perimeter__quarter_3__b010_p00100_s200,perimeter__quarter_3__p00100_s200,games10_possessions92_source4370615271_grid20x10_trajectory142_outcome242_baseline0.10_mc100_alpha0.05_min100_profiles2b1671cb4b,games10_possessions92_source4370615271_grid20x10_trajectory142_outcome242_baseline0.10_mc100_alpha0.05_min100_profiles2b1671cb4b_plandc0cd9facf,perimeter,quarter_3,3,b010_p00100_s200,p00100_s200,full_factorial_nested_prefix,10,100,200,3782968038,3621062779,5.502283263865969,nested_prefix_median_v1,ok,whole_grid_cosine_dual_leakage_penalty_v2,54,146,0.010440194979310036,0.5,1.0,0.6691322544517183,0.761840638997426,0.2285715374118532,0.5877055528789557,0.5161876663198297,4.111243782131853e-06,1.2181470577376109e-06,0.00027592573314905167,
perimeter__quarter_3__b050_p00100_s200,perimeter__quarter_3__p00100_s200,games10_possessions92_source4370615271_grid20x10_trajectory142_outcome242_baseline0.10_mc100_alpha0.05_min100_profiles2b1671cb4b,games10_possessions92_source4370615271_grid20x10_trajectory142_outcome242_baseline0.10_mc100_alpha0.05_min100_profiles2b1671cb4b_plandc0cd9facf,perimeter,quarter_3,18,b050_p00100_s200,p00100_s200,full_factorial_nested_prefix,50,100,200,3782968038,3621062779,5.502283263865969,nested_prefix_median_v1,ok,whole_grid_cosine_dual_leakage_penalty_v2,54,146,0.006314668571576476,0.5,1.0,0.6334486398865926,0.7345716798194377,0.25637419119299115,0.5462464595324524,0.47104875717336714,0.00013733499820686414,4.734793853411484e-05,0.00217584241181612,
perimeter__quarter_3__b100_p00100_s200,perimeter__quarter_3__p00100_s200,games10_possessions92_source4370615271_grid20x10_trajectory142_outcome242_baseline0.10_mc100_alpha0.05_min100_profiles2b1671cb4b,games10_possessions92_source4370615271_grid20x10_trajectory142_outcome242_baseline0.10_mc100_alpha0.05_min100_profiles2b1671cb4b_plandc0cd9facf,perimeter,quarter_3,33,b100_p00100_s200,p00100_s200,full_factorial_nested_prefix,100,100,200,3782968038,3621062779,5.502283263865969,nested_prefix_median_v1,ok,whole_grid_cosine_dual_leakage_penalty_v2,54,146,0.00722332508303225,0.5,1.0,0.6105477929040322,0.7138407832900666,0.2684624588654284,0.5222013313695918,0.4466386311661553,0.00015157370457610992,5.562510075249707e-05,0.0025694407522678375,
perimeter__quarter_3__b010_p00100_s250,perimeter__quarter_3__p00100_s250,games10_possessions92_source4370615271_grid20x10_trajectory142_outcome242_baseline0.10_mc100_alpha0.05_min100_profiles2b1671cb4b,games10_possessions92_source4370615271_grid20x10_trajectory142_outcome242_baseline0.10_mc100_alpha0.05_min100_profiles2b1671cb4b_plandc0cd9facf,perimeter,quarter_3,4,b010_p00100_s250,p00100_s250,full_factorial_nested_prefix,10,100,250,3868832867,3348858397,5.477180338504941,nested_prefix_median_v1,ok,whole_grid_cosine_dual_leakage_penalty_v2,54,146,0.005654639098793268,0.5,1.0,0.38940605020102076,0.45606372936629747,0.2709550245438865,0.3324909703822759,0.2838945243112653,1.922965203805628e-05,7.146844180199122e-06,0.0014611217193305492,
perimeter__quarter_3__b050_p00100_s250,perimeter__quarter_3__p00100_s250,games10_possessions92_source4370615271_grid20x10_trajectory142_outcome242_baseline0.10_mc100_alpha0.05_min100_profiles2b1671cb4b,games10_possessions92_source4370615271_grid20x10_trajectory142_outcome242_baseline0.10_mc100_alpha0.05_min100_profiles2b1671cb4b_plandc0cd9facf,perimeter,quarter_3,19,b050_p00100_s250,p00100_s250,full_factorial_nested_prefix,50,100,250,3868832867,3348858397,5.477180338504941,nested_prefix_median_v1,ok,whole_grid_cosine_dual_leakage_penalty_v2,54,146,0.008237861096858978,0.5,1.0,0.542293551314842,0.7609863196336677,0.4921737090924785,0.38644886013093105,0.27539092274728394,1.2868201397291286e-05,1.2471568574631397e-05,0.0013522699009627104,
perimeter__quarter_3__b100_p00100_s250,perimeter__quarter_3__p00100_s250,games10_possessions92_source4370615271_grid20x10_trajectory142_outcome242_baseline0.10_mc100_alpha0.05_min100_profiles2b1671cb4b,games10_possessions92_source4370615271_grid20x10_trajectory142_outcome242_baseline0.10_mc100_alpha0.05_min100_profiles2b1671cb4b_plandc0cd9facf,perimeter,quarter_3,34,b100_p00100_s250,p00100_s250,full_factorial_nested_prefix,100,100,250,3868832867,3348858397,5.477180338504941,nested_prefix_median_v1,ok,whole_grid_cosine_dual_leakage_penalty_v2,54,146,0.007492004195228219,0.5,1.0,0.7067759211106203,0.8071227144967996,0.2331960325431857,0.6189048997006595,0.541958580410568,0.0001099954008027779,3.345117155598176e-05,0.001775382098276168,
perimeter__quarter_3__b010_p01000_s050,perimeter__quarter_3__p01000_s050,games10_possessions92_source4370615271_grid20x10_trajectory142_outcome242_baseline0.10_mc100_alpha0.05_min100_profiles2b1671cb4b,games10_possessions92_source4370615271_grid20x10_trajectory142_outcome242_baseline0.10_mc100_alpha0.05_min100_profiles2b1671cb4b_plandc0cd9facf,perimeter,quarter_3,5,b010_p01000_s050,p01000_s050,full_factorial_nested_prefix,10,1000,50,342278515,1572451028,12.775298236443223,nested_prefix_median_v1,ok,whole_grid_cosine_dual_leakage_penalty_v2,54,146,-0.010487908264622092,0.5,1.0,0.779862152709317,0.8800033589797749,0.214643163296044,0.6911166542972118,0.6124700733169267,0.12663936651711555,0.034611367669658784,0.05723008103668645,
perimeter__quarter_3__b050_p01000_s050,perimeter__quarter_3__p01000_s050,games10_possessions92_source4370615271_grid20x10_trajectory142_outcome242_baseline0.10_mc100_alpha0.05_min100_profiles2b1671cb4b,games10_possessions92_source4370615271_grid20x10_trajectory142_outcome242_baseline0.10_mc100_alpha0.05_min100_profiles2b1671cb4b_plandc0cd9facf,perimeter,quarter_3,20,b050_p01000_s050,p01000_s050,full_factorial_nested_prefix,50,1000,50,342278515,1572451028,12.775298236443223,nested_prefix_median_v1,ok,whole_grid_cosine_dual_leakage_penalty_v2,54,146,-0.0024773665936663747,0.5,1.0,0.7417685608187117,0.8325924044556436,0.2062715353854928,0.6608522908382787,0.5887628208779487,0.1151786353460329,0.029932243853659276,0.08595356466248602,
perimeter__quarter_3__b100_p01000_s050,perimeter__quarter_3__p01000_s050,games10_possessions92_source4370615271_grid20x10_trajectory142_outcome242_baseline0.10_mc100_alpha0.05_min100_profiles2b1671cb4b,games10_possessions92_source4370615271_grid20x10_trajectory142_outcome242_baseline0.10_mc100_alpha0.05_min100_profiles2b1671cb4b_plandc0cd9facf,perimeter,quarter_3,35,b100_p01000_s050,p01000_s050,full_factorial_nested_prefix,100,1000,50,342278515,1572451028,12.775298236443223,nested_prefix_median_v1,ok,whole_grid_cosine_dual_leakage_penalty_v2,54,146,-0.0022027751547284424,0.5,1.0,0.7317653502032082,0.8244637976042272,0.2122280700282358,0.649489437030532,0.5764642022160453,0.10898705015919934,0.029361431187560145,0.08231814634054865,
perimeter__quarter_3__b010_p01000_s100,perimeter__quarter_3__p01000_s100,games10_possessions92_source4370615271_grid20x10_trajectory142_outcome242_baseline0.10_mc100_alpha0.05_min100_profiles2b1671cb4b,games10_possessions92_source4370615271_grid20x10_trajectory142_outcome242_baseline0.10_mc100_alpha0.05_min100_profiles2b1671cb4b_plandc0cd9facf,perimeter,quarter_3,6,b010_p01000_s100,p01000_s100,full_factorial_nested_prefix,10,1000,100,989841996,704219431,15.836066725853248,nested_prefix_median_v1,ok,whole_grid_cosine_dual_leakage_penalty_v2,54,146,-0.011942542623728514,0.5,1.0,0.7765605604429169,0.882418635957729,0.22553585337159138,0.683401595866007,0.6014183117487023,0.12389861344340904,0.036081179014118565,0.07595004867762323,
perimeter__quarter_3__b050_p01000_s100,perimeter__quarter_3__p01000_s100,games10_possessions92_source4370615271_grid20x10_trajectory142_outcome242_baseline0.10_mc100_alpha0.05_min100_profiles2b1671cb4b,games10_possessions92_source4370615271_grid20x10_trajectory142_outcome242_baseline0.10_mc100_alpha0.05_min100_profiles2b1671cb4b_plandc0cd9facf,perimeter,quarter_3,21,b050_p01000_s100,p01000_s100,full_factorial_nested_prefix,50,1000,100,989841996,704219431,15.836066725853248,nested_prefix_median_v1,ok,whole_grid_cosine_dual_leakage_penalty_v2,54,146,-0.0029906805139034986,0.5,1.0,0.763695141180113,0.8656332428139581,0.22165488771228967,0.6737614035780052,0.5944183804154138,0.07814290164844907,0.022253311310056725,0.0697214395739137,
perimeter__quarter_3__b100_p01000_s100,perimeter__quarter_3__p01000_s100,games10_possessions92_source4370615271_grid20x10_trajectory142_outcome242_baseline0.10_mc100_alpha0.05_min100_profiles2b1671cb4b,games10_possessions92_source4370615271_grid20x10_trajectory142_outcome242_baseline0.10_mc100_alpha0.05_min100_profiles2b1671cb4b_plandc0cd9facf,perimeter,quarter_3,36,b100_p01000_s100,p01000_s100,full_factorial_nested_prefix,100,1000,100,989841996,704219431,15.836066725853248,nested_prefix_median_v1,ok,whole_grid_cosine_dual_leakage_penalty_v2,54,146,-0.004218272631987929,0.5,1.0,0.7719827218038189,0.87318189482343,0.21836190757556034,0.6825122306093436,0.603411102055364,0.07899562164262236,0.02206856958377799,0.06902701305225482,
perimeter__quarter_3__b500_p01000_s100,perimeter__quarter_3__p01000_s100,games10_possessions92_source4370615271_grid20x10_trajectory142_outcome242_baseline0.10_mc100_alpha0.05_min100_profiles2b1671cb4b,games10_possessions92_source4370615271_grid20x10_trajectory142_outcome242_baseline0.10_mc100_alpha0.05_min100_profiles2b1671cb4b_plandc0cd9facf,perimeter,quarter_3,12,b500_p01000_s100,p01000_s100,targeted_nested_prefix,500,1000,100,989841996,704219431,15.836066725853248,nested_prefix_median_v1,ok,whole_grid_cosine_dual_leakage_penalty_v2,54,146,-0.004355749813839793,0.5,1.0,0.7708812255616752,0.869110245849194,0.21327092985524818,0.683754295570213,0.6064746697781833,0.0830882244075372,0.022524021994200102,0.07099380614235992,
perimeter__quarter_3__b010_p01000_s150,perimeter__quarter_3__p01000_s150,games10_possessions92_source4370615271_grid20x10_trajectory142_outcome242_baseline0.10_mc100_alpha0.05_min100_profiles2b1671cb4b,games10_possessions92_source4370615271_grid20x10_trajectory142_outcome242_baseline0.10_mc100_alpha0.05_min100_profiles2b1671cb4b_plandc0cd9facf,perimeter,quarter_3,7,b010_p01000_s150,p01000_s150,full_factorial_nested_prefix,10,1000,150,3544777503,4225602408,18.602167726953034,nested_prefix_median_v1,ok,whole_grid_cosine_dual_leakage_penalty_v2,54,146,-0.004014242615085095,0.5,1.0,0.7497510574897522,0.8529884508904689,0.22741215373506593,0.65900851016233,0.5792485547408645,0.06643647972513889,0.019555657021931606,0.07075584093108774,
perimeter__quarter_3__b050_p01000_s150,perimeter__quarter_3__p01000_s150,games10_possessions92_source4370615271_grid20x10_trajectory142_outcome242_baseline0.10_mc100_alpha0.05_min100_profiles2b1671cb4b,games10_possessions92_source4370615271_grid20x10_trajectory142_outcome242_baseline0.10_mc100_alpha0.05_min100_profiles2b1671cb4b_plandc0cd9facf,perimeter,quarter_3,22,b050_p01000_s150,p01000_s150,full_factorial_nested_prefix,50,1000,150,3544777503,4225602408,18.602167726953034,nested_prefix_median_v1,ok,whole_grid_cosine_dual_leakage_penalty_v2,54,146,-0.0043288422748446465,0.5,1.0,0.7779026439447241,0.8780210077222166,0.21505237268251218,0.6892005067464635,0.6106128346484117,0.050983466308050264,0.013967957880953591,0.044130308087915175,
perimeter__quarter_3__b100_p01000_s150,perimeter__quarter_3__p01000_s150,games10_possessions92_source4370615271_grid20x10_trajectory142_outcome242_baseline0.10_mc100_alpha0.05_min100_profiles2b1671cb4b,games10_possessions92_source4370615271_grid20x10_trajectory142_outcome242_baseline0.10_mc100_alpha0.05_min100_profiles2b1671cb4b_plandc0cd9facf,perimeter,quarter_3,37,b100_p01000_s150,p01000_s150,full_factorial_nested_prefix,100,1000,150,3544777503,4225602408,18.602167726953034,nested_prefix_median_v1,ok,whole_grid_cosine_dual_leakage_penalty_v2,54,146,-0.004300315631553531,0.5,1.0,0.7791967793089605,0.8801305908092737,0.21620937342612778,0.6898381072372329,0.6107271318789134,0.05365291187204816,0.014800205648095312,0.04648758452385663,
perimeter__quarter_3__b010_p01000_s200,perimeter__quarter_3__p01000_s200,games10_possessions92_source4370615271_grid20x10_trajectory142_outcome242_baseline0.10_mc100_alpha0.05_min100_profiles2b1671cb4b,games10_possessions92_source4370615271_grid20x10_trajectory142_outcome242_baseline0.10_mc100_alpha0.05_min100_profiles2b1671cb4b_plandc0cd9facf,perimeter,quarter_3,8,b010_p01000_s200,p01000_s200,full_factorial_nested_prefix,10,1000,200,1074092448,757050033,16.014426528849196,nested_prefix_median_v1,ok,whole_grid_cosine_dual_leakage_penalty_v2,54,146,-0.008897464722394943,0.5,1.0,0.7918195974231659,0.8971816144149423,0.2210819602951851,0.6988309443592878,0.616762568624708,0.10150114204090419,0.028809284559781403,0.06440997868776321,
perimeter__quarter_3__b050_p01000_s200,perimeter__quarter_3__p01000_s200,games10_possessions92_source4370615271_grid20x10_trajectory142_outcome242_baseline0.10_mc100_alpha0.05_min100_profiles2b1671cb4b,games10_possessions92_source4370615271_grid20x10_trajectory142_outcome242_baseline0.10_mc100_alpha0.05_min100_profiles2b1671cb4b_plandc0cd9facf,perimeter,quarter_3,23,b050_p01000_s200,p01000_s200,full_factorial_nested_prefix,50,1000,200,1074092448,757050033,16.014426528849196,nested_prefix_median_v1,ok,whole_grid_cosine_dual_leakage_penalty_v2,54,146,-0.006648724898695946,0.5,1.0,0.7864520380379831,0.8852326343581289,0.21072262715386317,0.6986940880038488,0.6207287984521094,0.11296580842687594,0.03015980534755783,0.0834630542434752,
perimeter__quarter_3__b100_p01000_s200,perimeter__quarter_3__p01000_s200,games10_possessions92_source4370615271_grid20x10_trajectory142_outcome242_baseline0.10_mc100_alpha0.05_min100_profiles2b1671cb4b,games10_possessions92_source4370615271_grid20x10_trajectory142_outcome242_baseline0.10_mc100_alpha0.05_min100_profiles2b1671cb4b_plandc0cd9facf,perimeter,quarter_3,38,b100_p01000_s200,p01000_s200,full_factorial_nested_prefix,100,1000,200,1074092448,757050033,16.014426528849196,nested_prefix_median_v1,ok,whole_grid_cosine_dual_leakage_penalty_v2,54,146,-0.007952647283673286,0.5,1.0,0.7879917700123895,0.8840831297353914,0.20556721856069082,0.7023446197792566,0.626006493602227,0.11896498321630707,0.030783347914708093,0.07893653977662324,
perimeter__quarter_3__b010_p01000_s250,perimeter__quarter_3__p01000_s250,games10_possessions92_source4370615271_grid20x10_trajectory142_outcome242_baseline0.10_mc100_alpha0.05_min100_profiles2b1671cb4b,games10_possessions92_source4370615271_grid20x10_trajectory142_outcome242_baseline0.10_mc100_alpha0.05_min100_profiles2b1671cb4b_plandc0cd9facf,perimeter,quarter_3,9,b010_p01000_s250,p01000_s250,full_factorial_nested_prefix,10,1000,250,2701262546,606803166,16.184462887629245,nested_prefix_median_v1,ok,whole_grid_cosine_dual_leakage_penalty_v2,54,146,-0.007921964395791292,0.5,1.0,0.7940086446848895,0.887491795833915,0.19957293055764586,0.7103724572934726,0.6355460125770215,0.12342281304990538,0.030773387655665778,0.0798845157958567,
perimeter__quarter_3__b050_p01000_s250,perimeter__quarter_3__p01000_s250,games10_possessions92_source4370615271_grid20x10_trajectory142_outcome242_baseline0.10_mc100_alpha0.05_min100_profiles2b1671cb4b,games10_possessions92_source4370615271_grid20x10_trajectory142_outcome242_baseline0.10_mc100_alpha0.05_min100_profiles2b1671cb4b_plandc0cd9facf,perimeter,quarter_3,24,b050_p01000_s250,p01000_s250,full_factorial_nested_prefix,50,1000,250,2701262546,606803166,16.184462887629245,nested_prefix_median_v1,ok,whole_grid_cosine_dual_leakage_penalty_v2,54,146,-0.011152018792927265,0.5,1.0,0.7897738282836408,0.8883691570920791,0.20965168512369675,0.7021210662958068,0.6241964143173825,0.14799468387899506,0.03925779846754804,0.08752775397151709,
perimeter__quarter_3__b100_p01000_s250,perimeter__quarter_3__p01000_s250,games10_possessions92_source4370615271_grid20x10_trajectory142_outcome242_baseline0.10_mc100_alpha0.05_min100_profiles2b1671cb4b,games10_possessions92_source4370615271_grid20x10_trajectory142_outcome242_baseline0.10_mc100_alpha0.05_min100_profiles2b1671cb4b_plandc0cd9facf,perimeter,quarter_3,39,b100_p01000_s250,p01000_s250,full_factorial_nested_prefix,100,1000,250,2701262546,606803166,16.184462887629245,nested_prefix_median_v1,ok,whole_grid_cosine_dual_leakage_penalty_v2,54,146,-0.009360066149383783,0.5,1.0,0.7839424004402923,0.8803670173638005,0.20705916861665105,0.6980789546709313,0.6216199387617836,0.13492508628216407,0.0352327375327307,0.08750926330685616,
perimeter__quarter_3__b050_p02500_s150,perimeter__quarter_3__p02500_s150,games10_possessions92_source4370615271_grid20x10_trajectory142_outcome242_baseline0.10_mc100_alpha0.05_min100_profiles2b1671cb4b,games10_possessions92_source4370615271_grid20x10_trajectory142_outcome242_baseline0.10_mc100_alpha0.05_min100_profiles2b1671cb4b_plandc0cd9facf,perimeter,quarter_3,3,b050_p02500_s150,p02500_s150,full_factorial_nested_prefix,50,2500,150,3948530278,3813783551,25.89544872071193,nested_prefix_median_v1,ok,whole_grid_cosine_dual_leakage_penalty_v2,54,146,-0.01442025089636445,0.5,1.0,0.810740049034863,0.899773952591141,0.1881114429976554,0.7305161759975176,0.658230568514925,0.3857547947840241,0.0893778960969857,0.16681020539253943,
perimeter__quarter_3__b100_p02500_s150,perimeter__quarter_3__p02500_s150,games10_possessions92_source4370615271_grid20x10_trajectory142_outcome242_baseline0.10_mc100_alpha0.05_min100_profiles2b1671cb4b,games10_possessions92_source4370615271_grid20x10_trajectory142_outcome242_baseline0.10_mc100_alpha0.05_min100_profiles2b1671cb4b_plandc0cd9facf,perimeter,quarter_3,9,b100_p02500_s150,p02500_s150,full_factorial_nested_prefix,100,2500,150,3948530278,3813783551,25.89544872071193,nested_prefix_median_v1,ok,whole_grid_cosine_dual_leakage_penalty_v2,54,146,-0.015321407932788134,0.5,1.0,0.8135144559823155,0.8969612210027412,0.17741039931227337,0.7378309726170206,0.6691885315001861,0.38905114698439147,0.08390784333000707,0.1662444788962601,
perimeter__quarter_3__b050_p02500_s200,perimeter__quarter_3__p02500_s200,games10_possessions92_source4370615271_grid20x10_trajectory142_outcome242_baseline0.10_mc100_alpha0.05_min100_profiles2b1671cb4b,games10_possessions92_source4370615271_grid20x10_trajectory142_outcome242_baseline0.10_mc100_alpha0.05_min100_profiles2b1671cb4b_plandc0cd9facf,perimeter,quarter_3,4,b050_p02500_s200,p02500_s200,full_factorial_nested_prefix,50,2500,200,531714605,2209612732,24.84929204668072,nested_prefix_median_v1,ok,whole_grid_cosine_dual_leakage_penalty_v2,54,146,-0.016486003063619137,0.5,1.0,0.8174404829692502,0.8973480003196274,0.17016741326154275,0.7446486123098184,0.6783387504871067,0.4600844652820744,0.09434599772296745,0.18317104838788495,
perimeter__quarter_3__b100_p02500_s200,perimeter__quarter_3__p02500_s200,games10_possessions92_source4370615271_grid20x10_trajectory142_outcome242_baseline0.10_mc100_alpha0.05_min100_profiles2b1671cb4b,games10_possessions92_source4370615271_grid20x10_trajectory142_outcome242_baseline0.10_mc100_alpha0.05_min100_profiles2b1671cb4b_plandc0cd9facf,perimeter,quarter_3,10,b100_p02500_s200,p02500_s200,full_factorial_nested_prefix,100,2500,200,531714605,2209612732,24.84929204668072,nested_prefix_median_v1,ok,whole_grid_cosine_dual_leakage_penalty_v2,54,146,-0.016419459134340286,0.5,1.0,0.8171550026127893,0.8972028037750929,0.17047850646063611,0.7442490097952197,0.6778476382205237,0.46302302587325733,0.09515784042069741,0.1834808781743048,
perimeter__quarter_3__b050_p02500_s250,perimeter__quarter_3__p02500_s250,games10_possessions92_source4370615271_grid20x10_trajectory142_outcome242_baseline0.10_mc100_alpha0.05_min100_profiles2b1671cb4b,games10_possessions92_source4370615271_grid20x10_trajectory142_outcome242_baseline0.10_mc100_alpha0.05_min100_profiles2b1671cb4b_plandc0cd9facf,perimeter,quarter_3,5,b050_p02500_s250,p02500_s250,full_factorial_nested_prefix,50,2500,250,3291164629,1287219630,24.64802887630395,nested_prefix_median_v1,ok,whole_grid_cosine_dual_leakage_penalty_v2,54,146,-0.01807878166437149,0.5,1.0,0.8240123216359464,0.9005492024807189,0.16275508259119173,0.7539802426535378,0.6899001281719283,0.5237851963101329,0.10182050808900185,0.19247859194874756,
perimeter__quarter_3__b100_p02500_s250,perimeter__quarter_3__p02500_s250,games10_possessions92_source4370615271_grid20x10_trajectory142_outcome242_baseline0.10_mc100_alpha0.05_min100_profiles2b1671cb4b,games10_possessions92_source4370615271_grid20x10_trajectory142_outcome242_baseline0.10_mc100_alpha0.05_min100_profiles2b1671cb4b_plandc0cd9facf,perimeter,quarter_3,11,b100_p02500_s250,p02500_s250,full_factorial_nested_prefix,100,2500,250,3291164629,1287219630,24.64802887630395,nested_prefix_median_v1,ok,whole_grid_cosine_dual_leakage_penalty_v2,54,146,-0.01638392498716712,0.5,1.0,0.8202008909455026,0.899296529924863,0.1681698870053483,0.7480619341030967,0.6822677997935115,0.49265446135400387,0.09959923763798179,0.1923586243763566,
perimeter__quarter_3__b010_p10000_s050,perimeter__quarter_3__p10000_s050,games10_possessions92_source4370615271_grid20x10_trajectory142_outcome242_baseline0.10_mc100_alpha0.05_min100_profiles2b1671cb4b,games10_possessions92_source4370615271_grid20x10_trajectory142_outcome242_baseline0.10_mc100_alpha0.05_min100_profiles2b1671cb4b_plandc0cd9facf,perimeter,quarter_3,10,b010_p10000_s050,p10000_s050,full_factorial_nested_prefix,10,10000,50,3969548929,3685927856,42.32473487509304,nested_prefix_median_v1,ok,whole_grid_cosine_dual_leakage_penalty_v2,54,146,0.004731391556560993,0.5,1.0,0.6386647924565236,0.8103046006363661,0.37877440354852554,0.5033819588377003,0.39675491662636103,1.2131637035747802,0.739691604552472,0.3077482920140028,
perimeter__quarter_3__b050_p10000_s050,perimeter__quarter_3__p10000_s050,games10_possessions92_source4370615271_grid20x10_trajectory142_outcome242_baseline0.10_mc100_alpha0.05_min100_profiles2b1671cb4b,games10_possessions92_source4370615271_grid20x10_trajectory142_outcome242_baseline0.10_mc100_alpha0.05_min100_profiles2b1671cb4b_plandc0cd9facf,perimeter,quarter_3,25,b050_p10000_s050,p10000_s050,full_factorial_nested_prefix,50,10000,50,3969548929,3685927856,42.32473487509304,nested_prefix_median_v1,ok,whole_grid_cosine_dual_leakage_penalty_v2,54,146,0.005218789679929614,0.5,1.0,0.6369424893415476,0.8055605046845108,0.37482138914456925,0.5036191972786623,0.3982028206813487,1.2693421519342754,0.7610250581617911,0.31946243233978744,
perimeter__quarter_3__b100_p10000_s050,perimeter__quarter_3__p10000_s050,games10_possessions92_source4370615271_grid20x10_trajectory142_outcome242_baseline0.10_mc100_alpha0.05_min100_profiles2b1671cb4b,games10_possessions92_source4370615271_grid20x10_trajectory142_outcome242_baseline0.10_mc100_alpha0.05_min100_profiles2b1671cb4b_plandc0cd9facf,perimeter,quarter_3,40,b100_p10000_s050,p10000_s050,full_factorial_nested_prefix,100,10000,50,3969548929,3685927856,42.32473487509304,nested_prefix_median_v1,ok,whole_grid_cosine_dual_leakage_penalty_v2,54,146,0.006115572759881616,0.5,1.0,0.6327293425769778,0.8031295413000402,0.3793242912205191,0.4984829972881419,0.39271973316954073,1.262701350035691,0.7716965362916353,0.324610186368227,
perimeter__quarter_3__b010_p10000_s100,perimeter__quarter_3__p10000_s100,games10_possessions92_source4370615271_grid20x10_trajectory142_outcome242_baseline0.10_mc100_alpha0.05_min100_profiles2b1671cb4b,games10_possessions92_source4370615271_grid20x10_trajectory142_outcome242_baseline0.10_mc100_alpha0.05_min100_profiles2b1671cb4b_plandc0cd9facf,perimeter,quarter_3,11,b010_p10000_s100,p10000_s100,full_factorial_nested_prefix,10,10000,100,2821273799,179725018,46.41480345185485,nested_prefix_median_v1,ok,whole_grid_cosine_dual_leakage_penalty_v2,54,146,-0.023627164773643017,0.5,1.0,0.7082422987560192,0.8600615996955054,0.3218830399120123,0.5832223574739279,0.48027111463816013,1.5219114382084953,0.7224085357544368,0.3441817983984947,
perimeter__quarter_3__b050_p10000_s100,perimeter__quarter_3__p10000_s100,games10_possessions92_source4370615271_grid20x10_trajectory142_outcome242_baseline0.10_mc100_alpha0.05_min100_profiles2b1671cb4b,games10_possessions92_source4370615271_grid20x10_trajectory142_outcome242_baseline0.10_mc100_alpha0.05_min100_profiles2b1671cb4b_plandc0cd9facf,perimeter,quarter_3,26,b050_p10000_s100,p10000_s100,full_factorial_nested_prefix,50,10000,100,2821273799,179725018,46.41480345185485,nested_prefix_median_v1,ok,whole_grid_cosine_dual_leakage_penalty_v2,54,146,-0.005835258692968637,0.5,1.0,0.6620071165573836,0.8337981126350074,0.36961843979849157,0.525610955135929,0.4173170789999453,1.3677650069339156,0.8019764532964477,0.35162194818258286,
perimeter__quarter_3__b100_p10000_s100,perimeter__quarter_3__p10000_s100,games10_possessions92_source4370615271_grid20x10_trajectory142_outcome242_baseline0.10_mc100_alpha0.05_min100_profiles2b1671cb4b,games10_possessions92_source4370615271_grid20x10_trajectory142_outcome242_baseline0.10_mc100_alpha0.05_min100_profiles2b1671cb4b_plandc0cd9facf,perimeter,quarter_3,41,b100_p10000_s100,p10000_s100,full_factorial_nested_prefix,100,10000,100,2821273799,179725018,46.41480345185485,nested_prefix_median_v1,ok,whole_grid_cosine_dual_leakage_penalty_v2,54,146,-0.007793223485350609,0.5,1.0,0.6703084226074651,0.8398562004004345,0.36299991943686605,0.5349884673165243,0.42698651920310254,1.3843600885537009,0.7888893831416091,0.3569406196475029,
perimeter__quarter_3__b010_p10000_s150,perimeter__quarter_3__p10000_s150,games10_possessions92_source4370615271_grid20x10_trajectory142_outcome242_baseline0.10_mc100_alpha0.05_min100_profiles2b1671cb4b,games10_possessions92_source4370615271_grid20x10_trajectory142_outcome242_baseline0.10_mc100_alpha0.05_min100_profiles2b1671cb4b_plandc0cd9facf,perimeter,quarter_3,12,b010_p10000_s150,p10000_s150,full_factorial_nested_prefix,10,10000,150,724496479,1554870146,53.84597772982236,nested_prefix_median_v1,ok,whole_grid_cosine_dual_leakage_penalty_v2,54,146,-0.023813561536371708,0.5,1.0,0.7367788663658001,0.8705650810559986,0.28373812770171414,0.6235525749146784,0.5277266102929765,1.34195691166995,0.5315993441781829,0.33632268011569977,
perimeter__quarter_3__b050_p10000_s150,perimeter__quarter_3__p10000_s150,games10_possessions92_source4370615271_grid20x10_trajectory142_outcome242_baseline0.10_mc100_alpha0.05_min100_profiles2b1671cb4b,games10_possessions92_source4370615271_grid20x10_trajectory142_outcome242_baseline0.10_mc100_alpha0.05_min100_profiles2b1671cb4b_plandc0cd9facf,perimeter,quarter_3,27,b050_p10000_s150,p10000_s150,full_factorial_nested_prefix,50,10000,150,724496479,1554870146,53.84597772982236,nested_prefix_median_v1,ok,whole_grid_cosine_dual_leakage_penalty_v2,54,146,-0.009144105832092464,0.5,1.0,0.6974251387008013,0.8573381591840603,0.33825466761926604,0.5673395251119426,0.46151783022024123,1.186826379163412,0.6066526543699496,0.3356018699705601,
perimeter__quarter_3__b100_p10000_s150,perimeter__quarter_3__p10000_s150,games10_possessions92_source4370615271_grid20x10_trajectory142_outcome242_baseline0.10_mc100_alpha0.05_min100_profiles2b1671cb4b,games10_possessions92_source4370615271_grid20x10_trajectory142_outcome242_baseline0.10_mc100_alpha0.05_min100_profiles2b1671cb4b_plandc0cd9facf,perimeter,quarter_3,42,b100_p10000_s150,p10000_s150,full_factorial_nested_prefix,100,10000,150,724496479,1554870146,53.84597772982236,nested_prefix_median_v1,ok,whole_grid_cosine_dual_leakage_penalty_v2,54,146,-0.010765466839075089,0.5,1.0,0.7015271580568807,0.8571990568574508,0.3302301282258783,0.5741261023963129,0.46986175469782093,1.2048397123542427,0.5940463873784907,0.33652973324060437,
perimeter__quarter_3__b010_p10000_s200,perimeter__quarter_3__p10000_s200,games10_possessions92_source4370615271_grid20x10_trajectory142_outcome242_baseline0.10_mc100_alpha0.05_min100_profiles2b1671cb4b,games10_possessions92_source4370615271_grid20x10_trajectory142_outcome242_baseline0.10_mc100_alpha0.05_min100_profiles2b1671cb4b_plandc0cd9facf,perimeter,quarter_3,13,b010_p10000_s200,p10000_s200,full_factorial_nested_prefix,10,10000,200,403135225,3696838212,51.3647029061892,nested_prefix_median_v1,ok,whole_grid_cosine_dual_leakage_penalty_v2,54,146,-0.021641599480062723,0.5,1.0,0.7194182812628065,0.8704682603984881,0.3169428233136623,0.594579592342859,0.4914038200559102,1.3568864760927264,0.6296038535679391,0.3370412290096283,
perimeter__quarter_3__b050_p10000_s200,perimeter__quarter_3__p10000_s200,games10_possessions92_source4370615271_grid20x10_trajectory142_outcome242_baseline0.10_mc100_alpha0.05_min100_profiles2b1671cb4b,games10_possessions92_source4370615271_grid20x10_trajectory142_outcome242_baseline0.10_mc100_alpha0.05_min100_profiles2b1671cb4b_plandc0cd9facf,perimeter,quarter_3,28,b050_p10000_s200,p10000_s200,full_factorial_nested_prefix,50,10000,200,403135225,3696838212,51.3647029061892,nested_prefix_median_v1,ok,whole_grid_cosine_dual_leakage_penalty_v2,54,146,-0.012630885932594538,0.5,1.0,0.6916622085158689,0.8524273346205002,0.34162495851830205,0.561216881790905,0.455373135222958,1.350364736373022,0.7006922619815557,0.3520503435283898,
perimeter__quarter_3__b100_p10000_s200,perimeter__quarter_3__p10000_s200,games10_possessions92_source4370615271_grid20x10_trajectory142_outcome242_baseline0.10_mc100_alpha0.05_min100_profiles2b1671cb4b,games10_possessions92_source4370615271_grid20x10_trajectory142_outcome242_baseline0.10_mc100_alpha0.05_min100_profiles2b1671cb4b_plandc0cd9facf,perimeter,quarter_3,43,b100_p10000_s200,p10000_s200,full_factorial_nested_prefix,100,10000,200,403135225,3696838212,51.3647029061892,nested_prefix_median_v1,ok,whole_grid_cosine_dual_leakage_penalty_v2,54,146,-0.011696705594658852,0.5,1.0,0.6900514128984697,0.8525320782523673,0.34484895132672305,0.5585372850946468,0.4520879067989089,1.345239078274308,0.7080875263285598,0.357950522378087,
perimeter__quarter_3__b010_p10000_s250,perimeter__quarter_3__p10000_s250,games10_possessions92_source4370615271_grid20x10_trajectory142_outcome242_baseline0.10_mc100_alpha0.05_min100_profiles2b1671cb4b,games10_possessions92_source4370615271_grid20x10_trajectory142_outcome242_baseline0.10_mc100_alpha0.05_min100_profiles2b1671cb4b_plandc0cd9facf,perimeter,quarter_3,14,b010_p10000_s250,p10000_s250,full_factorial_nested_prefix,10,10000,250,3485685853,2816551870,58.737748335152965,nested_prefix_median_v1,ok,whole_grid_cosine_dual_leakage_penalty_v2,54,146,-0.018419936764985323,0.5,1.0,0.7351582382255166,0.8787137080691615,0.300050264725002,0.6150554273455211,0.5145738142311842,1.16399947890131,0.498976332417477,0.3093340013176203,
perimeter__quarter_3__b050_p10000_s250,perimeter__quarter_3__p10000_s250,games10_possessions92_source4370615271_grid20x10_trajectory142_outcome242_baseline0.10_mc100_alpha0.05_min100_profiles2b1671cb4b,games10_possessions92_source4370615271_grid20x10_trajectory142_outcome242_baseline0.10_mc100_alpha0.05_min100_profiles2b1671cb4b_plandc0cd9facf,perimeter,quarter_3,29,b050_p10000_s250,p10000_s250,full_factorial_nested_prefix,50,10000,250,3485685853,2816551870,58.737748335152965,nested_prefix_median_v1,ok,whole_grid_cosine_dual_leakage_penalty_v2,54,146,-0.01103438576683402,0.5,1.0,0.7120362630318403,0.8694876189821894,0.3293785815523441,0.583097020364511,0.47750676870058095,1.0678981642571848,0.524502756562104,0.3159200455993414,
perimeter__quarter_3__b100_p10000_s250,perimeter__quarter_3__p10000_s250,games10_possessions92_source4370615271_grid20x10_trajectory142_outcome242_baseline0.10_mc100_alpha0.05_min100_profiles2b1671cb4b,games10_possessions92_source4370615271_grid20x10_trajectory142_outcome242_baseline0.10_mc100_alpha0.05_min100_profiles2b1671cb4b_plandc0cd9facf,perimeter,quarter_3,44,b100_p10000_s250,p10000_s250,full_factorial_nested_prefix,100,10000,250,3485685853,2816551870,58.737748335152965,nested_prefix_median_v1,ok,whole_grid_cosine_dual_leakage_penalty_v2,54,146,-0.01444651372730732,0.5,1.0,0.7277516260420529,0.8736517535871271,0.3061115428976491,0.606216867341335,0.5049784529480471,1.1276127970311942,0.4974506919048488,0.31821448765695093,
perimeter__quarter_4__b010_p00100_s050,perimeter__quarter_4__p00100_s050,games10_possessions92_source4370615271_grid20x10_trajectory142_outcome242_baseline0.10_mc100_alpha0.05_min100_profiles2b1671cb4b,games10_possessions92_source4370615271_grid20x10_trajectory142_outcome242_baseline0.10_mc100_alpha0.05_min100_profiles2b1671cb4b_plandc0cd9facf,perimeter,quarter_4,0,b010_p00100_s050,p00100_s050,full_factorial_nested_prefix,10,100,50,3771175008,4254392176,4.08092162889203,nested_prefix_median_v1,ok,whole_grid_cosine_dual_leakage_penalty_v2,54,146,-0.010289316298440099,0.5,1.0,0.5946936482121843,0.7664830778379749,0.39802083853177006,0.46140684047649216,0.3579931836812532,0.014228529248290664,0.009407719577311898,0.021018321625888348,
perimeter__quarter_4__b050_p00100_s050,perimeter__quarter_4__p00100_s050,games10_possessions92_source4370615271_grid20x10_trajectory142_outcome242_baseline0.10_mc100_alpha0.05_min100_profiles2b1671cb4b,games10_possessions92_source4370615271_grid20x10_trajectory142_outcome242_baseline0.10_mc100_alpha0.05_min100_profiles2b1671cb4b_plandc0cd9facf,perimeter,quarter_4,15,b050_p00100_s050,p00100_s050,full_factorial_nested_prefix,50,100,50,3771175008,4254392176,4.08092162889203,nested_prefix_median_v1,ok,whole_grid_cosine_dual_leakage_penalty_v2,54,146,-0.018723005428910255,0.5,1.0,0.6356683405726834,0.7776131232835582,0.33175764130985985,0.5196340276514116,0.4247805112489373,0.03908590780806932,0.019404709106254747,0.03398174699395895,
perimeter__quarter_4__b100_p00100_s050,perimeter__quarter_4__p00100_s050,games10_possessions92_source4370615271_grid20x10_trajectory142_outcome242_baseline0.10_mc100_alpha0.05_min100_profiles2b1671cb4b,games10_possessions92_source4370615271_grid20x10_trajectory142_outcome242_baseline0.10_mc100_alpha0.05_min100_profiles2b1671cb4b_plandc0cd9facf,perimeter,quarter_4,30,b100_p00100_s050,p00100_s050,full_factorial_nested_prefix,100,100,50,3771175008,4254392176,4.08092162889203,nested_prefix_median_v1,ok,whole_grid_cosine_dual_leakage_penalty_v2,54,146,-0.017369749955832958,0.5,1.0,0.6388548369131014,0.7780273056122734,0.32575971719309893,0.5245773505675106,0.43074166591284613,0.029307250390318652,0.014159820826949592,0.028259593551047145,
perimeter__quarter_4__b010_p00100_s100,perimeter__quarter_4__p00100_s100,games10_possessions92_source4370615271_grid20x10_trajectory142_outcome242_baseline0.10_mc100_alpha0.05_min100_profiles2b1671cb4b,games10_possessions92_source4370615271_grid20x10_trajectory142_outcome242_baseline0.10_mc100_alpha0.05_min100_profiles2b1671cb4b_plandc0cd9facf,perimeter,quarter_4,1,b010_p00100_s100,p00100_s100,full_factorial_nested_prefix,10,100,100,2016640081,514101266,4.959807282056227,nested_prefix_median_v1,ok,whole_grid_cosine_dual_leakage_penalty_v2,54,146,-0.0033716949983499944,0.5,1.0,0.607548752188882,0.7704151069851888,0.37811127073917805,0.47911247188635914,0.37782772146274185,0.005218524875440389,0.003172887655291816,0.012091609416529536,
perimeter__quarter_4__b050_p00100_s100,perimeter__quarter_4__p00100_s100,games10_possessions92_source4370615271_grid20x10_trajectory142_outcome242_baseline0.10_mc100_alpha0.05_min100_profiles2b1671cb4b,games10_possessions92_source4370615271_grid20x10_trajectory142_outcome242_baseline0.10_mc100_alpha0.05_min100_profiles2b1671cb4b_plandc0cd9facf,perimeter,quarter_4,16,b050_p00100_s100,p00100_s100,full_factorial_nested_prefix,50,100,100,2016640081,514101266,4.959807282056227,nested_prefix_median_v1,ok,whole_grid_cosine_dual_leakage_penalty_v2,54,146,-0.004855002975091338,0.5,1.0,0.6318308445506763,0.784095378659329,0.3506724072488361,0.5091347647121744,0.41026520131802546,0.008783084049366974,0.004743345671805892,0.015569826820865273,
perimeter__quarter_4__b100_p00100_s100,perimeter__quarter_4__p00100_s100,games10_possessions92_source4370615271_grid20x10_trajectory142_outcome242_baseline0.10_mc100_alpha0.05_min100_profiles2b1671cb4b,games10_possessions92_source4370615271_grid20x10_trajectory142_outcome242_baseline0.10_mc100_alpha0.05_min100_profiles2b1671cb4b_plandc0cd9facf,perimeter,quarter_4,31,b100_p00100_s100,p00100_s100,full_factorial_nested_prefix,100,100,100,2016640081,514101266,4.959807282056227,nested_prefix_median_v1,ok,whole_grid_cosine_dual_leakage_penalty_v2,54,146,-0.009012120310217142,0.5,1.0,0.6300200482270952,0.7811840144838781,0.3495677838322005,0.5081072497756073,0.4097853361984935,0.013837576555309723,0.0074368563699805015,0.018241224344819784,
perimeter__quarter_4__b010_p00100_s150,perimeter__quarter_4__p00100_s150,games10_possessions92_source4370615271_grid20x10_trajectory142_outcome242_baseline0.10_mc100_alpha0.05_min100_profiles2b1671cb4b,games10_possessions92_source4370615271_grid20x10_trajectory142_outcome242_baseline0.10_mc100_alpha0.05_min100_profiles2b1671cb4b_plandc0cd9facf,perimeter,quarter_4,2,b010_p00100_s150,p00100_s150,full_factorial_nested_prefix,10,100,150,1182809535,1649508036,4.7164418497545135,nested_prefix_median_v1,ok,whole_grid_cosine_dual_leakage_penalty_v2,54,146,-0.0038265851326286793,0.5,1.0,0.6538414968311274,0.7618284523303767,0.26340191837292826,0.5611613765154764,0.4816183922539815,0.015435175481592919,0.005519502336055146,0.01699977705720812,
perimeter__quarter_4__b050_p00100_s150,perimeter__quarter_4__p00100_s150,games10_possessions92_source4370615271_grid20x10_trajectory142_outcome242_baseline0.10_mc100_alpha0.05_min100_profiles2b1671cb4b,games10_possessions92_source4370615271_grid20x10_trajectory142_outcome242_baseline0.10_mc100_alpha0.05_min100_profiles2b1671cb4b_plandc0cd9facf,perimeter,quarter_4,17,b050_p00100_s150,p00100_s150,full_factorial_nested_prefix,50,100,150,1182809535,1649508036,4.7164418497545135,nested_prefix_median_v1,ok,whole_grid_cosine_dual_leakage_penalty_v2,54,146,-0.009205741807818413,0.5,1.0,0.6535940533533232,0.7897179224091778,0.3150289829569626,0.540933888489729,0.44769298345870706,0.028802063398432956,0.013246523595465055,0.027215798385441303,
perimeter__quarter_4__b100_p00100_s150,perimeter__quarter_4__p00100_s150,games10_possessions92_source4370615271_grid20x10_trajectory142_outcome242_baseline0.10_mc100_alpha0.05_min100_profiles2b1671cb4b,games10_possessions92_source4370615271_grid20x10_trajectory142_outcome242_baseline0.10_mc100_alpha0.05_min100_profiles2b1671cb4b_plandc0cd9facf,perimeter,quarter_4,32,b100_p00100_s150,p00100_s150,full_factorial_nested_prefix,100,100,150,1182809535,1649508036,4.7164418497545135,nested_prefix_median_v1,ok,whole_grid_cosine_dual_leakage_penalty_v2,54,146,-0.011918328236788511,0.5,1.0,0.6598482653696511,0.8042795922236963,0.3269085707062043,0.5413537002816787,0.4441382120546903,0.03233196697679244,0.0157030629904068,0.03185810102149844,
perimeter__quarter_4__b010_p00100_s200,perimeter__quarter_4__p00100_s200,games10_possessions92_source4370615271_grid20x10_trajectory142_outcome242_baseline0.10_mc100_alpha0.05_min100_profiles2b1671cb4b,games10_possessions92_source4370615271_grid20x10_trajectory142_outcome242_baseline0.10_mc100_alpha0.05_min100_profiles2b1671cb4b_plandc0cd9facf,perimeter,quarter_4,3,b010_p00100_s200,p00100_s200,full_factorial_nested_prefix,10,100,200,3764962087,3147680125,5.313713240656648,nested_prefix_median_v1,ok,whole_grid_cosine_dual_leakage_penalty_v2,54,146,-0.008856890024617314,0.5,1.0,0.6074221886328027,0.752168822066896,0.3478452688229349,0.4905304559548063,0.39613325413880995,0.011686169369398619,0.006233150710218703,0.022318148519843817,
perimeter__quarter_4__b050_p00100_s200,perimeter__quarter_4__p00100_s200,games10_possessions92_source4370615271_grid20x10_trajectory142_outcome242_baseline0.10_mc100_alpha0.05_min100_profiles2b1671cb4b,games10_possessions92_source4370615271_grid20x10_trajectory142_outcome242_baseline0.10_mc100_alpha0.05_min100_profiles2b1671cb4b_plandc0cd9facf,perimeter,quarter_4,18,b050_p00100_s200,p00100_s200,full_factorial_nested_prefix,50,100,200,3764962087,3147680125,5.313713240656648,nested_prefix_median_v1,ok,whole_grid_cosine_dual_leakage_penalty_v2,54,146,-0.006729054963216186,0.5,1.0,0.641947619516465,0.7844627685095116,0.3303397620049685,0.5253235242583209,0.42988679566573984,0.00897921169686479,0.004429396411253779,0.01745259389281273,
perimeter__quarter_4__b100_p00100_s200,perimeter__quarter_4__p00100_s200,games10_possessions92_source4370615271_grid20x10_trajectory142_outcome242_baseline0.10_mc100_alpha0.05_min100_profiles2b1671cb4b,games10_possessions92_source4370615271_grid20x10_trajectory142_outcome242_baseline0.10_mc100_alpha0.05_min100_profiles2b1671cb4b_plandc0cd9facf,perimeter,quarter_4,33,b100_p00100_s200,p00100_s200,full_factorial_nested_prefix,100,100,200,3764962087,3147680125,5.313713240656648,nested_prefix_median_v1,ok,whole_grid_cosine_dual_leakage_penalty_v2,54,146,-0.007709856610745192,0.5,1.0,0.650166769855717,0.7859194238673586,0.31562601428637477,0.5378628085618604,0.44495722366471036,0.01144907653309073,0.00528019250999293,0.018864456564188004,
perimeter__quarter_4__b010_p00100_s250,perimeter__quarter_4__p00100_s250,games10_possessions92_source4370615271_grid20x10_trajectory142_outcome242_baseline0.10_mc100_alpha0.05_min100_profiles2b1671cb4b,games10_possessions92_source4370615271_grid20x10_trajectory142_outcome242_baseline0.10_mc100_alpha0.05_min100_profiles2b1671cb4b_plandc0cd9facf,perimeter,quarter_4,4,b010_p00100_s250,p00100_s250,full_factorial_nested_prefix,10,100,250,3323179320,1196202878,5.690020274679967,nested_prefix_median_v1,ok,whole_grid_cosine_dual_leakage_penalty_v2,54,146,-0.01959886820986867,0.5,1.0,0.6348167430324907,0.7716496848983039,0.32320618871460444,0.5222477312194975,0.4296400429847409,0.09517944659236596,0.045453409390163055,0.04279642226174474,
perimeter__quarter_4__b050_p00100_s250,perimeter__quarter_4__p00100_s250,games10_possessions92_source4370615271_grid20x10_trajectory142_outcome242_baseline0.10_mc100_alpha0.05_min100_profiles2b1671cb4b,games10_possessions92_source4370615271_grid20x10_trajectory142_outcome242_baseline0.10_mc100_alpha0.05_min100_profiles2b1671cb4b_plandc0cd9facf,perimeter,quarter_4,19,b050_p00100_s250,p00100_s250,full_factorial_nested_prefix,50,100,250,3323179320,1196202878,5.690020274679967,nested_prefix_median_v1,ok,whole_grid_cosine_dual_leakage_penalty_v2,54,146,-0.010131833609193563,0.5,1.0,0.6487951979943427,0.7815800068717667,0.31092202182151496,0.5385695709199235,0.4470704832858516,0.0225861159333888,0.010191184529895692,0.024128826335072517,
perimeter__quarter_4__b100_p00100_s250,perimeter__quarter_4__p00100_s250,games10_possessions92_source4370615271_grid20x10_trajectory142_outcome242_baseline0.10_mc100_alpha0.05_min100_profiles2b1671cb4b,games10_possessions92_source4370615271_grid20x10_trajectory142_outcome242_baseline0.10_mc100_alpha0.05_min100_profiles2b1671cb4b_plandc0cd9facf,perimeter,quarter_4,34,b100_p00100_s250,p00100_s250,full_factorial_nested_prefix,100,100,250,3323179320,1196202878,5.690020274679967,nested_prefix_median_v1,ok,whole_grid_cosine_dual_leakage_penalty_v2,54,146,-0.007819661870598793,0.5,1.0,0.648337712608088,0.7756970027861985,0.3014164703835517,0.5418891501192825,0.4529180476572126,0.017047836115503312,0.007355596534652767,0.0230103712528944,
perimeter__quarter_4__b010_p01000_s050,perimeter__quarter_4__p01000_s050,games10_possessions92_source4370615271_grid20x10_trajectory142_outcome242_baseline0.10_mc100_alpha0.05_min100_profiles2b1671cb4b,games10_possessions92_source4370615271_grid20x10_trajectory142_outcome242_baseline0.10_mc100_alpha0.05_min100_profiles2b1671cb4b_plandc0cd9facf,perimeter,quarter_4,5,b010_p01000_s050,p01000_s050,full_factorial_nested_prefix,10,1000,50,3006037492,807249823,12.240533186656284,nested_prefix_median_v1,ok,whole_grid_cosine_dual_leakage_penalty_v2,54,146,-0.07866171002388,0.5,1.0,0.7864452962768255,0.9548878783253947,0.321683661544952,0.6477160492607912,0.5334586937656917,1.651306248499609,0.7831128490274675,0.25608763471245766,
perimeter__quarter_4__b050_p01000_s050,perimeter__quarter_4__p01000_s050,games10_possessions92_source4370615271_grid20x10_trajectory142_outcome242_baseline0.10_mc100_alpha0.05_min100_profiles2b1671cb4b,games10_possessions92_source4370615271_grid20x10_trajectory142_outcome242_baseline0.10_mc100_alpha0.05_min100_profiles2b1671cb4b_plandc0cd9facf,perimeter,quarter_4,20,b050_p01000_s050,p01000_s050,full_factorial_nested_prefix,50,1000,50,3006037492,807249823,12.240533186656284,nested_prefix_median_v1,ok,whole_grid_cosine_dual_leakage_penalty_v2,54,146,-0.07719600200653076,0.5,1.0,0.8037224675783379,0.9589421095450527,0.2975305562985618,0.6736275302339967,0.5645904746901023,1.7134244710057558,0.7257200161585731,0.26597945783287286,
perimeter__quarter_4__b100_p01000_s050,perimeter__quarter_4__p01000_s050,games10_possessions92_source4370615271_grid20x10_trajectory142_outcome242_baseline0.10_mc100_alpha0.05_min100_profiles2b1671cb4b,games10_possessions92_source4370615271_grid20x10_trajectory142_outcome242_baseline0.10_mc100_alpha0.05_min100_profiles2b1671cb4b_plandc0cd9facf,perimeter,quarter_4,35,b100_p01000_s050,p01000_s050,full_factorial_nested_prefix,100,1000,50,3006037492,807249823,12.240533186656284,nested_prefix_median_v1,ok,whole_grid_cosine_dual_leakage_penalty_v2,54,146,-0.07722535356879234,0.5,1.0,0.804798985791832,0.9611745565237462,0.2989155915176806,0.6738644954087063,0.5642320209010371,1.7203485608018454,0.7334908627933674,0.26626156847923993,
perimeter__quarter_4__b010_p01000_s100,perimeter__quarter_4__p01000_s100,games10_possessions92_source4370615271_grid20x10_trajectory142_outcome242_baseline0.10_mc100_alpha0.05_min100_profiles2b1671cb4b,games10_possessions92_source4370615271_grid20x10_trajectory142_outcome242_baseline0.10_mc100_alpha0.05_min100_profiles2b1671cb4b_plandc0cd9facf,perimeter,quarter_4,6,b010_p01000_s100,p01000_s100,full_factorial_nested_prefix,10,1000,100,1763655778,3189654866,14.36085838066549,nested_prefix_median_v1,ok,whole_grid_cosine_dual_leakage_penalty_v2,54,146,-0.0660866778343916,0.5,1.0,0.8146182485857308,0.97525493766243,0.3022948097422676,0.6804404318315587,0.5683633801169281,1.4841024944539045,0.6430172621092892,0.26291047409176826,
perimeter__quarter_4__b050_p01000_s100,perimeter__quarter_4__p01000_s100,games10_possessions92_source4370615271_grid20x10_trajectory142_outcome242_baseline0.10_mc100_alpha0.05_min100_profiles2b1671cb4b,games10_possessions92_source4370615271_grid20x10_trajectory142_outcome242_baseline0.10_mc100_alpha0.05_min100_profiles2b1671cb4b_plandc0cd9facf,perimeter,quarter_4,21,b050_p01000_s100,p01000_s100,full_factorial_nested_prefix,50,1000,100,1763655778,3189654866,14.36085838066549,nested_prefix_median_v1,ok,whole_grid_cosine_dual_leakage_penalty_v2,54,146,-0.06539564579725266,0.5,1.0,0.8212196216772719,0.9706872252602247,0.28425222458276717,0.6947672221059321,0.5877861173444889,1.465374171727373,0.5819590119114562,0.266532976180315,
perimeter__quarter_4__b100_p01000_s100,perimeter__quarter_4__p01000_s100,games10_possessions92_source4370615271_grid20x10_trajectory142_outcome242_baseline0.10_mc100_alpha0.05_min100_profiles2b1671cb4b,games10_possessions92_source4370615271_grid20x10_trajectory142_outcome242_baseline0.10_mc100_alpha0.05_min100_profiles2b1671cb4b_plandc0cd9facf,perimeter,quarter_4,36,b100_p01000_s100,p01000_s100,full_factorial_nested_prefix,100,1000,100,1763655778,3189654866,14.36085838066549,nested_prefix_median_v1,ok,whole_grid_cosine_dual_leakage_penalty_v2,54,146,-0.06490834429860115,0.5,1.0,0.8295958130219319,0.9698404585735627,0.2683009216604065,0.7096313696747245,0.6070144917825333,1.4400939031137399,0.5280565917340461,0.25880325585603714,
perimeter__quarter_4__b500_p01000_s100,perimeter__quarter_4__p01000_s100,games10_possessions92_source4370615271_grid20x10_trajectory142_outcome242_baseline0.10_mc100_alpha0.05_min100_profiles2b1671cb4b,games10_possessions92_source4370615271_grid20x10_trajectory142_outcome242_baseline0.10_mc100_alpha0.05_min100_profiles2b1671cb4b_plandc0cd9facf,perimeter,quarter_4,12,b500_p01000_s100,p01000_s100,targeted_nested_prefix,500,1000,100,1763655778,3189654866,14.36085838066549,nested_prefix_median_v1,ok,whole_grid_cosine_dual_leakage_penalty_v2,54,146,-0.06364727392792702,0.5,1.0,0.8255279819404422,0.970959465575907,0.2771280091669285,0.7018794018990709,0.5967510557936954,1.4352460539403618,0.5502314194450948,0.25913544166833163,
perimeter__quarter_4__b010_p01000_s150,perimeter__quarter_4__p01000_s150,games10_possessions92_source4370615271_grid20x10_trajectory142_outcome242_baseline0.10_mc100_alpha0.05_min100_profiles2b1671cb4b,games10_possessions92_source4370615271_grid20x10_trajectory142_outcome242_baseline0.10_mc100_alpha0.05_min100_profiles2b1671cb4b_plandc0cd9facf,perimeter,quarter_4,7,b010_p01000_s150,p01000_s150,full_factorial_nested_prefix,10,1000,150,797757005,2344561195,14.745024697031798,nested_prefix_median_v1,ok,whole_grid_cosine_dual_leakage_penalty_v2,54,146,-0.05544079467654228,0.5,1.0,0.835041794812054,0.9742093795635526,0.26529700072490775,0.715754553087269,0.6135077111684721,1.4363118347477772,0.5186438904431363,0.26618533581495285,
perimeter__quarter_4__b050_p01000_s150,perimeter__quarter_4__p01000_s150,games10_possessions92_source4370615271_grid20x10_trajectory142_outcome242_baseline0.10_mc100_alpha0.05_min100_profiles2b1671cb4b,games10_possessions92_source4370615271_grid20x10_trajectory142_outcome242_baseline0.10_mc100_alpha0.05_min100_profiles2b1671cb4b_plandc0cd9facf,perimeter,quarter_4,22,b050_p01000_s150,p01000_s150,full_factorial_nested_prefix,50,1000,150,797757005,2344561195,14.745024697031798,nested_prefix_median_v1,ok,whole_grid_cosine_dual_leakage_penalty_v2,54,146,-0.05736850015819073,0.5,1.0,0.839451203579865,0.9754975008639534,0.2594769349418489,0.7223783992963413,0.6216329782417157,1.4138279861246736,0.4954008452739134,0.27187927439808846,
perimeter__quarter_4__b100_p01000_s150,perimeter__quarter_4__p01000_s150,games10_possessions92_source4370615271_grid20x10_trajectory142_outcome242_baseline0.10_mc100_alpha0.05_min100_profiles2b1671cb4b,games10_possessions92_source4370615271_grid20x10_trajectory142_outcome242_baseline0.10_mc100_alpha0.05_min100_profiles2b1671cb4b_plandc0cd9facf,perimeter,quarter_4,37,b100_p01000_s150,p01000_s150,full_factorial_nested_prefix,100,1000,150,797757005,2344561195,14.745024697031798,nested_prefix_median_v1,ok,whole_grid_cosine_dual_leakage_penalty_v2,54,146,-0.05668201670050621,0.5,1.0,0.8358135327623248,0.9750465083686687,0.2652017145208576,0.7164625026117221,0.6141543508540213,1.393361217249268,0.5028887397585852,0.268392451107502,
perimeter__quarter_4__b010_p01000_s200,perimeter__quarter_4__p01000_s200,games10_possessions92_source4370615271_grid20x10_trajectory142_outcome242_baseline0.10_mc100_alpha0.05_min100_profiles2b1671cb4b,games10_possessions92_source4370615271_grid20x10_trajectory142_outcome242_baseline0.10_mc100_alpha0.05_min100_profiles2b1671cb4b_plandc0cd9facf,perimeter,quarter_4,8,b010_p01000_s200,p01000_s200,full_factorial_nested_prefix,10,1000,200,2788884382,1326152555,16.015001405886817,nested_prefix_median_v1,ok,whole_grid_cosine_dual_leakage_penalty_v2,54,146,-0.06297625787556171,0.5,1.0,0.8289975254960982,0.9877670644129148,0.29563561891987455,0.6957479369765353,0.5839163289630147,1.3340570580696334,0.5599300513067518,0.23882970958948135,
perimeter__quarter_4__b050_p01000_s200,perimeter__quarter_4__p01000_s200,games10_possessions92_source4370615271_grid20x10_trajectory142_outcome242_baseline0.10_mc100_alpha0.05_min100_profiles2b1671cb4b,games10_possessions92_source4370615271_grid20x10_trajectory142_outcome242_baseline0.10_mc100_alpha0.05_min100_profiles2b1671cb4b_plandc0cd9facf,perimeter,quarter_4,23,b050_p01000_s200,p01000_s200,full_factorial_nested_prefix,50,1000,200,2788884382,1326152555,16.015001405886817,nested_prefix_median_v1,ok,whole_grid_cosine_dual_leakage_penalty_v2,54,146,-0.056087782606482506,0.5,1.0,0.8335627777460649,0.9865126799066415,0.28604427076938155,0.7043263797779978,0.5951269208451917,1.2285428042788584,0.4922120744623984,0.23443013802170753,
perimeter__quarter_4__b100_p01000_s200,perimeter__quarter_4__p01000_s200,games10_possessions92_source4370615271_grid20x10_trajectory142_outcome242_baseline0.10_mc100_alpha0.05_min100_profiles2b1671cb4b,games10_possessions92_source4370615271_grid20x10_trajectory142_outcome242_baseline0.10_mc100_alpha0.05_min100_profiles2b1671cb4b_plandc0cd9facf,perimeter,quarter_4,38,b100_p01000_s200,p01000_s200,full_factorial_nested_prefix,100,1000,200,2788884382,1326152555,16.015001405886817,nested_prefix_median_v1,ok,whole_grid_cosine_dual_leakage_penalty_v2,54,146,-0.05434330180287361,0.5,1.0,0.8378869230023376,0.982480907716544,0.27268493116000303,0.7145731690298407,0.6094077850835784,1.1959073021878461,0.4483695090917719,0.24349674955010414,
perimeter__quarter_4__b010_p01000_s250,perimeter__quarter_4__p01000_s250,games10_possessions92_source4370615271_grid20x10_trajectory142_outcome242_baseline0.10_mc100_alpha0.05_min100_profiles2b1671cb4b,games10_possessions92_source4370615271_grid20x10_trajectory142_outcome242_baseline0.10_mc100_alpha0.05_min100_profiles2b1671cb4b_plandc0cd9facf,perimeter,quarter_4,9,b010_p01000_s250,p01000_s250,full_factorial_nested_prefix,10,1000,250,124805235,1714564753,16.192010543115796,nested_prefix_median_v1,ok,whole_grid_cosine_dual_leakage_penalty_v2,54,146,-0.05660071782767773,0.5,1.0,0.8328527879563454,0.9864614686112865,0.28718597651928063,0.7031635684495107,0.593669146750297,1.3211163913928177,0.5322652030681281,0.24062440916895866,
perimeter__quarter_4__b050_p01000_s250,perimeter__quarter_4__p01000_s250,games10_possessions92_source4370615271_grid20x10_trajectory142_outcome242_baseline0.10_mc100_alpha0.05_min100_profiles2b1671cb4b,games10_possessions92_source4370615271_grid20x10_trajectory142_outcome242_baseline0.10_mc100_alpha0.05_min100_profiles2b1671cb4b_plandc0cd9facf,perimeter,quarter_4,24,b050_p01000_s250,p01000_s250,full_factorial_nested_prefix,50,1000,250,124805235,1714564753,16.192010543115796,nested_prefix_median_v1,ok,whole_grid_cosine_dual_leakage_penalty_v2,54,146,-0.053822871297597885,0.5,1.0,0.8382486226466679,0.9866004289397129,0.27812317901556716,0.7122039812248778,0.605112250910756,1.1602328725033408,0.44701207396982073,0.24169378355145454,
perimeter__quarter_4__b100_p01000_s250,perimeter__quarter_4__p01000_s250,games10_possessions92_source4370615271_grid20x10_trajectory142_outcome242_baseline0.10_mc100_alpha0.05_min100_profiles2b1671cb4b,games10_possessions92_source4370615271_grid20x10_trajectory142_outcome242_baseline0.10_mc100_alpha0.05_min100_profiles2b1671cb4b_plandc0cd9facf,perimeter,quarter_4,39,b100_p01000_s250,p01000_s250,full_factorial_nested_prefix,100,1000,250,124805235,1714564753,16.192010543115796,nested_prefix_median_v1,ok,whole_grid_cosine_dual_leakage_penalty_v2,54,146,-0.053484201431274414,0.5,1.0,0.838612139707771,0.9854882202537271,0.275865206695019,0.7136263086779261,0.6072682284503346,1.2040870098518577,0.4587070182549192,0.24854207411408424,
perimeter__quarter_4__b050_p02500_s150,perimeter__quarter_4__p02500_s150,games10_possessions92_source4370615271_grid20x10_trajectory142_outcome242_baseline0.10_mc100_alpha0.05_min100_profiles2b1671cb4b,games10_possessions92_source4370615271_grid20x10_trajectory142_outcome242_baseline0.10_mc100_alpha0.05_min100_profiles2b1671cb4b_plandc0cd9facf,perimeter,quarter_4,3,b050_p02500_s150,p02500_s150,full_factorial_nested_prefix,50,2500,150,2304242463,1036909731,28.553885033364413,nested_prefix_median_v1,ok,whole_grid_cosine_dual_leakage_penalty_v2,54,146,-0.06465382128953934,0.5,1.0,0.8402730101511315,0.969402583195548,0.24866696795411847,0.728344182105421,0.6313248684631695,2.053862261388352,0.6797620753397704,0.3355103062465787,
perimeter__quarter_4__b100_p02500_s150,perimeter__quarter_4__p02500_s150,games10_possessions92_source4370615271_grid20x10_trajectory142_outcome242_baseline0.10_mc100_alpha0.05_min100_profiles2b1671cb4b,games10_possessions92_source4370615271_grid20x10_trajectory142_outcome242_baseline0.10_mc100_alpha0.05_min100_profiles2b1671cb4b_plandc0cd9facf,perimeter,quarter_4,9,b100_p02500_s150,p02500_s150,full_factorial_nested_prefix,100,2500,150,2304242463,1036909731,28.553885033364413,nested_prefix_median_v1,ok,whole_grid_cosine_dual_leakage_penalty_v2,54,146,-0.06503238156437874,0.5,1.0,0.8422720230590647,0.9702181365332802,0.2463564731367881,0.7311986182435944,0.634772858036446,2.0642548778720515,0.6747786363728319,0.33171938359737396,
perimeter__quarter_4__b050_p02500_s200,perimeter__quarter_4__p02500_s200,games10_possessions92_source4370615271_grid20x10_trajectory142_outcome242_baseline0.10_mc100_alpha0.05_min100_profiles2b1671cb4b,games10_possessions92_source4370615271_grid20x10_trajectory142_outcome242_baseline0.10_mc100_alpha0.05_min100_profiles2b1671cb4b_plandc0cd9facf,perimeter,quarter_4,4,b050_p02500_s200,p02500_s200,full_factorial_nested_prefix,50,2500,200,1241465810,114016078,26.42606095937628,nested_prefix_median_v1,ok,whole_grid_cosine_dual_leakage_penalty_v2,54,146,-0.06440229341387749,0.5,1.0,0.8464619065565842,0.969088087770833,0.23706361677054524,0.7393525607146278,0.645796585529789,2.261328603099661,0.7026519499414982,0.35410603024065496,
perimeter__quarter_4__b100_p02500_s200,perimeter__quarter_4__p02500_s200,games10_possessions92_source4370615271_grid20x10_trajectory142_outcome242_baseline0.10_mc100_alpha0.05_min100_profiles2b1671cb4b,games10_possessions92_source4370615271_grid20x10_trajectory142_outcome242_baseline0.10_mc100_alpha0.05_min100_profiles2b1671cb4b_plandc0cd9facf,perimeter,quarter_4,10,b100_p02500_s200,p02500_s200,full_factorial_nested_prefix,100,2500,200,1241465810,114016078,26.42606095937628,nested_prefix_median_v1,ok,whole_grid_cosine_dual_leakage_penalty_v2,54,146,-0.06440229341387749,0.5,1.0,0.8464462319608063,0.969324915116753,0.23746461713645803,0.7391445452677234,0.6454452015616359,2.2145285675019872,0.6896364289940297,0.34933898635208604,
perimeter__quarter_4__b050_p02500_s250,perimeter__quarter_4__p02500_s250,games10_possessions92_source4370615271_grid20x10_trajectory142_outcome242_baseline0.10_mc100_alpha0.05_min100_profiles2b1671cb4b,games10_possessions92_source4370615271_grid20x10_trajectory142_outcome242_baseline0.10_mc100_alpha0.05_min100_profiles2b1671cb4b_plandc0cd9facf,perimeter,quarter_4,5,b050_p02500_s250,p02500_s250,full_factorial_nested_prefix,50,2500,250,2443634533,1190796947,25.334207053060027,nested_prefix_median_v1,ok,whole_grid_cosine_dual_leakage_penalty_v2,54,146,-0.061966197565197945,0.5,1.0,0.8476566233887074,0.97154286740047,0.2387698444456051,0.7395677280790227,0.6452617832788988,2.1644550891155276,0.6789097898535413,0.3449864860624075,
perimeter__quarter_4__b100_p02500_s250,perimeter__quarter_4__p02500_s250,games10_possessions92_source4370615271_grid20x10_trajectory142_outcome242_baseline0.10_mc100_alpha0.05_min100_profiles2b1671cb4b,games10_possessions92_source4370615271_grid20x10_trajectory142_outcome242_baseline0.10_mc100_alpha0.05_min100_profiles2b1671cb4b_plandc0cd9facf,perimeter,quarter_4,11,b100_p02500_s250,p02500_s250,full_factorial_nested_prefix,100,2500,250,2443634533,1190796947,25.334207053060027,nested_prefix_median_v1,ok,whole_grid_cosine_dual_leakage_penalty_v2,54,146,-0.06292334571480751,0.5,1.0,0.8478799968748191,0.970631184947967,0.23693717123708008,0.7406525776719007,0.6469857088667952,2.2466879007077525,0.6976147386307284,0.352040309086442,
perimeter__quarter_4__b010_p10000_s050,perimeter__quarter_4__p10000_s050,games10_possessions92_source4370615271_grid20x10_trajectory142_outcome242_baseline0.10_mc100_alpha0.05_min100_profiles2b1671cb4b,games10_possessions92_source4370615271_grid20x10_trajectory142_outcome242_baseline0.10_mc100_alpha0.05_min100_profiles2b1671cb4b_plandc0cd9facf,perimeter,quarter_4,10,b010_p10000_s050,p10000_s050,full_factorial_nested_prefix,10,10000,50,3895058926,620831897,42.31331470207464,nested_prefix_median_v1,ok,whole_grid_cosine_dual_leakage_penalty_v2,54,146,-0.0869312733411789,0.5,1.0,0.8165825547952386,0.9229354142137642,0.21718782129090136,0.7224850824084613,0.6392307688151027,4.890847763846533,1.3569443590504513,0.5293455883860587,
perimeter__quarter_4__b050_p10000_s050,perimeter__quarter_4__p10000_s050,games10_possessions92_source4370615271_grid20x10_trajectory142_outcome242_baseline0.10_mc100_alpha0.05_min100_profiles2b1671cb4b,games10_possessions92_source4370615271_grid20x10_trajectory142_outcome242_baseline0.10_mc100_alpha0.05_min100_profiles2b1671cb4b_plandc0cd9facf,perimeter,quarter_4,25,b050_p10000_s050,p10000_s050,full_factorial_nested_prefix,50,10000,50,3895058926,620831897,42.31331470207464,nested_prefix_median_v1,ok,whole_grid_cosine_dual_leakage_penalty_v2,54,146,-0.09123527258634567,0.5,1.0,0.820869813490794,0.9283721438723436,0.21818433330670753,0.7258158866010376,0.6417688805027038,4.96733513300366,1.3862534999961356,0.5080941736698148,
perimeter__quarter_4__b100_p10000_s050,perimeter__quarter_4__p10000_s050,games10_possessions92_source4370615271_grid20x10_trajectory142_outcome242_baseline0.10_mc100_alpha0.05_min100_profiles2b1671cb4b,games10_possessions92_source4370615271_grid20x10_trajectory142_outcome242_baseline0.10_mc100_alpha0.05_min100_profiles2b1671cb4b_plandc0cd9facf,perimeter,quarter_4,40,b100_p10000_s050,p10000_s050,full_factorial_nested_prefix,100,10000,50,3895058926,620831897,42.31331470207464,nested_prefix_median_v1,ok,whole_grid_cosine_dual_leakage_penalty_v2,54,146,-0.0904892161488533,0.5,1.0,0.8219713308139621,0.9282266874001183,0.21583899967529036,0.7278791677197685,0.6445578610093095,4.9303546232375215,1.3570718379049396,0.5085914582014082,
perimeter__quarter_4__b010_p10000_s100,perimeter__quarter_4__p10000_s100,games10_possessions92_source4370615271_grid20x10_trajectory142_outcome242_baseline0.10_mc100_alpha0.05_min100_profiles2b1671cb4b,games10_possessions92_source4370615271_grid20x10_trajectory142_outcome242_baseline0.10_mc100_alpha0.05_min100_profiles2b1671cb4b_plandc0cd9facf,perimeter,quarter_4,11,b010_p10000_s100,p10000_s100,full_factorial_nested_prefix,10,10000,100,2168235201,1487491488,48.60961945725459,nested_prefix_median_v1,ok,whole_grid_cosine_dual_leakage_penalty_v2,54,146,-0.0770648904144764,0.5,1.0,0.8356905526448261,0.9347014736445463,0.20063499729913667,0.7471676460043737,0.6680217808720174,4.470956709312894,1.1221787096841844,0.44870042614638733,
perimeter__quarter_4__b050_p10000_s100,perimeter__quarter_4__p10000_s100,games10_possessions92_source4370615271_grid20x10_trajectory142_outcome242_baseline0.10_mc100_alpha0.05_min100_profiles2b1671cb4b,games10_possessions92_source4370615271_grid20x10_trajectory142_outcome242_baseline0.10_mc100_alpha0.05_min100_profiles2b1671cb4b_plandc0cd9facf,perimeter,quarter_4,26,b050_p10000_s100,p10000_s100,full_factorial_nested_prefix,50,10000,100,2168235201,1487491488,48.60961945725459,nested_prefix_median_v1,ok,whole_grid_cosine_dual_leakage_penalty_v2,54,146,-0.07829495891928673,0.5,1.0,0.8335641125679484,0.9353320764264907,0.20576986607349654,0.7428689203259663,0.6620417367611686,4.35011761918713,1.1270324326260408,0.4500584729015824,
perimeter__quarter_4__b100_p10000_s100,perimeter__quarter_4__p10000_s100,games10_possessions92_source4370615271_grid20x10_trajectory142_outcome242_baseline0.10_mc100_alpha0.05_min100_profiles2b1671cb4b,games10_possessions92_source4370615271_grid20x10_trajectory142_outcome242_baseline0.10_mc100_alpha0.05_min100_profiles2b1671cb4b_plandc0cd9facf,perimeter,quarter_4,41,b100_p10000_s100,p10000_s100,full_factorial_nested_prefix,100,10000,100,2168235201,1487491488,48.60961945725459,nested_prefix_median_v1,ok,whole_grid_cosine_dual_leakage_penalty_v2,54,146,-0.07722484692931175,0.5,1.0,0.8336725202768379,0.9345665396967118,0.20426123236187996,0.7436708265740837,0.6633855438988566,4.334452927989397,1.112627325313765,0.452970517799258,
perimeter__quarter_4__b010_p10000_s150,perimeter__quarter_4__p10000_s150,games10_possessions92_source4370615271_grid20x10_trajectory142_outcome242_baseline0.10_mc100_alpha0.05_min100_profiles2b1671cb4b,games10_possessions92_source4370615271_grid20x10_trajectory142_outcome242_baseline0.10_mc100_alpha0.05_min100_profiles2b1671cb4b_plandc0cd9facf,perimeter,quarter_4,12,b010_p10000_s150,p10000_s150,full_factorial_nested_prefix,10,10000,150,546574915,570931341,54.07542784023256,nested_prefix_median_v1,ok,whole_grid_cosine_dual_leakage_penalty_v2,54,146,-0.07430208288133144,0.5,1.0,0.8362976419433737,0.9416903218111741,0.21131145982526797,0.7427003652059285,0.6595783663758902,3.9570549907390142,1.0602044078346462,0.44612084925174683,
perimeter__quarter_4__b050_p10000_s150,perimeter__quarter_4__p10000_s150,games10_possessions92_source4370615271_grid20x10_trajectory142_outcome242_baseline0.10_mc100_alpha0.05_min100_profiles2b1671cb4b,games10_possessions92_source4370615271_grid20x10_trajectory142_outcome242_baseline0.10_mc100_alpha0.05_min100_profiles2b1671cb4b_plandc0cd9facf,perimeter,quarter_4,27,b050_p10000_s150,p10000_s150,full_factorial_nested_prefix,50,10000,150,546574915,570931341,54.07542784023256,nested_prefix_median_v1,ok,whole_grid_cosine_dual_leakage_penalty_v2,54,146,-0.07174870558083057,0.5,1.0,0.8402903696183781,0.9418860474106316,0.20409351127750402,0.749653216771306,0.6687925575902917,3.871367513465297,0.9927309306612264,0.44442526698112483,
perimeter__quarter_4__b100_p10000_s150,perimeter__quarter_4__p10000_s150,games10_possessions92_source4370615271_grid20x10_trajectory142_outcome242_baseline0.10_mc100_alpha0.05_min100_profiles2b1671cb4b,games10_possessions92_source4370615271_grid20x10_trajectory142_outcome242_baseline0.10_mc100_alpha0.05_min100_profiles2b1671cb4b_plandc0cd9facf,perimeter,quarter_4,42,b100_p10000_s150,p10000_s150,full_factorial_nested_prefix,100,10000,150,546574915,570931341,54.07542784023256,nested_prefix_median_v1,ok,whole_grid_cosine_dual_leakage_penalty_v2,54,146,-0.07089047692716122,0.5,1.0,0.8403589981344354,0.9428815970075138,0.205643615253324,0.7489840166430611,0.6675445356474088,3.8729246254526486,1.0026258199406275,0.44052108414471136,
perimeter__quarter_4__b010_p10000_s200,perimeter__quarter_4__p10000_s200,games10_possessions92_source4370615271_grid20x10_trajectory142_outcome242_baseline0.10_mc100_alpha0.05_min100_profiles2b1671cb4b,games10_possessions92_source4370615271_grid20x10_trajectory142_outcome242_baseline0.10_mc100_alpha0.05_min100_profiles2b1671cb4b_plandc0cd9facf,perimeter,quarter_4,13,b010_p10000_s200,p10000_s200,full_factorial_nested_prefix,10,10000,200,1843621212,2642644385,54.04576126680535,nested_prefix_median_v1,ok,whole_grid_cosine_dual_leakage_penalty_v2,54,146,-0.07980813458561897,0.5,1.0,0.8423851197817815,0.9501640879389921,0.21399709802335365,0.7468317304740412,0.6621171487304252,4.159375590189741,1.1324313226469804,0.46970767080783793,
perimeter__quarter_4__b050_p10000_s200,perimeter__quarter_4__p10000_s200,games10_possessions92_source4370615271_grid20x10_trajectory142_outcome242_baseline0.10_mc100_alpha0.05_min100_profiles2b1671cb4b,games10_possessions92_source4370615271_grid20x10_trajectory142_outcome242_baseline0.10_mc100_alpha0.05_min100_profiles2b1671cb4b_plandc0cd9facf,perimeter,quarter_4,28,b050_p10000_s200,p10000_s200,full_factorial_nested_prefix,50,10000,200,1843621212,2642644385,54.04576126680535,nested_prefix_median_v1,ok,whole_grid_cosine_dual_leakage_penalty_v2,54,146,-0.07471051067113876,0.5,1.0,0.8399093993403007,0.9460285804309698,0.21176381332492614,0.745693960724541,0.6620469820885505,3.976963923861028,1.0684323559476903,0.4498903837054963,
perimeter__quarter_4__b100_p10000_s200,perimeter__quarter_4__p10000_s200,games10_possessions92_source4370615271_grid20x10_trajectory142_outcome242_baseline0.10_mc100_alpha0.05_min100_profiles2b1671cb4b,games10_possessions92_source4370615271_grid20x10_trajectory142_outcome242_baseline0.10_mc100_alpha0.05_min100_profiles2b1671cb4b_plandc0cd9facf,perimeter,quarter_4,43,b100_p10000_s200,p10000_s200,full_factorial_nested_prefix,100,10000,200,1843621212,2642644385,54.04576126680535,nested_prefix_median_v1,ok,whole_grid_cosine_dual_leakage_penalty_v2,54,146,-0.07535400241613388,0.5,1.0,0.8403055556767371,0.946326950315926,0.2115175108792246,0.7461622293071735,0.66256621616201,3.9630702051883,1.0631291839794395,0.4524513076990838,
perimeter__quarter_4__b010_p10000_s250,perimeter__quarter_4__p10000_s250,games10_possessions92_source4370615271_grid20x10_trajectory142_outcome242_baseline0.10_mc100_alpha0.05_min100_profiles2b1671cb4b,games10_possessions92_source4370615271_grid20x10_trajectory142_outcome242_baseline0.10_mc100_alpha0.05_min100_profiles2b1671cb4b_plandc0cd9facf,perimeter,quarter_4,14,b010_p10000_s250,p10000_s250,full_factorial_nested_prefix,10,10000,250,3430126955,2769621107,55.90514612067948,nested_prefix_median_v1,ok,whole_grid_cosine_dual_leakage_penalty_v2,54,146,-0.07468102127313614,0.5,1.0,0.8389386751216319,0.9461569048806149,0.21379807022925598,0.7438703844830536,0.6595752053399383,3.908537440099729,1.0628793067905464,0.4893197361379862,
perimeter__quarter_4__b050_p10000_s250,perimeter__quarter_4__p10000_s250,games10_possessions92_source4370615271_grid20x10_trajectory142_outcome242_baseline0.10_mc100_alpha0.05_min100_profiles2b1671cb4b,games10_possessions92_source4370615271_grid20x10_trajectory142_outcome242_baseline0.10_mc100_alpha0.05_min100_profiles2b1671cb4b_plandc0cd9facf,perimeter,quarter_4,29,b050_p10000_s250,p10000_s250,full_factorial_nested_prefix,50,10000,250,3430126955,2769621107,55.90514612067948,nested_prefix_median_v1,ok,whole_grid_cosine_dual_leakage_penalty_v2,54,146,-0.07921704463660717,0.5,1.0,0.8410826725767345,0.9504599252100742,0.21691347355706614,0.7442923613559675,0.6586405085194545,3.9599934248360853,1.0969106223115874,0.473676449432969,
perimeter__quarter_4__b100_p10000_s250,perimeter__quarter_4__p10000_s250,games10_possessions92_source4370615271_grid20x10_trajectory142_outcome242_baseline0.10_mc100_alpha0.05_min100_profiles2b1671cb4b,games10_possessions92_source4370615271_grid20x10_trajectory142_outcome242_baseline0.10_mc100_alpha0.05_min100_profiles2b1671cb4b_plandc0cd9facf,perimeter,quarter_4,44,b100_p10000_s250,p10000_s250,full_factorial_nested_prefix,100,10000,250,3430126955,2769621107,55.90514612067948,nested_prefix_median_v1,ok,whole_grid_cosine_dual_leakage_penalty_v2,54,146,-0.07896675541996956,0.5,1.0,0.8395246821812364,0.9505326319770236,0.21993125702981153,0.7414807953784617,0.6548869635215641,3.9484785719461075,1.1132273450374228,0.4724580004811286,
reference__full_game__b010_p00100_s050,reference__full_game__p00100_s050,games10_possessions92_source4370615271_grid20x10_trajectory142_outcome242_baseline0.10_mc100_alpha0.05_min100_profiles2b1671cb4b,games10_possessions92_source4370615271_grid20x10_trajectory142_outcome242_baseline0.10_mc100_alpha0.05_min100_profiles2b1671cb4b_plandc0cd9facf,reference,full_game,0,b010_p00100_s050,p00100_s050,full_factorial_nested_prefix,10,100,50,1626580737,2065717480,3.7707397164696026,nested_prefix_median_v1,ok,whole_grid_cosine_dual_leakage_penalty_v2,50,150,0.021509988233447075,0.5,1.0,0.8933954200539661,0.9250581326441165,0.0672840740723348,0.8628164527260739,0.8332841364351704,0.05363246859972094,0.0038689282445313923,0.0418681968934834,
reference__full_game__b050_p00100_s050,reference__full_game__p00100_s050,games10_possessions92_source4370615271_grid20x10_trajectory142_outcome242_baseline0.10_mc100_alpha0.05_min100_profiles2b1671cb4b,games10_possessions92_source4370615271_grid20x10_trajectory142_outcome242_baseline0.10_mc100_alpha0.05_min100_profiles2b1671cb4b_plandc0cd9facf,reference,full_game,15,b050_p00100_s050,p00100_s050,full_factorial_nested_prefix,50,100,50,1626580737,2065717480,3.7707397164696026,nested_prefix_median_v1,ok,whole_grid_cosine_dual_leakage_penalty_v2,50,150,0.018723035231232643,0.5,1.0,0.8964668936272473,0.9689032051396091,0.14393305833721923,0.8294460035911309,0.767435671929411,0.07397699654267254,0.012437970491311266,0.04559650830924511,
reference__full_game__b100_p00100_s050,reference__full_game__p00100_s050,games10_possessions92_source4370615271_grid20x10_trajectory142_outcome242_baseline0.10_mc100_alpha0.05_min100_profiles2b1671cb4b,games10_possessions92_source4370615271_grid20x10_trajectory142_outcome242_baseline0.10_mc100_alpha0.05_min100_profiles2b1671cb4b_plandc0cd9facf,reference,full_game,30,b100_p00100_s050,p00100_s050,full_factorial_nested_prefix,100,100,50,1626580737,2065717480,3.7707397164696026,nested_prefix_median_v1,ok,whole_grid_cosine_dual_leakage_penalty_v2,50,150,0.014817660208791494,0.5,1.0,0.900558877764072,0.963809043726515,0.12694374224968033,0.8414595169017852,0.7862385637045283,0.09184318975178757,0.013354143107893136,0.05090033868327737,
reference__full_game__b010_p00100_s100,reference__full_game__p00100_s100,games10_possessions92_source4370615271_grid20x10_trajectory142_outcome242_baseline0.10_mc100_alpha0.05_min100_profiles2b1671cb4b,games10_possessions92_source4370615271_grid20x10_trajectory142_outcome242_baseline0.10_mc100_alpha0.05_min100_profiles2b1671cb4b_plandc0cd9facf,reference,full_game,1,b010_p00100_s100,p00100_s100,full_factorial_nested_prefix,10,100,100,3943612369,2418810534,4.17857986158145,nested_prefix_median_v1,ok,whole_grid_cosine_dual_leakage_penalty_v2,50,150,0.014663872309029102,0.5,1.0,0.8699128605099129,0.9238281155505497,0.11331542775252498,0.81914413746713,0.7713383126138095,0.055701923616987684,0.007118526135284754,0.0413125129416585,
reference__full_game__b050_p00100_s100,reference__full_game__p00100_s100,games10_possessions92_source4370615271_grid20x10_trajectory142_outcome242_baseline0.10_mc100_alpha0.05_min100_profiles2b1671cb4b,games10_possessions92_source4370615271_grid20x10_trajectory142_outcome242_baseline0.10_mc100_alpha0.05_min100_profiles2b1671cb4b_plandc0cd9facf,reference,full_game,16,b050_p00100_s100,p00100_s100,full_factorial_nested_prefix,50,100,100,3943612369,2418810534,4.17857986158145,nested_prefix_median_v1,ok,whole_grid_cosine_dual_leakage_penalty_v2,50,150,0.011331379413604736,0.5,1.0,0.8898659954416309,0.9378729206083404,0.09975393954949184,0.8443164019808707,0.801098356725198,0.07951641722996913,0.008811008707531674,0.049873108975589275,
reference__full_game__b100_p00100_s100,reference__full_game__p00100_s100,games10_possessions92_source4370615271_grid20x10_trajectory142_outcome242_baseline0.10_mc100_alpha0.05_min100_profiles2b1671cb4b,games10_possessions92_source4370615271_grid20x10_trajectory142_outcome242_baseline0.10_mc100_alpha0.05_min100_profiles2b1671cb4b_plandc0cd9facf,reference,full_game,31,b100_p00100_s100,p00100_s100,full_factorial_nested_prefix,100,100,100,3943612369,2418810534,4.17857986158145,nested_prefix_median_v1,ok,whole_grid_cosine_dual_leakage_penalty_v2,50,150,0.010037635453045368,0.5,1.0,0.8960724295336531,0.9414678728260726,0.0941105096984483,0.8528658514496971,0.8117425964635141,0.09648834148844407,0.010023923552102007,0.05425467016175389,
reference__full_game__b010_p00100_s150,reference__full_game__p00100_s150,games10_possessions92_source4370615271_grid20x10_trajectory142_outcome242_baseline0.10_mc100_alpha0.05_min100_profiles2b1671cb4b,games10_possessions92_source4370615271_grid20x10_trajectory142_outcome242_baseline0.10_mc100_alpha0.05_min100_profiles2b1671cb4b_plandc0cd9facf,reference,full_game,2,b010_p00100_s150,p00100_s150,full_factorial_nested_prefix,10,100,150,4026978240,155979009,4.712795177566812,nested_prefix_median_v1,ok,whole_grid_cosine_dual_leakage_penalty_v2,50,150,0.01366871828213334,0.5,1.0,0.9201235431323344,0.9617882990468384,0.08476355027755124,0.8802637082042214,0.8421306049224782,0.07148691501771641,0.006620676784812072,0.042012888193130496,
reference__full_game__b050_p00100_s150,reference__full_game__p00100_s150,games10_possessions92_source4370615271_grid20x10_trajectory142_outcome242_baseline0.10_mc100_alpha0.05_min100_profiles2b1671cb4b,games10_possessions92_source4370615271_grid20x10_trajectory142_outcome242_baseline0.10_mc100_alpha0.05_min100_profiles2b1671cb4b_plandc0cd9facf,reference,full_game,17,b050_p00100_s150,p00100_s150,full_factorial_nested_prefix,50,100,150,4026978240,155979009,4.712795177566812,nested_prefix_median_v1,ok,whole_grid_cosine_dual_leakage_penalty_v2,50,150,0.010592175647616386,0.5,1.0,0.9061345025336109,0.9509578954709348,0.09204827681365817,0.8634238598704923,0.8227263830139907,0.0847161129181009,0.008588531761464669,0.049092837143689394,
reference__full_game__b100_p00100_s150,reference__full_game__p00100_s150,games10_possessions92_source4370615271_grid20x10_trajectory142_outcome242_baseline0.10_mc100_alpha0.05_min100_profiles2b1671cb4b,games10_possessions92_source4370615271_grid20x10_trajectory142_outcome242_baseline0.10_mc100_alpha0.05_min100_profiles2b1671cb4b_plandc0cd9facf,reference,full_game,32,b100_p00100_s150,p00100_s150,full_factorial_nested_prefix,100,100,150,4026978240,155979009,4.712795177566812,nested_prefix_median_v1,ok,whole_grid_cosine_dual_leakage_penalty_v2,50,150,0.010973925702273846,0.5,1.0,0.8987909411887539,0.9391080570249529,0.08401947516420837,0.8602046909512369,0.82327499802773,0.07553349575417653,0.0069284056795002,0.048156493343412876,
reference__full_game__b010_p00100_s200,reference__full_game__p00100_s200,games10_possessions92_source4370615271_grid20x10_trajectory142_outcome242_baseline0.10_mc100_alpha0.05_min100_profiles2b1671cb4b,games10_possessions92_source4370615271_grid20x10_trajectory142_outcome242_baseline0.10_mc100_alpha0.05_min100_profiles2b1671cb4b_plandc0cd9facf,reference,full_game,3,b010_p00100_s200,p00100_s200,full_factorial_nested_prefix,10,100,200,1010574105,3672246650,5.330168395687807,nested_prefix_median_v1,ok,whole_grid_cosine_dual_leakage_penalty_v2,50,150,0.0065122784581035376,0.5,1.0,0.8853219500220229,0.9416705553869411,0.11609725614215026,0.8323451877166624,0.7825385008220481,0.10191112850024389,0.013385638263310084,0.054187842179089785,
reference__full_game__b050_p00100_s200,reference__full_game__p00100_s200,games10_possessions92_source4370615271_grid20x10_trajectory142_outcome242_baseline0.10_mc100_alpha0.05_min100_profiles2b1671cb4b,games10_possessions92_source4370615271_grid20x10_trajectory142_outcome242_baseline0.10_mc100_alpha0.05_min100_profiles2b1671cb4b_plandc0cd9facf,reference,full_game,18,b050_p00100_s200,p00100_s200,full_factorial_nested_prefix,50,100,200,1010574105,3672246650,5.330168395687807,nested_prefix_median_v1,ok,whole_grid_cosine_dual_leakage_penalty_v2,50,150,0.009045728947967291,0.5,1.0,0.8909228388655249,0.9652280803162552,0.148037873751673,0.8223377676208276,0.7590325161230682,0.06620319478051036,0.011503539757139355,0.04263249645009637,
reference__full_game__b100_p00100_s200,reference__full_game__p00100_s200,games10_possessions92_source4370615271_grid20x10_trajectory142_outcome242_baseline0.10_mc100_alpha0.05_min100_profiles2b1671cb4b,games10_possessions92_source4370615271_grid20x10_trajectory142_outcome242_baseline0.10_mc100_alpha0.05_min100_profiles2b1671cb4b_plandc0cd9facf,reference,full_game,33,b100_p00100_s200,p00100_s200,full_factorial_nested_prefix,100,100,200,1010574105,3672246650,5.330168395687807,nested_prefix_median_v1,ok,whole_grid_cosine_dual_leakage_penalty_v2,50,150,0.009153608698397875,0.5,1.0,0.8919255758260267,0.9648954613130092,0.1455302198587755,0.8244740126873924,0.7621234506784,0.05801036759977842,0.009880117175693242,0.040359605103731155,
reference__full_game__b010_p00100_s250,reference__full_game__p00100_s250,games10_possessions92_source4370615271_grid20x10_trajectory142_outcome242_baseline0.10_mc100_alpha0.05_min100_profiles2b1671cb4b,games10_possessions92_source4370615271_grid20x10_trajectory142_outcome242_baseline0.10_mc100_alpha0.05_min100_profiles2b1671cb4b_plandc0cd9facf,reference,full_game,4,b010_p00100_s250,p00100_s250,full_factorial_nested_prefix,10,100,250,3449694541,4135859714,4.764929134408701,nested_prefix_median_v1,ok,whole_grid_cosine_dual_leakage_penalty_v2,50,150,0.006734358612447977,0.5,1.0,0.9050297333167687,0.9550432198783068,0.10199316238626764,0.8576353416673543,0.812722888762191,0.0887368366469731,0.010078487390840364,0.049171373874560234,
reference__full_game__b050_p00100_s250,reference__full_game__p00100_s250,games10_possessions92_source4370615271_grid20x10_trajectory142_outcome242_baseline0.10_mc100_alpha0.05_min100_profiles2b1671cb4b,games10_possessions92_source4370615271_grid20x10_trajectory142_outcome242_baseline0.10_mc100_alpha0.05_min100_profiles2b1671cb4b_plandc0cd9facf,reference,full_game,19,b050_p00100_s250,p00100_s250,full_factorial_nested_prefix,50,100,250,3449694541,4135859714,4.764929134408701,nested_prefix_median_v1,ok,whole_grid_cosine_dual_leakage_penalty_v2,50,150,0.008413175120949745,0.5,1.0,0.9010500018822355,0.944052904853883,0.08902781229293347,0.8600059400459532,0.8208314914481165,0.08030975219239846,0.007848539878558786,0.048811737447977066,
reference__full_game__b100_p00100_s250,reference__full_game__p00100_s250,games10_possessions92_source4370615271_grid20x10_trajectory142_outcome242_baseline0.10_mc100_alpha0.05_min100_profiles2b1671cb4b,games10_possessions92_source4370615271_grid20x10_trajectory142_outcome242_baseline0.10_mc100_alpha0.05_min100_profiles2b1671cb4b_plandc0cd9facf,reference,full_game,34,b100_p00100_s250,p00100_s250,full_factorial_nested_prefix,100,100,250,3449694541,4135859714,4.764929134408701,nested_prefix_median_v1,ok,whole_grid_cosine_dual_leakage_penalty_v2,50,150,0.007566229673102498,0.5,1.0,0.8934750254166606,0.9302635420072799,0.07752876341782827,0.8581413599427666,0.8242050115513941,0.09393433845036783,0.007894677702376314,0.054195587523281574,
reference__full_game__b010_p01000_s050,reference__full_game__p01000_s050,games10_possessions92_source4370615271_grid20x10_trajectory142_outcome242_baseline0.10_mc100_alpha0.05_min100_profiles2b1671cb4b,games10_possessions92_source4370615271_grid20x10_trajectory142_outcome242_baseline0.10_mc100_alpha0.05_min100_profiles2b1671cb4b_plandc0cd9facf,reference,full_game,5,b010_p01000_s050,p01000_s050,full_factorial_nested_prefix,10,1000,50,4287460892,2360624321,11.847247687866398,nested_prefix_median_v1,ok,whole_grid_cosine_dual_leakage_penalty_v2,50,150,-0.027460400946438313,0.5,1.0,0.9548511386230614,0.9595670635044606,0.009805122597874987,0.9501583908059164,0.9454887061461417,2.0035557849474763,0.019839640207625152,0.22120447922497988,
reference__full_game__b050_p01000_s050,reference__full_game__p01000_s050,games10_possessions92_source4370615271_grid20x10_trajectory142_outcome242_baseline0.10_mc100_alpha0.05_min100_profiles2b1671cb4b,games10_possessions92_source4370615271_grid20x10_trajectory142_outcome242_baseline0.10_mc100_alpha0.05_min100_profiles2b1671cb4b_plandc0cd9facf,reference,full_game,20,b050_p01000_s050,p01000_s050,full_factorial_nested_prefix,50,1000,50,4287460892,2360624321,11.847247687866398,nested_prefix_median_v1,ok,whole_grid_cosine_dual_leakage_penalty_v2,50,150,-0.029287928715348244,0.5,1.0,0.9549633147486717,0.9595816609053892,0.009602585343335064,0.950367196112646,0.9457931980190435,2.020640560075591,0.019591502501101213,0.22010754607617855,
reference__full_game__b100_p01000_s050,reference__full_game__p01000_s050,games10_possessions92_source4370615271_grid20x10_trajectory142_outcome242_baseline0.10_mc100_alpha0.05_min100_profiles2b1671cb4b,games10_possessions92_source4370615271_grid20x10_trajectory142_outcome242_baseline0.10_mc100_alpha0.05_min100_profiles2b1671cb4b_plandc0cd9facf,reference,full_game,35,b100_p01000_s050,p01000_s050,full_factorial_nested_prefix,100,1000,50,4287460892,2360624321,11.847247687866398,nested_prefix_median_v1,ok,whole_grid_cosine_dual_leakage_penalty_v2,50,150,-0.028497545048594475,0.5,1.0,0.9551478803221913,0.9595928110332727,0.0092427454152389,0.9507235389785988,0.9463196916304683,1.9910237596180913,0.01857420234944892,0.21568655595183372,
reference__full_game__b010_p01000_s100,reference__full_game__p01000_s100,games10_possessions92_source4370615271_grid20x10_trajectory142_outcome242_baseline0.10_mc100_alpha0.05_min100_profiles2b1671cb4b,games10_possessions92_source4370615271_grid20x10_trajectory142_outcome242_baseline0.10_mc100_alpha0.05_min100_profiles2b1671cb4b_plandc0cd9facf,reference,full_game,6,b010_p01000_s100,p01000_s100,full_factorial_nested_prefix,10,1000,100,720283694,2699739994,16.035911278896084,nested_prefix_median_v1,ok,whole_grid_cosine_dual_leakage_penalty_v2,50,150,-0.02462834306061268,0.5,1.0,0.9489931907406182,0.9579431358597862,0.01859846512059574,0.9401268638599839,0.931343373982946,1.26914090359571,0.02405139180014291,0.17259164340794086,
reference__full_game__b050_p01000_s100,reference__full_game__p01000_s100,games10_possessions92_source4370615271_grid20x10_trajectory142_outcome242_baseline0.10_mc100_alpha0.05_min100_profiles2b1671cb4b,games10_possessions92_source4370615271_grid20x10_trajectory142_outcome242_baseline0.10_mc100_alpha0.05_min100_profiles2b1671cb4b_plandc0cd9facf,reference,full_game,21,b050_p01000_s100,p01000_s100,full_factorial_nested_prefix,50,1000,100,720283694,2699739994,16.035911278896084,nested_prefix_median_v1,ok,whole_grid_cosine_dual_leakage_penalty_v2,50,150,-0.024275806732475758,0.5,1.0,0.9505768099355375,0.9585669138003713,0.01660145603320675,0.9426533073260276,0.9347958508192068,1.3082282229604276,0.022085138785411008,0.1782552869990468,
reference__full_game__b100_p01000_s100,reference__full_game__p01000_s100,games10_possessions92_source4370615271_grid20x10_trajectory142_outcome242_baseline0.10_mc100_alpha0.05_min100_profiles2b1671cb4b,games10_possessions92_source4370615271_grid20x10_trajectory142_outcome242_baseline0.10_mc100_alpha0.05_min100_profiles2b1671cb4b_plandc0cd9facf,reference,full_game,36,b100_p01000_s100,p01000_s100,full_factorial_nested_prefix,100,1000,100,720283694,2699739994,16.035911278896084,nested_prefix_median_v1,ok,whole_grid_cosine_dual_leakage_penalty_v2,50,150,-0.024245627224445343,0.5,1.0,0.9509298045507395,0.9590187466547229,0.016798062865090366,0.9429090894596167,0.9349560259136082,1.3058178248923307,0.022309974263086816,0.17822510753758253,
reference__full_game__b500_p01000_s100,reference__full_game__p01000_s100,games10_possessions92_source4370615271_grid20x10_trajectory142_outcome242_baseline0.10_mc100_alpha0.05_min100_profiles2b1671cb4b,games10_possessions92_source4370615271_grid20x10_trajectory142_outcome242_baseline0.10_mc100_alpha0.05_min100_profiles2b1671cb4b_plandc0cd9facf,reference,full_game,12,b500_p01000_s100,p01000_s100,targeted_nested_prefix,500,1000,100,720283694,2699739994,16.035911278896084,nested_prefix_median_v1,ok,whole_grid_cosine_dual_leakage_penalty_v2,50,150,-0.02337625715881586,0.5,1.0,0.9512601160918824,0.9588021066190914,0.015670236052962604,0.9437774512802927,0.936353645524954,1.2885482142749574,0.020513302983286054,0.17624102719128132,
reference__full_game__b010_p01000_s150,reference__full_game__p01000_s150,games10_possessions92_source4370615271_grid20x10_trajectory142_outcome242_baseline0.10_mc100_alpha0.05_min100_profiles2b1671cb4b,games10_possessions92_source4370615271_grid20x10_trajectory142_outcome242_baseline0.10_mc100_alpha0.05_min100_profiles2b1671cb4b_plandc0cd9facf,reference,full_game,7,b010_p01000_s150,p01000_s150,full_factorial_nested_prefix,10,1000,150,12221624,675355214,14.60900632393309,nested_prefix_median_v1,ok,whole_grid_cosine_dual_leakage_penalty_v2,50,150,-0.02703330758959055,0.5,1.0,0.9605002209696395,0.9689821058751402,0.017430171727683314,0.9520925813686844,0.9437585371736609,1.386415621436608,0.02459414249476167,0.18539083935320377,
reference__full_game__b050_p01000_s150,reference__full_game__p01000_s150,games10_possessions92_source4370615271_grid20x10_trajectory142_outcome242_baseline0.10_mc100_alpha0.05_min100_profiles2b1671cb4b,games10_possessions92_source4370615271_grid20x10_trajectory142_outcome242_baseline0.10_mc100_alpha0.05_min100_profiles2b1671cb4b_plandc0cd9facf,reference,full_game,22,b050_p01000_s150,p01000_s150,full_factorial_nested_prefix,50,1000,150,12221624,675355214,14.60900632393309,nested_prefix_median_v1,ok,whole_grid_cosine_dual_leakage_penalty_v2,50,150,-0.027992285788059235,0.5,1.0,0.9601517341210984,0.9681603822458925,0.016475626140406,0.9522093337440566,0.9443326331116567,1.4774545941147186,0.024749757280071647,0.1886070789769292,
reference__full_game__b100_p01000_s150,reference__full_game__p01000_s150,games10_possessions92_source4370615271_grid20x10_trajectory142_outcome242_baseline0.10_mc100_alpha0.05_min100_profiles2b1671cb4b,games10_possessions92_source4370615271_grid20x10_trajectory142_outcome242_baseline0.10_mc100_alpha0.05_min100_profiles2b1671cb4b_plandc0cd9facf,reference,full_game,37,b100_p01000_s150,p01000_s150,full_factorial_nested_prefix,100,1000,150,12221624,675355214,14.60900632393309,nested_prefix_median_v1,ok,whole_grid_cosine_dual_leakage_penalty_v2,50,150,-0.028846428729593754,0.5,1.0,0.9578526614654604,0.9659069047782334,0.016607528116790594,0.9498655786989268,0.9419450964584302,1.4734230748394028,0.02488316297201587,0.18681748304516077,
reference__full_game__b010_p01000_s200,reference__full_game__p01000_s200,games10_possessions92_source4370615271_grid20x10_trajectory142_outcome242_baseline0.10_mc100_alpha0.05_min100_profiles2b1671cb4b,games10_possessions92_source4370615271_grid20x10_trajectory142_outcome242_baseline0.10_mc100_alpha0.05_min100_profiles2b1671cb4b_plandc0cd9facf,reference,full_game,8,b010_p01000_s200,p01000_s200,full_factorial_nested_prefix,10,1000,200,2165290739,455542881,15.064949385832051,nested_prefix_median_v1,ok,whole_grid_cosine_dual_leakage_penalty_v2,50,150,-0.02888904418796301,0.5,1.0,0.9608521783306777,0.9694478426933293,0.017654497772094494,0.9523327279143381,0.9438888156890266,1.516493418677657,0.027254086897859388,0.18338274862617254,
reference__full_game__b050_p01000_s200,reference__full_game__p01000_s200,games10_possessions92_source4370615271_grid20x10_trajectory142_outcome242_baseline0.10_mc100_alpha0.05_min100_profiles2b1671cb4b,games10_possessions92_source4370615271_grid20x10_trajectory142_outcome242_baseline0.10_mc100_alpha0.05_min100_profiles2b1671cb4b_plandc0cd9facf,reference,full_game,23,b050_p01000_s200,p01000_s200,full_factorial_nested_prefix,50,1000,200,2165290739,455542881,15.064949385832051,nested_prefix_median_v1,ok,whole_grid_cosine_dual_leakage_penalty_v2,50,150,-0.02786207851022482,0.5,1.0,0.9569346815130692,0.9639436570057766,0.014489423315028593,0.9499766693075832,0.9430692498277943,1.4592210942818933,0.021454130118410963,0.18474674131721258,
reference__full_game__b100_p01000_s200,reference__full_game__p01000_s200,games10_possessions92_source4370615271_grid20x10_trajectory142_outcome242_baseline0.10_mc100_alpha0.05_min100_profiles2b1671cb4b,games10_possessions92_source4370615271_grid20x10_trajectory142_outcome242_baseline0.10_mc100_alpha0.05_min100_profiles2b1671cb4b_plandc0cd9facf,reference,full_game,38,b100_p01000_s200,p01000_s200,full_factorial_nested_prefix,100,1000,200,2165290739,455542881,15.064949385832051,nested_prefix_median_v1,ok,whole_grid_cosine_dual_leakage_penalty_v2,50,150,-0.027346841990947723,0.5,1.0,0.9531984582409972,0.9610990409618397,0.016373151064971926,0.9453628211757722,0.9375915958893191,1.4162875312378984,0.023575088180544344,0.18206728342920542,
reference__full_game__b010_p01000_s250,reference__full_game__p01000_s250,games10_possessions92_source4370615271_grid20x10_trajectory142_outcome242_baseline0.10_mc100_alpha0.05_min100_profiles2b1671cb4b,games10_possessions92_source4370615271_grid20x10_trajectory142_outcome242_baseline0.10_mc100_alpha0.05_min100_profiles2b1671cb4b_plandc0cd9facf,reference,full_game,9,b010_p01000_s250,p01000_s250,full_factorial_nested_prefix,10,1000,250,3331613232,805643234,17.008049874985254,nested_prefix_median_v1,ok,whole_grid_cosine_dual_leakage_penalty_v2,50,150,-0.025726079009473324,0.5,1.0,0.9492106183047382,0.9575968915240316,0.01743855140029105,0.940897788910431,0.9326577601477289,1.2356736037264946,0.02193079901850093,0.17403419222682714,
reference__full_game__b050_p01000_s250,reference__full_game__p01000_s250,games10_possessions92_source4370615271_grid20x10_trajectory142_outcome242_baseline0.10_mc100_alpha0.05_min100_profiles2b1671cb4b,games10_possessions92_source4370615271_grid20x10_trajectory142_outcome242_baseline0.10_mc100_alpha0.05_min100_profiles2b1671cb4b_plandc0cd9facf,reference,full_game,24,b050_p01000_s250,p01000_s250,full_factorial_nested_prefix,50,1000,250,3331613232,805643234,17.008049874985254,nested_prefix_median_v1,ok,whole_grid_cosine_dual_leakage_penalty_v2,50,150,-0.024799976497888565,0.5,1.0,0.956704758721476,0.9651718511688577,0.017468294617409477,0.9483119449162094,0.9399927581342515,1.2004720450115742,0.02134302562181501,0.1681803585961461,
reference__full_game__b100_p01000_s250,reference__full_game__p01000_s250,games10_possessions92_source4370615271_grid20x10_trajectory142_outcome242_baseline0.10_mc100_alpha0.05_min100_profiles2b1671cb4b,games10_possessions92_source4370615271_grid20x10_trajectory142_outcome242_baseline0.10_mc100_alpha0.05_min100_profiles2b1671cb4b_plandc0cd9facf,reference,full_game,39,b100_p01000_s250,p01000_s250,full_factorial_nested_prefix,100,1000,250,3331613232,805643234,17.008049874985254,nested_prefix_median_v1,ok,whole_grid_cosine_dual_leakage_penalty_v2,50,150,-0.025202680379152298,0.5,1.0,0.9548648040655285,0.9633267203628559,0.01749095326435601,0.9464772177186836,0.9381633084038399,1.2126766528678237,0.021588473643636405,0.1692125592380762,
reference__full_game__b050_p02500_s150,reference__full_game__p02500_s150,games10_possessions92_source4370615271_grid20x10_trajectory142_outcome242_baseline0.10_mc100_alpha0.05_min100_profiles2b1671cb4b,games10_possessions92_source4370615271_grid20x10_trajectory142_outcome242_baseline0.10_mc100_alpha0.05_min100_profiles2b1671cb4b_plandc0cd9facf,reference,full_game,3,b050_p02500_s150,p02500_s150,full_factorial_nested_prefix,50,2500,150,2793541587,1348583472,25.28509411151308,nested_prefix_median_v1,ok,whole_grid_cosine_dual_leakage_penalty_v2,50,150,-0.03510310314595699,0.5,1.0,0.9554313307702166,0.9626035581733702,0.0148462109867842,0.9483125426520994,0.941246795650218,2.1852957043712085,0.03293228068290252,0.2233879119157791,
reference__full_game__b100_p02500_s150,reference__full_game__p02500_s150,games10_possessions92_source4370615271_grid20x10_trajectory142_outcome242_baseline0.10_mc100_alpha0.05_min100_profiles2b1671cb4b,games10_possessions92_source4370615271_grid20x10_trajectory142_outcome242_baseline0.10_mc100_alpha0.05_min100_profiles2b1671cb4b_plandc0cd9facf,reference,full_game,9,b100_p02500_s150,p02500_s150,full_factorial_nested_prefix,100,2500,150,2793541587,1348583472,25.28509411151308,nested_prefix_median_v1,ok,whole_grid_cosine_dual_leakage_penalty_v2,50,150,-0.03492806479334831,0.5,1.0,0.9558339349176679,0.962733421361992,0.014281759626019004,0.9489838940541652,0.9421829444167819,2.1718293986851016,0.03146694881995282,0.2219406645745039,
reference__full_game__b050_p02500_s200,reference__full_game__p02500_s200,games10_possessions92_source4370615271_grid20x10_trajectory142_outcome242_baseline0.10_mc100_alpha0.05_min100_profiles2b1671cb4b,games10_possessions92_source4370615271_grid20x10_trajectory142_outcome242_baseline0.10_mc100_alpha0.05_min100_profiles2b1671cb4b_plandc0cd9facf,reference,full_game,4,b050_p02500_s200,p02500_s200,full_factorial_nested_prefix,50,2500,200,1250155092,2358757361,26.634205725599884,nested_prefix_median_v1,ok,whole_grid_cosine_dual_leakage_penalty_v2,50,150,-0.03450988791882992,0.5,1.0,0.955381580265582,0.9627063966454821,0.015159244243610452,0.948112495243847,0.9408987175444894,2.0251752925948403,0.03117268118437255,0.21276572160422802,
reference__full_game__b100_p02500_s200,reference__full_game__p02500_s200,games10_possessions92_source4370615271_grid20x10_trajectory142_outcome242_baseline0.10_mc100_alpha0.05_min100_profiles2b1671cb4b,games10_possessions92_source4370615271_grid20x10_trajectory142_outcome242_baseline0.10_mc100_alpha0.05_min100_profiles2b1671cb4b_plandc0cd9facf,reference,full_game,10,b100_p02500_s200,p02500_s200,full_factorial_nested_prefix,100,2500,200,1250155092,2358757361,26.634205725599884,nested_prefix_median_v1,ok,whole_grid_cosine_dual_leakage_penalty_v2,50,150,-0.03451375104486942,0.5,1.0,0.9564150722916317,0.9638748116081856,0.015418750563586337,0.949013066313475,0.9416683468567126,2.022797324455319,0.031677433837298194,0.21312916101887822,
reference__full_game__b050_p02500_s250,reference__full_game__p02500_s250,games10_possessions92_source4370615271_grid20x10_trajectory142_outcome242_baseline0.10_mc100_alpha0.05_min100_profiles2b1671cb4b,games10_possessions92_source4370615271_grid20x10_trajectory142_outcome242_baseline0.10_mc100_alpha0.05_min100_profiles2b1671cb4b_plandc0cd9facf,reference,full_game,5,b050_p02500_s250,p02500_s250,full_factorial_nested_prefix,50,2500,250,4290107670,286106829,24.2852708552672,nested_prefix_median_v1,ok,whole_grid_cosine_dual_leakage_penalty_v2,50,150,-0.0367993600666523,0.5,1.0,0.9576893469975,0.9638416648861651,0.012725497594872773,0.951576300097818,0.9455022735156481,2.135027869734053,0.027519491240885034,0.2199801430106163,
reference__full_game__b100_p02500_s250,reference__full_game__p02500_s250,games10_possessions92_source4370615271_grid20x10_trajectory142_outcome242_baseline0.10_mc100_alpha0.05_min100_profiles2b1671cb4b,games10_possessions92_source4370615271_grid20x10_trajectory142_outcome242_baseline0.10_mc100_alpha0.05_min100_profiles2b1671cb4b_plandc0cd9facf,reference,full_game,11,b100_p02500_s250,p02500_s250,full_factorial_nested_prefix,100,2500,250,4290107670,286106829,24.2852708552672,nested_prefix_median_v1,ok,whole_grid_cosine_dual_leakage_penalty_v2,50,150,-0.036990685388445854,0.5,1.0,0.9566545823970057,0.9629291316638665,0.01298975437333931,0.9504209187646198,0.9442278743515392,2.1510953724487996,0.028309939684563273,0.21871667681261897,
reference__full_game__b010_p10000_s050,reference__full_game__p10000_s050,games10_possessions92_source4370615271_grid20x10_trajectory142_outcome242_baseline0.10_mc100_alpha0.05_min100_profiles2b1671cb4b,games10_possessions92_source4370615271_grid20x10_trajectory142_outcome242_baseline0.10_mc100_alpha0.05_min100_profiles2b1671cb4b_plandc0cd9facf,reference,full_game,10,b010_p10000_s050,p10000_s050,full_factorial_nested_prefix,10,10000,50,1756964159,1594256062,34.20485541100547,nested_prefix_median_v1,ok,whole_grid_cosine_dual_leakage_penalty_v2,50,150,-0.05188458412885666,0.5,1.0,0.9369779674136193,0.9451610588313695,0.017240801931419285,0.9288657242227671,0.9208237158633372,5.3280718907931215,0.09347176025018133,0.3619188278913493,
reference__full_game__b050_p10000_s050,reference__full_game__p10000_s050,games10_possessions92_source4370615271_grid20x10_trajectory142_outcome242_baseline0.10_mc100_alpha0.05_min100_profiles2b1671cb4b,games10_possessions92_source4370615271_grid20x10_trajectory142_outcome242_baseline0.10_mc100_alpha0.05_min100_profiles2b1671cb4b_plandc0cd9facf,reference,full_game,25,b050_p10000_s050,p10000_s050,full_factorial_nested_prefix,50,10000,50,1756964159,1594256062,34.20485541100547,nested_prefix_median_v1,ok,whole_grid_cosine_dual_leakage_penalty_v2,50,150,-0.05132203735411167,0.5,1.0,0.9369861982742772,0.9468077065459427,0.02063896933041658,0.927266571328739,0.9176477688650708,5.232744159040724,0.11027439609121478,0.35413378849625543,
reference__full_game__b100_p10000_s050,reference__full_game__p10000_s050,games10_possessions92_source4370615271_grid20x10_trajectory142_outcome242_baseline0.10_mc100_alpha0.05_min100_profiles2b1671cb4b,games10_possessions92_source4370615271_grid20x10_trajectory142_outcome242_baseline0.10_mc100_alpha0.05_min100_profiles2b1671cb4b_plandc0cd9facf,reference,full_game,40,b100_p10000_s050,p10000_s050,full_factorial_nested_prefix,100,10000,50,1756964159,1594256062,34.20485541100547,nested_prefix_median_v1,ok,whole_grid_cosine_dual_leakage_penalty_v2,50,150,-0.04968870244920254,0.5,1.0,0.9340282627726874,0.9433704846716261,0.019707980945913615,0.9247785571347801,0.9156204515670184,5.201325412709637,0.10456845525080427,0.35416777953505474,
reference__full_game__b010_p10000_s100,reference__full_game__p10000_s100,games10_possessions92_source4370615271_grid20x10_trajectory142_outcome242_baseline0.10_mc100_alpha0.05_min100_profiles2b1671cb4b,games10_possessions92_source4370615271_grid20x10_trajectory142_outcome242_baseline0.10_mc100_alpha0.05_min100_profiles2b1671cb4b_plandc0cd9facf,reference,full_game,11,b010_p10000_s100,p10000_s100,full_factorial_nested_prefix,10,10000,100,489573535,4233511106,42.63486340671662,nested_prefix_median_v1,ok,whole_grid_cosine_dual_leakage_penalty_v2,50,150,-0.048109862953424454,0.5,1.0,0.9389593336973094,0.948747836967936,0.02052812664178136,0.9292718212195422,0.9196842575836884,4.044531327950894,0.08476675396728116,0.3024016477167605,
reference__full_game__b050_p10000_s100,reference__full_game__p10000_s100,games10_possessions92_source4370615271_grid20x10_trajectory142_outcome242_baseline0.10_mc100_alpha0.05_min100_profiles2b1671cb4b,games10_possessions92_source4370615271_grid20x10_trajectory142_outcome242_baseline0.10_mc100_alpha0.05_min100_profiles2b1671cb4b_plandc0cd9facf,reference,full_game,26,b050_p10000_s100,p10000_s100,full_factorial_nested_prefix,50,10000,100,489573535,4233511106,42.63486340671662,nested_prefix_median_v1,ok,whole_grid_cosine_dual_leakage_penalty_v2,50,150,-0.04867939557880163,0.5,1.0,0.9363888065849908,0.9468440634858949,0.021962501953737553,0.9260489988917011,0.91582336559091,4.015079447117596,0.09016135922997158,0.29826862551271915,
reference__full_game__b100_p10000_s100,reference__full_game__p10000_s100,games10_possessions92_source4370615271_grid20x10_trajectory142_outcome242_baseline0.10_mc100_alpha0.05_min100_profiles2b1671cb4b,games10_possessions92_source4370615271_grid20x10_trajectory142_outcome242_baseline0.10_mc100_alpha0.05_min100_profiles2b1671cb4b_plandc0cd9facf,reference,full_game,41,b100_p10000_s100,p10000_s100,full_factorial_nested_prefix,100,10000,100,489573535,4233511106,42.63486340671662,nested_prefix_median_v1,ok,whole_grid_cosine_dual_leakage_penalty_v2,50,150,-0.04806411825120449,0.5,1.0,0.9364865812674827,0.9469831765408386,0.022045633133714528,0.9261063328470195,0.9158411416622133,3.996981303520819,0.09010234674046304,0.2984146364033222,
reference__full_game__b010_p10000_s150,reference__full_game__p10000_s150,games10_possessions92_source4370615271_grid20x10_trajectory142_outcome242_baseline0.10_mc100_alpha0.05_min100_profiles2b1671cb4b,games10_possessions92_source4370615271_grid20x10_trajectory142_outcome242_baseline0.10_mc100_alpha0.05_min100_profiles2b1671cb4b_plandc0cd9facf,reference,full_game,12,b010_p10000_s150,p10000_s150,full_factorial_nested_prefix,10,10000,150,1448514925,285752360,51.78179549058533,nested_prefix_median_v1,ok,whole_grid_cosine_dual_leakage_penalty_v2,50,150,-0.045036766678094864,0.5,1.0,0.9400533229559873,0.947484651950431,0.015624920596431504,0.9326802794973676,0.9253650644283884,3.414692214250006,0.05420118390363611,0.27336657233536243,
reference__full_game__b050_p10000_s150,reference__full_game__p10000_s150,games10_possessions92_source4370615271_grid20x10_trajectory142_outcome242_baseline0.10_mc100_alpha0.05_min100_profiles2b1671cb4b,games10_possessions92_source4370615271_grid20x10_trajectory142_outcome242_baseline0.10_mc100_alpha0.05_min100_profiles2b1671cb4b_plandc0cd9facf,reference,full_game,27,b050_p10000_s150,p10000_s150,full_factorial_nested_prefix,50,10000,150,1448514925,285752360,51.78179549058533,nested_prefix_median_v1,ok,whole_grid_cosine_dual_leakage_penalty_v2,50,150,-0.04586075246334076,0.5,1.0,0.9414223128002405,0.9497922471172903,0.01754711054617311,0.9331261375612251,0.9249030714069008,3.453030443759323,0.06167288789758674,0.2764638875611126,
reference__full_game__b100_p10000_s150,reference__full_game__p10000_s150,games10_possessions92_source4370615271_grid20x10_trajectory142_outcome242_baseline0.10_mc100_alpha0.05_min100_profiles2b1671cb4b,games10_possessions92_source4370615271_grid20x10_trajectory142_outcome242_baseline0.10_mc100_alpha0.05_min100_profiles2b1671cb4b_plandc0cd9facf,reference,full_game,42,b100_p10000_s150,p10000_s150,full_factorial_nested_prefix,100,10000,150,1448514925,285752360,51.78179549058533,nested_prefix_median_v1,ok,whole_grid_cosine_dual_leakage_penalty_v2,50,150,-0.045656731352210045,0.5,1.0,0.9399090682413774,0.9485637013694865,0.018164622918970457,0.9313333994194866,0.922835974438652,3.4539617253723787,0.06390064340976381,0.27548881620168686,
reference__full_game__b010_p10000_s200,reference__full_game__p10000_s200,games10_possessions92_source4370615271_grid20x10_trajectory142_outcome242_baseline0.10_mc100_alpha0.05_min100_profiles2b1671cb4b,games10_possessions92_source4370615271_grid20x10_trajectory142_outcome242_baseline0.10_mc100_alpha0.05_min100_profiles2b1671cb4b_plandc0cd9facf,reference,full_game,13,b010_p10000_s200,p10000_s200,full_factorial_nested_prefix,10,10000,200,895264997,3892064086,51.123347879640825,nested_prefix_median_v1,ok,whole_grid_cosine_dual_leakage_penalty_v2,50,150,-0.045033035799860954,0.5,1.0,0.9419128493849254,0.9503905258919693,0.017760836159493695,0.933510795474067,0.9251836895904779,3.3781419627311355,0.06108352032002726,0.27622025460004807,
reference__full_game__b050_p10000_s200,reference__full_game__p10000_s200,games10_possessions92_source4370615271_grid20x10_trajectory142_outcome242_baseline0.10_mc100_alpha0.05_min100_profiles2b1671cb4b,games10_possessions92_source4370615271_grid20x10_trajectory142_outcome242_baseline0.10_mc100_alpha0.05_min100_profiles2b1671cb4b_plandc0cd9facf,reference,full_game,28,b050_p10000_s200,p10000_s200,full_factorial_nested_prefix,50,10000,200,895264997,3892064086,51.123347879640825,nested_prefix_median_v1,ok,whole_grid_cosine_dual_leakage_penalty_v2,50,150,-0.04724519141018391,0.5,1.0,0.9418184030167109,0.950611505345826,0.018414324741100614,0.9331066363837615,0.9244754530964164,3.4043367171159966,0.06386458504551,0.2734283246099949,
reference__full_game__b100_p10000_s200,reference__full_game__p10000_s200,games10_possessions92_source4370615271_grid20x10_trajectory142_outcome242_baseline0.10_mc100_alpha0.05_min100_profiles2b1671cb4b,games10_possessions92_source4370615271_grid20x10_trajectory142_outcome242_baseline0.10_mc100_alpha0.05_min100_profiles2b1671cb4b_plandc0cd9facf,reference,full_game,43,b100_p10000_s200,p10000_s200,full_factorial_nested_prefix,100,10000,200,895264997,3892064086,51.123347879640825,nested_prefix_median_v1,ok,whole_grid_cosine_dual_leakage_penalty_v2,50,150,-0.04724519141018391,0.5,1.0,0.9422044361510865,0.951236642781366,0.018900292115896177,0.9332579923614538,0.9243964970749378,3.3402460699442935,0.06434781903775573,0.2708762940019369,
reference__full_game__b010_p10000_s250,reference__full_game__p10000_s250,games10_possessions92_source4370615271_grid20x10_trajectory142_outcome242_baseline0.10_mc100_alpha0.05_min100_profiles2b1671cb4b,games10_possessions92_source4370615271_grid20x10_trajectory142_outcome242_baseline0.10_mc100_alpha0.05_min100_profiles2b1671cb4b_plandc0cd9facf,reference,full_game,14,b010_p10000_s250,p10000_s250,full_factorial_nested_prefix,10,10000,250,2119542591,301939730,47.91451939382652,nested_prefix_median_v1,ok,whole_grid_cosine_dual_leakage_penalty_v2,50,150,-0.04893648065626621,0.5,1.0,0.9354829459937449,0.9471344892085007,0.024452441235959983,0.9239747387685789,0.9126081042295902,3.4847594429125324,0.08734671593790096,0.27869156720116733,
reference__full_game__b050_p10000_s250,reference__full_game__p10000_s250,games10_possessions92_source4370615271_grid20x10_trajectory142_outcome242_baseline0.10_mc100_alpha0.05_min100_profiles2b1671cb4b,games10_possessions92_source4370615271_grid20x10_trajectory142_outcome242_baseline0.10_mc100_alpha0.05_min100_profiles2b1671cb4b_plandc0cd9facf,reference,full_game,29,b050_p10000_s250,p10000_s250,full_factorial_nested_prefix,50,10000,250,2119542591,301939730,47.91451939382652,nested_prefix_median_v1,ok,whole_grid_cosine_dual_leakage_penalty_v2,50,150,-0.04789211414754391,0.5,1.0,0.9355597959426208,0.9467664588455103,0.02353344357980618,0.9244857838030167,0.9135428522692702,3.444958504276526,0.08302561522678331,0.2765855509787798,
reference__full_game__b100_p10000_s250,reference__full_game__p10000_s250,games10_possessions92_source4370615271_grid20x10_trajectory142_outcome242_baseline0.10_mc100_alpha0.05_min100_profiles2b1671cb4b,games10_possessions92_source4370615271_grid20x10_trajectory142_outcome242_baseline0.10_mc100_alpha0.05_min100_profiles2b1671cb4b_plandc0cd9facf,reference,full_game,44,b100_p10000_s250,p10000_s250,full_factorial_nested_prefix,100,10000,250,2119542591,301939730,47.91451939382652,nested_prefix_median_v1,ok,whole_grid_cosine_dual_leakage_penalty_v2,50,150,-0.048253411427140236,0.5,1.0,0.9368096696111937,0.9476672330409258,0.022783029104684917,0.9260765028889982,0.9154663076428916,3.482331650030564,0.08118776658383568,0.2771708816289902,
reference__quarter_1__b010_p00100_s050,reference__quarter_1__p00100_s050,games10_possessions92_source4370615271_grid20x10_trajectory142_outcome242_baseline0.10_mc100_alpha0.05_min100_profiles2b1671cb4b,games10_possessions92_source4370615271_grid20x10_trajectory142_outcome242_baseline0.10_mc100_alpha0.05_min100_profiles2b1671cb4b_plandc0cd9facf,reference,quarter_1,0,b010_p00100_s050,p00100_s050,full_factorial_nested_prefix,10,100,50,2007033508,2288206714,4.628453108428875,nested_prefix_median_v1,ok,whole_grid_cosine_dual_leakage_penalty_v2,50,150,0.030293244868516922,0.5,1.0,0.8574823702190705,0.9151972009392153,0.12214854541121317,0.8034071940800765,0.7527421459810516,0.03507872509193467,0.004881025397248772,0.0331227108836174,
reference__quarter_1__b050_p00100_s050,reference__quarter_1__p00100_s050,games10_possessions92_source4370615271_grid20x10_trajectory142_outcome242_baseline0.10_mc100_alpha0.05_min100_profiles2b1671cb4b,games10_possessions92_source4370615271_grid20x10_trajectory142_outcome242_baseline0.10_mc100_alpha0.05_min100_profiles2b1671cb4b_plandc0cd9facf,reference,quarter_1,15,b050_p00100_s050,p00100_s050,full_factorial_nested_prefix,50,100,50,2007033508,2288206714,4.628453108428875,nested_prefix_median_v1,ok,whole_grid_cosine_dual_leakage_penalty_v2,50,150,0.03585247881710529,0.5,1.0,0.872450830995906,0.9109931751678969,0.08282612757499165,0.8355391382214938,0.8001891071649316,0.022351502835973678,0.0020184705223779825,0.02794516645371914,
reference__quarter_1__b100_p00100_s050,reference__quarter_1__p00100_s050,games10_possessions92_source4370615271_grid20x10_trajectory142_outcome242_baseline0.10_mc100_alpha0.05_min100_profiles2b1671cb4b,games10_possessions92_source4370615271_grid20x10_trajectory142_outcome242_baseline0.10_mc100_alpha0.05_min100_profiles2b1671cb4b_plandc0cd9facf,reference,quarter_1,30,b100_p00100_s050,p00100_s050,full_factorial_nested_prefix,100,100,50,2007033508,2288206714,4.628453108428875,nested_prefix_median_v1,ok,whole_grid_cosine_dual_leakage_penalty_v2,50,150,0.03387158364057541,0.5,1.0,0.8655863512215286,0.8992677385618293,0.0735056548452213,0.8331664745576608,0.8019608596499044,0.027833850978313847,0.0022082654402855208,0.03084077499806881,
reference__quarter_1__b010_p00100_s100,reference__quarter_1__p00100_s100,games10_possessions92_source4370615271_grid20x10_trajectory142_outcome242_baseline0.10_mc100_alpha0.05_min100_profiles2b1671cb4b,games10_possessions92_source4370615271_grid20x10_trajectory142_outcome242_baseline0.10_mc100_alpha0.05_min100_profiles2b1671cb4b_plandc0cd9facf,reference,quarter_1,1,b010_p00100_s100,p00100_s100,full_factorial_nested_prefix,10,100,100,462622817,1951850775,4.239523026565586,nested_prefix_median_v1,ok,whole_grid_cosine_dual_leakage_penalty_v2,50,150,0.014620752073824406,0.5,1.0,0.8381545567289247,0.875192206888563,0.08284795828613226,0.8026843194399113,0.7687151629757151,0.12779786970354137,0.011544206518332902,0.06538410484790802,
reference__quarter_1__b050_p00100_s100,reference__quarter_1__p00100_s100,games10_possessions92_source4370615271_grid20x10_trajectory142_outcome242_baseline0.10_mc100_alpha0.05_min100_profiles2b1671cb4b,games10_possessions92_source4370615271_grid20x10_trajectory142_outcome242_baseline0.10_mc100_alpha0.05_min100_profiles2b1671cb4b_plandc0cd9facf,reference,quarter_1,16,b050_p00100_s100,p00100_s100,full_factorial_nested_prefix,50,100,100,462622817,1951850775,4.239523026565586,nested_prefix_median_v1,ok,whole_grid_cosine_dual_leakage_penalty_v2,50,150,0.013235974591225386,0.5,1.0,0.8614775930042416,0.8764898573274207,0.03396206206359594,0.8467224543947545,0.8322200375242343,0.17178992634386048,0.006039452397546367,0.07661043293774128,
reference__quarter_1__b100_p00100_s100,reference__quarter_1__p00100_s100,games10_possessions92_source4370615271_grid20x10_trajectory142_outcome242_baseline0.10_mc100_alpha0.05_min100_profiles2b1671cb4b,games10_possessions92_source4370615271_grid20x10_trajectory142_outcome242_baseline0.10_mc100_alpha0.05_min100_profiles2b1671cb4b_plandc0cd9facf,reference,quarter_1,31,b100_p00100_s100,p00100_s100,full_factorial_nested_prefix,100,100,100,462622817,1951850775,4.239523026565586,nested_prefix_median_v1,ok,whole_grid_cosine_dual_leakage_penalty_v2,50,150,0.012883798219263554,0.5,1.0,0.8578448256839049,0.8734224316608167,0.0353521757020114,0.8425450483946654,0.827518144681266,0.18341571001728346,0.00672177373308123,0.07869654474779963,
reference__quarter_1__b010_p00100_s150,reference__quarter_1__p00100_s150,games10_possessions92_source4370615271_grid20x10_trajectory142_outcome242_baseline0.10_mc100_alpha0.05_min100_profiles2b1671cb4b,games10_possessions92_source4370615271_grid20x10_trajectory142_outcome242_baseline0.10_mc100_alpha0.05_min100_profiles2b1671cb4b_plandc0cd9facf,reference,quarter_1,2,b010_p00100_s150,p00100_s150,full_factorial_nested_prefix,10,100,150,3271144373,655731462,4.19644120779321,nested_prefix_median_v1,ok,whole_grid_cosine_dual_leakage_penalty_v2,50,150,0.012626075185835361,0.5,1.0,0.8067543385550231,0.8116069226150809,0.011922217926550516,0.8019307680129671,0.79713603751758,0.2564205496208174,0.0030939888831525136,0.0950102130882442,
reference__quarter_1__b050_p00100_s150,reference__quarter_1__p00100_s150,games10_possessions92_source4370615271_grid20x10_trajectory142_outcome242_baseline0.10_mc100_alpha0.05_min100_profiles2b1671cb4b,games10_possessions92_source4370615271_grid20x10_trajectory142_outcome242_baseline0.10_mc100_alpha0.05_min100_profiles2b1671cb4b_plandc0cd9facf,reference,quarter_1,17,b050_p00100_s150,p00100_s150,full_factorial_nested_prefix,50,100,150,3271144373,655731462,4.19644120779321,nested_prefix_median_v1,ok,whole_grid_cosine_dual_leakage_penalty_v2,50,150,0.008908473886549473,0.5,1.0,0.8417720080549422,0.8636511807614029,0.05002491024204383,0.8204471079633784,0.7996624389077288,0.26826985193960895,0.014126870702835637,0.09574559330940247,
reference__quarter_1__b100_p00100_s150,reference__quarter_1__p00100_s150,games10_possessions92_source4370615271_grid20x10_trajectory142_outcome242_baseline0.10_mc100_alpha0.05_min100_profiles2b1671cb4b,games10_possessions92_source4370615271_grid20x10_trajectory142_outcome242_baseline0.10_mc100_alpha0.05_min100_profiles2b1671cb4b_plandc0cd9facf,reference,quarter_1,32,b100_p00100_s150,p00100_s150,full_factorial_nested_prefix,100,100,150,3271144373,655731462,4.19644120779321,nested_prefix_median_v1,ok,whole_grid_cosine_dual_leakage_penalty_v2,50,150,0.00949432561174035,0.5,1.0,0.8593777320258663,0.8746735620419989,0.0346691336502903,0.8443493874191891,0.8295838505781782,0.26653521843169475,0.00957241235355897,0.09517061896622181,
reference__quarter_1__b010_p00100_s200,reference__quarter_1__p00100_s200,games10_possessions92_source4370615271_grid20x10_trajectory142_outcome242_baseline0.10_mc100_alpha0.05_min100_profiles2b1671cb4b,games10_possessions92_source4370615271_grid20x10_trajectory142_outcome242_baseline0.10_mc100_alpha0.05_min100_profiles2b1671cb4b_plandc0cd9facf,reference,quarter_1,3,b010_p00100_s200,p00100_s200,full_factorial_nested_prefix,10,100,200,3563924186,4024082215,4.975216206737578,nested_prefix_median_v1,ok,whole_grid_cosine_dual_leakage_penalty_v2,50,150,0.016171705443412066,0.5,1.0,0.8036533502996974,0.8149862932010852,0.02761800247839344,0.7924779997356011,0.7814580500793512,0.20518903678504663,0.005827865325471187,0.08539595501497388,
reference__quarter_1__b050_p00100_s200,reference__quarter_1__p00100_s200,games10_possessions92_source4370615271_grid20x10_trajectory142_outcome242_baseline0.10_mc100_alpha0.05_min100_profiles2b1671cb4b,games10_possessions92_source4370615271_grid20x10_trajectory142_outcome242_baseline0.10_mc100_alpha0.05_min100_profiles2b1671cb4b_plandc0cd9facf,reference,quarter_1,18,b050_p00100_s200,p00100_s200,full_factorial_nested_prefix,50,100,200,3563924186,4024082215,4.975216206737578,nested_prefix_median_v1,ok,whole_grid_cosine_dual_leakage_penalty_v2,50,150,0.014333213679492474,0.5,1.0,0.8404618767496884,0.8527798452061125,0.028680333264990903,0.8283218350439335,0.8163571500279877,0.14909906522087726,0.004402475339974754,0.07302155485376716,
reference__quarter_1__b100_p00100_s200,reference__quarter_1__p00100_s200,games10_possessions92_source4370615271_grid20x10_trajectory142_outcome242_baseline0.10_mc100_alpha0.05_min100_profiles2b1671cb4b,games10_possessions92_source4370615271_grid20x10_trajectory142_outcome242_baseline0.10_mc100_alpha0.05_min100_profiles2b1671cb4b_plandc0cd9facf,reference,quarter_1,33,b100_p00100_s200,p00100_s200,full_factorial_nested_prefix,100,100,200,3563924186,4024082215,4.975216206737578,nested_prefix_median_v1,ok,whole_grid_cosine_dual_leakage_penalty_v2,50,150,0.01512219663709402,0.5,1.0,0.8279338886004846,0.8367273013625306,0.020908141685241015,0.8192328883937333,0.8106233295516131,0.13322481203988307,0.0028449662025725885,0.06861239764839411,
reference__quarter_1__b010_p00100_s250,reference__quarter_1__p00100_s250,games10_possessions92_source4370615271_grid20x10_trajectory142_outcome242_baseline0.10_mc100_alpha0.05_min100_profiles2b1671cb4b,games10_possessions92_source4370615271_grid20x10_trajectory142_outcome242_baseline0.10_mc100_alpha0.05_min100_profiles2b1671cb4b_plandc0cd9facf,reference,quarter_1,4,b010_p00100_s250,p00100_s250,full_factorial_nested_prefix,10,100,250,1923978833,805816195,4.107319708456557,nested_prefix_median_v1,ok,whole_grid_cosine_dual_leakage_penalty_v2,50,150,0.01866821851581335,0.5,1.0,0.8392294803879455,0.8582535219855352,0.043840654838709206,0.8206271255640607,0.8024371104077883,0.14323792644177757,0.006567571111159407,0.07905318471603096,
reference__quarter_1__b050_p00100_s250,reference__quarter_1__p00100_s250,games10_possessions92_source4370615271_grid20x10_trajectory142_outcome242_baseline0.10_mc100_alpha0.05_min100_profiles2b1671cb4b,games10_possessions92_source4370615271_grid20x10_trajectory142_outcome242_baseline0.10_mc100_alpha0.05_min100_profiles2b1671cb4b_plandc0cd9facf,reference,quarter_1,19,b050_p00100_s250,p00100_s250,full_factorial_nested_prefix,50,100,250,1923978833,805816195,4.107319708456557,nested_prefix_median_v1,ok,whole_grid_cosine_dual_leakage_penalty_v2,50,150,0.008248715195804834,0.5,1.0,0.8483980732172913,0.8742440996322721,0.05825368985141383,0.8233161549978649,0.7989757549895541,0.3003037274361435,0.018575915839296988,0.10357255465351045,
reference__quarter_1__b100_p00100_s250,reference__quarter_1__p00100_s250,games10_possessions92_source4370615271_grid20x10_trajectory142_outcome242_baseline0.10_mc100_alpha0.05_min100_profiles2b1671cb4b,games10_possessions92_source4370615271_grid20x10_trajectory142_outcome242_baseline0.10_mc100_alpha0.05_min100_profiles2b1671cb4b_plandc0cd9facf,reference,quarter_1,34,b100_p00100_s250,p00100_s250,full_factorial_nested_prefix,100,100,250,1923978833,805816195,4.107319708456557,nested_prefix_median_v1,ok,whole_grid_cosine_dual_leakage_penalty_v2,50,150,0.008248715195804834,0.5,1.0,0.8435072313724996,0.8523963741540863,0.020748077341930224,0.8347107882571565,0.8260060780975056,0.3099750136226075,0.0065676517021794134,0.10964483885327354,
reference__quarter_1__b010_p01000_s050,reference__quarter_1__p01000_s050,games10_possessions92_source4370615271_grid20x10_trajectory142_outcome242_baseline0.10_mc100_alpha0.05_min100_profiles2b1671cb4b,games10_possessions92_source4370615271_grid20x10_trajectory142_outcome242_baseline0.10_mc100_alpha0.05_min100_profiles2b1671cb4b_plandc0cd9facf,reference,quarter_1,5,b010_p01000_s050,p01000_s050,full_factorial_nested_prefix,10,1000,50,3490540687,1418848166,12.093830134473968,nested_prefix_median_v1,ok,whole_grid_cosine_dual_leakage_penalty_v2,50,150,-0.011490357108414173,0.5,1.0,0.8963020339213408,0.9253121656546448,0.061720517615483216,0.8682014198345364,0.8409818084479052,2.987461080046577,0.1965167603878407,0.35499019734561443,
reference__quarter_1__b050_p01000_s050,reference__quarter_1__p01000_s050,games10_possessions92_source4370615271_grid20x10_trajectory142_outcome242_baseline0.10_mc100_alpha0.05_min100_profiles2b1671cb4b,games10_possessions92_source4370615271_grid20x10_trajectory142_outcome242_baseline0.10_mc100_alpha0.05_min100_profiles2b1671cb4b_plandc0cd9facf,reference,quarter_1,20,b050_p01000_s050,p01000_s050,full_factorial_nested_prefix,50,1000,50,3490540687,1418848166,12.093830134473968,nested_prefix_median_v1,ok,whole_grid_cosine_dual_leakage_penalty_v2,50,150,-0.017031352035701275,0.5,1.0,0.9091178261490984,0.9312733998608492,0.04701525088559834,0.8874893473233072,0.8663754234681288,3.1385366106884725,0.15483887470631516,0.35024637542665005,
reference__quarter_1__b100_p01000_s050,reference__quarter_1__p01000_s050,games10_possessions92_source4370615271_grid20x10_trajectory142_outcome242_baseline0.10_mc100_alpha0.05_min100_profiles2b1671cb4b,games10_possessions92_source4370615271_grid20x10_trajectory142_outcome242_baseline0.10_mc100_alpha0.05_min100_profiles2b1671cb4b_plandc0cd9facf,reference,quarter_1,35,b100_p01000_s050,p01000_s050,full_factorial_nested_prefix,100,1000,50,3490540687,1418848166,12.093830134473968,nested_prefix_median_v1,ok,whole_grid_cosine_dual_leakage_penalty_v2,50,150,-0.015232381410896778,0.5,1.0,0.9090044839736758,0.931405374114878,0.04752283580627096,0.8871423494517386,0.8658060131346308,3.062537339894482,0.15280204568219666,0.34933762438595295,
reference__quarter_1__b010_p01000_s100,reference__quarter_1__p01000_s100,games10_possessions92_source4370615271_grid20x10_trajectory142_outcome242_baseline0.10_mc100_alpha0.05_min100_profiles2b1671cb4b,games10_possessions92_source4370615271_grid20x10_trajectory142_outcome242_baseline0.10_mc100_alpha0.05_min100_profiles2b1671cb4b_plandc0cd9facf,reference,quarter_1,6,b010_p01000_s100,p01000_s100,full_factorial_nested_prefix,10,1000,100,1621772669,1325381358,13.61395897036771,nested_prefix_median_v1,ok,whole_grid_cosine_dual_leakage_penalty_v2,50,150,-0.014229944674298167,0.5,1.0,0.913533259478846,0.9329089256048032,0.041106817948230796,0.894560008237687,0.8759808140917952,2.4615213490187533,0.10552302577987724,0.3054918572306633,
reference__quarter_1__b050_p01000_s100,reference__quarter_1__p01000_s100,games10_possessions92_source4370615271_grid20x10_trajectory142_outcome242_baseline0.10_mc100_alpha0.05_min100_profiles2b1671cb4b,games10_possessions92_source4370615271_grid20x10_trajectory142_outcome242_baseline0.10_mc100_alpha0.05_min100_profiles2b1671cb4b_plandc0cd9facf,reference,quarter_1,21,b050_p01000_s100,p01000_s100,full_factorial_nested_prefix,50,1000,100,1621772669,1325381358,13.61395897036771,nested_prefix_median_v1,ok,whole_grid_cosine_dual_leakage_penalty_v2,50,150,-0.019717794843018055,0.5,1.0,0.9143139598460528,0.9371405111582413,0.04812202725016669,0.8920434099430491,0.8703153185551332,2.595537332071838,0.13121694355628505,0.3173474594950676,
reference__quarter_1__b100_p01000_s100,reference__quarter_1__p01000_s100,games10_possessions92_source4370615271_grid20x10_trajectory142_outcome242_baseline0.10_mc100_alpha0.05_min100_profiles2b1671cb4b,games10_possessions92_source4370615271_grid20x10_trajectory142_outcome242_baseline0.10_mc100_alpha0.05_min100_profiles2b1671cb4b_plandc0cd9facf,reference,quarter_1,36,b100_p01000_s100,p01000_s100,full_factorial_nested_prefix,100,1000,100,1621772669,1325381358,13.61395897036771,nested_prefix_median_v1,ok,whole_grid_cosine_dual_leakage_penalty_v2,50,150,-0.017765212804079056,0.5,1.0,0.9111026849046558,0.9346227268546435,0.04969726729389485,0.8881745313791994,0.8658233712407639,2.518425024091772,0.131704179388727,0.3145694974809885,
reference__quarter_1__b500_p01000_s100,reference__quarter_1__p01000_s100,games10_possessions92_source4370615271_grid20x10_trajectory142_outcome242_baseline0.10_mc100_alpha0.05_min100_profiles2b1671cb4b,games10_possessions92_source4370615271_grid20x10_trajectory142_outcome242_baseline0.10_mc100_alpha0.05_min100_profiles2b1671cb4b_plandc0cd9facf,reference,quarter_1,12,b500_p01000_s100,p01000_s100,targeted_nested_prefix,500,1000,100,1621772669,1325381358,13.61395897036771,nested_prefix_median_v1,ok,whole_grid_cosine_dual_leakage_penalty_v2,50,150,-0.014794884249567986,0.5,1.0,0.9075812300819269,0.934361442580865,0.05650154339333723,0.8815685789878209,0.8563014898274746,2.4523752716540583,0.14686085266790722,0.31328432792797684,
reference__quarter_1__b010_p01000_s150,reference__quarter_1__p01000_s150,games10_possessions92_source4370615271_grid20x10_trajectory142_outcome242_baseline0.10_mc100_alpha0.05_min100_profiles2b1671cb4b,games10_possessions92_source4370615271_grid20x10_trajectory142_outcome242_baseline0.10_mc100_alpha0.05_min100_profiles2b1671cb4b_plandc0cd9facf,reference,quarter_1,7,b010_p01000_s150,p01000_s150,full_factorial_nested_prefix,10,1000,150,4050652992,2897343209,15.71165255396528,nested_prefix_median_v1,ok,whole_grid_cosine_dual_leakage_penalty_v2,50,150,-0.015816117636859417,0.5,1.0,0.9186029776129863,0.9365684431376645,0.037996489983069516,0.9009821296695252,0.8836992887756966,2.037417247389437,0.08047237169685938,0.274145619943738,
reference__quarter_1__b050_p01000_s150,reference__quarter_1__p01000_s150,games10_possessions92_source4370615271_grid20x10_trajectory142_outcome242_baseline0.10_mc100_alpha0.05_min100_profiles2b1671cb4b,games10_possessions92_source4370615271_grid20x10_trajectory142_outcome242_baseline0.10_mc100_alpha0.05_min100_profiles2b1671cb4b_plandc0cd9facf,reference,quarter_1,22,b050_p01000_s150,p01000_s150,full_factorial_nested_prefix,50,1000,150,4050652992,2897343209,15.71165255396528,nested_prefix_median_v1,ok,whole_grid_cosine_dual_leakage_penalty_v2,50,150,-0.016128001734614372,0.5,1.0,0.9165005060591042,0.9373711510018428,0.04403442887446445,0.8960945477240773,0.8761429297116339,2.042030174647537,0.09406158045959494,0.26854277960956097,
reference__quarter_1__b100_p01000_s150,reference__quarter_1__p01000_s150,games10_possessions92_source4370615271_grid20x10_trajectory142_outcome242_baseline0.10_mc100_alpha0.05_min100_profiles2b1671cb4b,games10_possessions92_source4370615271_grid20x10_trajectory142_outcome242_baseline0.10_mc100_alpha0.05_min100_profiles2b1671cb4b_plandc0cd9facf,reference,quarter_1,37,b100_p01000_s150,p01000_s150,full_factorial_nested_prefix,100,1000,150,4050652992,2897343209,15.71165255396528,nested_prefix_median_v1,ok,whole_grid_cosine_dual_leakage_penalty_v2,50,150,-0.016869851388037205,0.5,1.0,0.9175586177376958,0.9386682939578606,0.04447217189351582,0.8969236762379734,0.8767527931672882,2.0335029647233513,0.09464328587097194,0.2705575115978718,
reference__quarter_1__b010_p01000_s200,reference__quarter_1__p01000_s200,games10_possessions92_source4370615271_grid20x10_trajectory142_outcome242_baseline0.10_mc100_alpha0.05_min100_profiles2b1671cb4b,games10_possessions92_source4370615271_grid20x10_trajectory142_outcome242_baseline0.10_mc100_alpha0.05_min100_profiles2b1671cb4b_plandc0cd9facf,reference,quarter_1,8,b010_p01000_s200,p01000_s200,full_factorial_nested_prefix,10,1000,200,3497043562,2451342709,16.69055741685807,nested_prefix_median_v1,ok,whole_grid_cosine_dual_leakage_penalty_v2,50,150,-0.021981440484523773,0.5,1.0,0.9316296862792112,0.9457657672168794,0.02967000395984788,0.9177048931584664,0.9039882297981952,1.9948773819143295,0.06099782554631026,0.2528077643364668,
reference__quarter_1__b050_p01000_s200,reference__quarter_1__p01000_s200,games10_possessions92_source4370615271_grid20x10_trajectory142_outcome242_baseline0.10_mc100_alpha0.05_min100_profiles2b1671cb4b,games10_possessions92_source4370615271_grid20x10_trajectory142_outcome242_baseline0.10_mc100_alpha0.05_min100_profiles2b1671cb4b_plandc0cd9facf,reference,quarter_1,23,b050_p01000_s200,p01000_s200,full_factorial_nested_prefix,50,1000,200,3497043562,2451342709,16.69055741685807,nested_prefix_median_v1,ok,whole_grid_cosine_dual_leakage_penalty_v2,50,150,-0.019148712046444416,0.5,1.0,0.9234384303430173,0.9415935820695616,0.03819083853742033,0.9056333336088717,0.8881715423505383,2.0152136678240127,0.08001868030580596,0.257937990128994,
reference__quarter_1__b100_p01000_s200,reference__quarter_1__p01000_s200,games10_possessions92_source4370615271_grid20x10_trajectory142_outcome242_baseline0.10_mc100_alpha0.05_min100_profiles2b1671cb4b,games10_possessions92_source4370615271_grid20x10_trajectory142_outcome242_baseline0.10_mc100_alpha0.05_min100_profiles2b1671cb4b_plandc0cd9facf,reference,quarter_1,38,b100_p01000_s200,p01000_s200,full_factorial_nested_prefix,100,1000,200,3497043562,2451342709,16.69055741685807,nested_prefix_median_v1,ok,whole_grid_cosine_dual_leakage_penalty_v2,50,150,-0.018899274058640003,0.5,1.0,0.921962141815832,0.9401504470331246,0.038318054948847866,0.9041257105435252,0.8866343458049755,2.010308596234483,0.08010040705355742,0.25982425920665264,
reference__quarter_1__b010_p01000_s250,reference__quarter_1__p01000_s250,games10_possessions92_source4370615271_grid20x10_trajectory142_outcome242_baseline0.10_mc100_alpha0.05_min100_profiles2b1671cb4b,games10_possessions92_source4370615271_grid20x10_trajectory142_outcome242_baseline0.10_mc100_alpha0.05_min100_profiles2b1671cb4b_plandc0cd9facf,reference,quarter_1,9,b010_p01000_s250,p01000_s250,full_factorial_nested_prefix,10,1000,250,1213564615,1016114094,14.96605144252793,nested_prefix_median_v1,ok,whole_grid_cosine_dual_leakage_penalty_v2,50,150,-0.016993639059364796,0.5,1.0,0.9108894726741855,0.9338276858203965,0.048523920228435574,0.8885147056865433,0.8666895445652216,2.153141490523733,0.10980713876884045,0.28294203989207745,
reference__quarter_1__b050_p01000_s250,reference__quarter_1__p01000_s250,games10_possessions92_source4370615271_grid20x10_trajectory142_outcome242_baseline0.10_mc100_alpha0.05_min100_profiles2b1671cb4b,games10_possessions92_source4370615271_grid20x10_trajectory142_outcome242_baseline0.10_mc100_alpha0.05_min100_profiles2b1671cb4b_plandc0cd9facf,reference,quarter_1,24,b050_p01000_s250,p01000_s250,full_factorial_nested_prefix,50,1000,250,1213564615,1016114094,14.96605144252793,nested_prefix_median_v1,ok,whole_grid_cosine_dual_leakage_penalty_v2,50,150,-0.017733624204993248,0.5,1.0,0.9141171431948681,0.9356634507131272,0.045525397084261024,0.8930670005821821,0.8725015972693915,2.13290753778933,0.10173289294994979,0.2787768170237541,
reference__quarter_1__b100_p01000_s250,reference__quarter_1__p01000_s250,games10_possessions92_source4370615271_grid20x10_trajectory142_outcome242_baseline0.10_mc100_alpha0.05_min100_profiles2b1671cb4b,games10_possessions92_source4370615271_grid20x10_trajectory142_outcome242_baseline0.10_mc100_alpha0.05_min100_profiles2b1671cb4b_plandc0cd9facf,reference,quarter_1,39,b100_p01000_s250,p01000_s250,full_factorial_nested_prefix,100,1000,250,1213564615,1016114094,14.96605144252793,nested_prefix_median_v1,ok,whole_grid_cosine_dual_leakage_penalty_v2,50,150,-0.01693770382553339,0.5,1.0,0.9141325965955236,0.9360895366433433,0.046361865880324586,0.8926906790935093,0.8717517037553291,2.1267261186179,0.10339245836321896,0.2802588324993849,
reference__quarter_1__b050_p02500_s150,reference__quarter_1__p02500_s150,games10_possessions92_source4370615271_grid20x10_trajectory142_outcome242_baseline0.10_mc100_alpha0.05_min100_profiles2b1671cb4b,games10_possessions92_source4370615271_grid20x10_trajectory142_outcome242_baseline0.10_mc100_alpha0.05_min100_profiles2b1671cb4b_plandc0cd9facf,reference,quarter_1,3,b050_p02500_s150,p02500_s150,full_factorial_nested_prefix,50,2500,150,4052413110,2926092611,23.40532185145937,nested_prefix_median_v1,ok,whole_grid_cosine_dual_leakage_penalty_v2,50,150,-0.026083918754011393,0.5,1.0,0.9025829764275289,0.9448698528503253,0.08750542529694992,0.8621886145263913,0.8236020692094511,3.5485047420174203,0.34029069895514413,0.3867122083902359,
reference__quarter_1__b100_p02500_s150,reference__quarter_1__p02500_s150,games10_possessions92_source4370615271_grid20x10_trajectory142_outcome242_baseline0.10_mc100_alpha0.05_min100_profiles2b1671cb4b,games10_possessions92_source4370615271_grid20x10_trajectory142_outcome242_baseline0.10_mc100_alpha0.05_min100_profiles2b1671cb4b_plandc0cd9facf,reference,quarter_1,9,b100_p02500_s150,p02500_s150,full_factorial_nested_prefix,100,2500,150,4052413110,2926092611,23.40532185145937,nested_prefix_median_v1,ok,whole_grid_cosine_dual_leakage_penalty_v2,50,150,-0.024838782381266356,0.5,1.0,0.9030574796352175,0.9458207836145076,0.08838160068302642,0.8622276287993831,0.8232438140762774,3.5199635097303794,0.3412612224247613,0.38603638857603073,
reference__quarter_1__b050_p02500_s200,reference__quarter_1__p02500_s200,games10_possessions92_source4370615271_grid20x10_trajectory142_outcome242_baseline0.10_mc100_alpha0.05_min100_profiles2b1671cb4b,games10_possessions92_source4370615271_grid20x10_trajectory142_outcome242_baseline0.10_mc100_alpha0.05_min100_profiles2b1671cb4b_plandc0cd9facf,reference,quarter_1,4,b050_p02500_s200,p02500_s200,full_factorial_nested_prefix,50,2500,200,1981401840,3259433725,22.75671396538772,nested_prefix_median_v1,ok,whole_grid_cosine_dual_leakage_penalty_v2,50,150,-0.028197546023875475,0.5,1.0,0.9092327770849185,0.9562603549178246,0.09593872961921557,0.8645179512817881,0.82200213952324,3.5935354604357714,0.3813449798270869,0.3849479593336582,
reference__quarter_1__b100_p02500_s200,reference__quarter_1__p02500_s200,games10_possessions92_source4370615271_grid20x10_trajectory142_outcome242_baseline0.10_mc100_alpha0.05_min100_profiles2b1671cb4b,games10_possessions92_source4370615271_grid20x10_trajectory142_outcome242_baseline0.10_mc100_alpha0.05_min100_profiles2b1671cb4b_plandc0cd9facf,reference,quarter_1,10,b100_p02500_s200,p02500_s200,full_factorial_nested_prefix,100,2500,200,1981401840,3259433725,22.75671396538772,nested_prefix_median_v1,ok,whole_grid_cosine_dual_leakage_penalty_v2,50,150,-0.027355377096682787,0.5,1.0,0.9073720764604053,0.9543869459533575,0.09609697595113437,0.8626732465600013,0.8201763638500589,3.607619755636126,0.3835382111515761,0.3895942308008671,
reference__quarter_1__b050_p02500_s250,reference__quarter_1__p02500_s250,games10_possessions92_source4370615271_grid20x10_trajectory142_outcome242_baseline0.10_mc100_alpha0.05_min100_profiles2b1671cb4b,games10_possessions92_source4370615271_grid20x10_trajectory142_outcome242_baseline0.10_mc100_alpha0.05_min100_profiles2b1671cb4b_plandc0cd9facf,reference,quarter_1,5,b050_p02500_s250,p02500_s250,full_factorial_nested_prefix,50,2500,250,1813759423,2202712799,24.76814744571024,nested_prefix_median_v1,ok,whole_grid_cosine_dual_leakage_penalty_v2,50,150,-0.02671093912795186,0.5,1.0,0.9070543133264493,0.9517411386831138,0.09170086237678247,0.8644656555064113,0.8238766505718337,3.2500109086436497,0.32811745680661647,0.35875599831342697,
reference__quarter_1__b100_p02500_s250,reference__quarter_1__p02500_s250,games10_possessions92_source4370615271_grid20x10_trajectory142_outcome242_baseline0.10_mc100_alpha0.05_min100_profiles2b1671cb4b,games10_possessions92_source4370615271_grid20x10_trajectory142_outcome242_baseline0.10_mc100_alpha0.05_min100_profiles2b1671cb4b_plandc0cd9facf,reference,quarter_1,11,b100_p02500_s250,p02500_s250,full_factorial_nested_prefix,100,2500,250,1813759423,2202712799,24.76814744571024,nested_prefix_median_v1,ok,whole_grid_cosine_dual_leakage_penalty_v2,50,150,-0.027112972922623158,0.5,1.0,0.9076289356879687,0.9514375666469216,0.08996923273029812,0.8658374587849161,0.825970256740305,3.2455375594937363,0.32086665036730283,0.35834070295095444,
reference__quarter_1__b010_p10000_s050,reference__quarter_1__p10000_s050,games10_possessions92_source4370615271_grid20x10_trajectory142_outcome242_baseline0.10_mc100_alpha0.05_min100_profiles2b1671cb4b,games10_possessions92_source4370615271_grid20x10_trajectory142_outcome242_baseline0.10_mc100_alpha0.05_min100_profiles2b1671cb4b_plandc0cd9facf,reference,quarter_1,10,b010_p10000_s050,p10000_s050,full_factorial_nested_prefix,10,10000,50,3530007450,982214839,40.589647848686525,nested_prefix_median_v1,ok,whole_grid_cosine_dual_leakage_penalty_v2,50,150,-0.05079759657382965,0.5,1.0,0.8507338028650062,0.9143841931361884,0.1343746648054262,0.7915141236801327,0.7364167332663755,10.91571971861709,1.694493123828739,0.7361274808645248,
reference__quarter_1__b050_p10000_s050,reference__quarter_1__p10000_s050,games10_possessions92_source4370615271_grid20x10_trajectory142_outcome242_baseline0.10_mc100_alpha0.05_min100_profiles2b1671cb4b,games10_possessions92_source4370615271_grid20x10_trajectory142_outcome242_baseline0.10_mc100_alpha0.05_min100_profiles2b1671cb4b_plandc0cd9facf,reference,quarter_1,25,b050_p10000_s050,p10000_s050,full_factorial_nested_prefix,50,10000,50,3530007450,982214839,40.589647848686525,nested_prefix_median_v1,ok,whole_grid_cosine_dual_leakage_penalty_v2,50,150,-0.05544660985469818,0.5,1.0,0.8513709656701657,0.9191722621001419,0.14208581159122116,0.7885709252475045,0.7304032310477185,10.900257565689895,1.8052760563932286,0.7214475572109222,
reference__quarter_1__b100_p10000_s050,reference__quarter_1__p10000_s050,games10_possessions92_source4370615271_grid20x10_trajectory142_outcome242_baseline0.10_mc100_alpha0.05_min100_profiles2b1671cb4b,games10_possessions92_source4370615271_grid20x10_trajectory142_outcome242_baseline0.10_mc100_alpha0.05_min100_profiles2b1671cb4b_plandc0cd9facf,reference,quarter_1,40,b100_p10000_s050,p10000_s050,full_factorial_nested_prefix,100,10000,50,3530007450,982214839,40.589647848686525,nested_prefix_median_v1,ok,whole_grid_cosine_dual_leakage_penalty_v2,50,150,-0.05468994006514549,0.5,1.0,0.8505384176811045,0.9190140980068525,0.14346813881927656,0.7871648558171332,0.728513253902104,10.792208209045697,1.8076829312193132,0.7205045819282532,
reference__quarter_1__b010_p10000_s100,reference__quarter_1__p10000_s100,games10_possessions92_source4370615271_grid20x10_trajectory142_outcome242_baseline0.10_mc100_alpha0.05_min100_profiles2b1671cb4b,games10_possessions92_source4370615271_grid20x10_trajectory142_outcome242_baseline0.10_mc100_alpha0.05_min100_profiles2b1671cb4b_plandc0cd9facf,reference,quarter_1,11,b010_p10000_s100,p10000_s100,full_factorial_nested_prefix,10,10000,100,1611604615,3419823561,40.91804671751128,nested_prefix_median_v1,ok,whole_grid_cosine_dual_leakage_penalty_v2,50,150,-0.05276651121675968,0.5,1.0,0.8615221311176438,0.9359674570642234,0.15275038777375494,0.7929980650540478,0.7299242915137519,8.84696811942517,1.5950173259015639,0.6301988288760185,
reference__quarter_1__b050_p10000_s100,reference__quarter_1__p10000_s100,games10_possessions92_source4370615271_grid20x10_trajectory142_outcome242_baseline0.10_mc100_alpha0.05_min100_profiles2b1671cb4b,games10_possessions92_source4370615271_grid20x10_trajectory142_outcome242_baseline0.10_mc100_alpha0.05_min100_profiles2b1671cb4b_plandc0cd9facf,reference,quarter_1,26,b050_p10000_s100,p10000_s100,full_factorial_nested_prefix,50,10000,100,1611604615,3419823561,40.91804671751128,nested_prefix_median_v1,ok,whole_grid_cosine_dual_leakage_penalty_v2,50,150,-0.0600342471152544,0.5,1.0,0.859737780107264,0.9395939442616722,0.16275684564735796,0.7866685977042831,0.7198095709331439,9.198449146669201,1.7881430981864275,0.6353261321783066,
reference__quarter_1__b100_p10000_s100,reference__quarter_1__p10000_s100,games10_possessions92_source4370615271_grid20x10_trajectory142_outcome242_baseline0.10_mc100_alpha0.05_min100_profiles2b1671cb4b,games10_possessions92_source4370615271_grid20x10_trajectory142_outcome242_baseline0.10_mc100_alpha0.05_min100_profiles2b1671cb4b_plandc0cd9facf,reference,quarter_1,41,b100_p10000_s100,p10000_s100,full_factorial_nested_prefix,100,10000,100,1611604615,3419823561,40.91804671751128,nested_prefix_median_v1,ok,whole_grid_cosine_dual_leakage_penalty_v2,50,150,-0.060414290986955166,0.5,1.0,0.8588619966849929,0.9396856914798913,0.16462486418540323,0.7849900621430477,0.7174719571267216,9.207572089284376,1.8145085240030006,0.633391484618187,
reference__quarter_1__b010_p10000_s150,reference__quarter_1__p10000_s150,games10_possessions92_source4370615271_grid20x10_trajectory142_outcome242_baseline0.10_mc100_alpha0.05_min100_profiles2b1671cb4b,games10_possessions92_source4370615271_grid20x10_trajectory142_outcome242_baseline0.10_mc100_alpha0.05_min100_profiles2b1671cb4b_plandc0cd9facf,reference,quarter_1,12,b010_p10000_s150,p10000_s150,full_factorial_nested_prefix,10,10000,150,4030596498,2151158108,46.00724686238614,nested_prefix_median_v1,ok,whole_grid_cosine_dual_leakage_penalty_v2,50,150,-0.05891796387732029,0.5,1.0,0.8716060377605108,0.9499377508882021,0.1581200512703319,0.7997335450141358,0.733787646382288,7.7228225984699055,1.4504836551391145,0.5577244162559509,
reference__quarter_1__b050_p10000_s150,reference__quarter_1__p10000_s150,games10_possessions92_source4370615271_grid20x10_trajectory142_outcome242_baseline0.10_mc100_alpha0.05_min100_profiles2b1671cb4b,games10_possessions92_source4370615271_grid20x10_trajectory142_outcome242_baseline0.10_mc100_alpha0.05_min100_profiles2b1671cb4b_plandc0cd9facf,reference,quarter_1,27,b050_p10000_s150,p10000_s150,full_factorial_nested_prefix,50,10000,150,4030596498,2151158108,46.00724686238614,nested_prefix_median_v1,ok,whole_grid_cosine_dual_leakage_penalty_v2,50,150,-0.061638280749320984,0.5,1.0,0.8689841280098909,0.9502019842288582,0.16364275704879735,0.7947083117764098,0.7267811694707073,7.8266743038353015,1.5313773777855744,0.5624615326523781,
reference__quarter_1__b100_p10000_s150,reference__quarter_1__p10000_s150,games10_possessions92_source4370615271_grid20x10_trajectory142_outcome242_baseline0.10_mc100_alpha0.05_min100_profiles2b1671cb4b,games10_possessions92_source4370615271_grid20x10_trajectory142_outcome242_baseline0.10_mc100_alpha0.05_min100_profiles2b1671cb4b_plandc0cd9facf,reference,quarter_1,42,b100_p10000_s150,p10000_s150,full_factorial_nested_prefix,100,10000,150,4030596498,2151158108,46.00724686238614,nested_prefix_median_v1,ok,whole_grid_cosine_dual_leakage_penalty_v2,50,150,-0.05970110185444355,0.5,1.0,0.8689481449288191,0.9496703413507748,0.16277541894012942,0.7950873536823865,0.7275047466007823,7.755135016634279,1.5077738755255694,0.5639534443616867,
reference__quarter_1__b010_p10000_s200,reference__quarter_1__p10000_s200,games10_possessions92_source4370615271_grid20x10_trajectory142_outcome242_baseline0.10_mc100_alpha0.05_min100_profiles2b1671cb4b,games10_possessions92_source4370615271_grid20x10_trajectory142_outcome242_baseline0.10_mc100_alpha0.05_min100_profiles2b1671cb4b_plandc0cd9facf,reference,quarter_1,13,b010_p10000_s200,p10000_s200,full_factorial_nested_prefix,10,10000,200,2766936781,667329110,44.53591451271183,nested_prefix_median_v1,ok,whole_grid_cosine_dual_leakage_penalty_v2,50,150,-0.06587913632392883,0.5,1.0,0.8690002033982862,0.94980684754345,0.16291576338831082,0.7950683399044638,0.727426371877057,7.7646217314424675,1.5111732146811676,0.5603510737419128,
reference__quarter_1__b050_p10000_s200,reference__quarter_1__p10000_s200,games10_possessions92_source4370615271_grid20x10_trajectory142_outcome242_baseline0.10_mc100_alpha0.05_min100_profiles2b1671cb4b,games10_possessions92_source4370615271_grid20x10_trajectory142_outcome242_baseline0.10_mc100_alpha0.05_min100_profiles2b1671cb4b_plandc0cd9facf,reference,quarter_1,28,b050_p10000_s200,p10000_s200,full_factorial_nested_prefix,50,10000,200,2766936781,667329110,44.53591451271183,nested_prefix_median_v1,ok,whole_grid_cosine_dual_leakage_penalty_v2,50,150,-0.06204302795231342,0.5,1.0,0.8662387668064766,0.9514074250207695,0.17102361546305156,0.7886942874153253,0.7180914810529777,7.630074460864485,1.5741376291174387,0.5554863139986992,
reference__quarter_1__b100_p10000_s200,reference__quarter_1__p10000_s200,games10_possessions92_source4370615271_grid20x10_trajectory142_outcome242_baseline0.10_mc100_alpha0.05_min100_profiles2b1671cb4b,games10_possessions92_source4370615271_grid20x10_trajectory142_outcome242_baseline0.10_mc100_alpha0.05_min100_profiles2b1671cb4b_plandc0cd9facf,reference,quarter_1,43,b100_p10000_s200,p10000_s200,full_factorial_nested_prefix,100,10000,200,2766936781,667329110,44.53591451271183,nested_prefix_median_v1,ok,whole_grid_cosine_dual_leakage_penalty_v2,50,150,-0.062202151864767075,0.5,1.0,0.8658648508684255,0.9513976359956058,0.17172207971782072,0.7880216553038223,0.7171767379227387,7.664474115071339,1.589031172695105,0.5561225265264511,
reference__quarter_1__b010_p10000_s250,reference__quarter_1__p10000_s250,games10_possessions92_source4370615271_grid20x10_trajectory142_outcome242_baseline0.10_mc100_alpha0.05_min100_profiles2b1671cb4b,games10_possessions92_source4370615271_grid20x10_trajectory142_outcome242_baseline0.10_mc100_alpha0.05_min100_profiles2b1671cb4b_plandc0cd9facf,reference,quarter_1,14,b010_p10000_s250,p10000_s250,full_factorial_nested_prefix,10,10000,250,2050262281,3031975676,53.71405395410573,nested_prefix_median_v1,ok,whole_grid_cosine_dual_leakage_penalty_v2,50,150,-0.0557168610394001,0.5,1.0,0.8766973880961917,0.9585484620277063,0.16348973250814847,0.8018356303746995,0.7333663666257528,6.274066872243172,1.2262198738538064,0.4993615448474884,
reference__quarter_1__b050_p10000_s250,reference__quarter_1__p10000_s250,games10_possessions92_source4370615271_grid20x10_trajectory142_outcome242_baseline0.10_mc100_alpha0.05_min100_profiles2b1671cb4b,games10_possessions92_source4370615271_grid20x10_trajectory142_outcome242_baseline0.10_mc100_alpha0.05_min100_profiles2b1671cb4b_plandc0cd9facf,reference,quarter_1,29,b050_p10000_s250,p10000_s250,full_factorial_nested_prefix,50,10000,250,2050262281,3031975676,53.71405395410573,nested_prefix_median_v1,ok,whole_grid_cosine_dual_leakage_penalty_v2,50,150,-0.056211017072200775,0.5,1.0,0.8799210793628949,0.9602693625655063,0.16034418940339915,0.8062957500160216,0.7388308471534875,6.330328266064288,1.2088659920763163,0.4995652176439762,
reference__quarter_1__b100_p10000_s250,reference__quarter_1__p10000_s250,games10_possessions92_source4370615271_grid20x10_trajectory142_outcome242_baseline0.10_mc100_alpha0.05_min100_profiles2b1671cb4b,games10_possessions92_source4370615271_grid20x10_trajectory142_outcome242_baseline0.10_mc100_alpha0.05_min100_profiles2b1671cb4b_plandc0cd9facf,reference,quarter_1,44,b100_p10000_s250,p10000_s250,full_factorial_nested_prefix,100,10000,250,2050262281,3031975676,53.71405395410573,nested_prefix_median_v1,ok,whole_grid_cosine_dual_leakage_penalty_v2,50,150,-0.05777604132890701,0.5,1.0,0.8800136343106174,0.9607776977271626,0.16105599493980097,0.8060386897037431,0.7382821628761308,6.384823554319394,1.225724367602101,0.4988134615123272,
reference__quarter_2__b010_p00100_s050,reference__quarter_2__p00100_s050,games10_possessions92_source4370615271_grid20x10_trajectory142_outcome242_baseline0.10_mc100_alpha0.05_min100_profiles2b1671cb4b,games10_possessions92_source4370615271_grid20x10_trajectory142_outcome242_baseline0.10_mc100_alpha0.05_min100_profiles2b1671cb4b_plandc0cd9facf,reference,quarter_2,0,b010_p00100_s050,p00100_s050,full_factorial_nested_prefix,10,100,50,3626200452,3286961754,3.902913704551569,nested_prefix_median_v1,ok,whole_grid_cosine_dual_leakage_penalty_v2,50,150,0.027718011289834976,0.5,1.0,0.8648839991536901,0.9567781608304344,0.18286611989133736,0.7818158509626029,0.706726018072352,0.027105973780713936,0.006066036878187366,0.028191519901156425,
reference__quarter_2__b050_p00100_s050,reference__quarter_2__p00100_s050,games10_possessions92_source4370615271_grid20x10_trajectory142_outcome242_baseline0.10_mc100_alpha0.05_min100_profiles2b1671cb4b,games10_possessions92_source4370615271_grid20x10_trajectory142_outcome242_baseline0.10_mc100_alpha0.05_min100_profiles2b1671cb4b_plandc0cd9facf,reference,quarter_2,15,b050_p00100_s050,p00100_s050,full_factorial_nested_prefix,50,100,50,3626200452,3286961754,3.902913704551569,nested_prefix_median_v1,ok,whole_grid_cosine_dual_leakage_penalty_v2,50,150,0.029659781605005264,0.5,1.0,0.8620004326372014,0.97667586287317,0.22104197153136665,0.760789504596586,0.6714621575461834,0.03629873750207102,0.010300355357182664,0.030811963602900505,
reference__quarter_2__b100_p00100_s050,reference__quarter_2__p00100_s050,games10_possessions92_source4370615271_grid20x10_trajectory142_outcome242_baseline0.10_mc100_alpha0.05_min100_profiles2b1671cb4b,games10_possessions92_source4370615271_grid20x10_trajectory142_outcome242_baseline0.10_mc100_alpha0.05_min100_profiles2b1671cb4b_plandc0cd9facf,reference,quarter_2,30,b100_p00100_s050,p00100_s050,full_factorial_nested_prefix,100,100,50,3626200452,3286961754,3.902913704551569,nested_prefix_median_v1,ok,whole_grid_cosine_dual_leakage_penalty_v2,50,150,0.027615061029791832,0.5,1.0,0.869183107914438,0.9714717575228119,0.19949841499050547,0.77766468168897,0.6957824555489861,0.04785143096043175,0.01192537880049358,0.03681168518960476,
reference__quarter_2__b010_p00100_s100,reference__quarter_2__p00100_s100,games10_possessions92_source4370615271_grid20x10_trajectory142_outcome242_baseline0.10_mc100_alpha0.05_min100_profiles2b1671cb4b,games10_possessions92_source4370615271_grid20x10_trajectory142_outcome242_baseline0.10_mc100_alpha0.05_min100_profiles2b1671cb4b_plandc0cd9facf,reference,quarter_2,1,b010_p00100_s100,p00100_s100,full_factorial_nested_prefix,10,100,100,2992400680,3598067053,4.361637593046727,nested_prefix_median_v1,ok,whole_grid_cosine_dual_leakage_penalty_v2,50,150,0.024868464097380638,0.5,1.0,0.8811182981271537,0.9446261346601303,0.12994135449805816,0.821880135228128,0.7666245929954876,0.03475403675571133,0.005190439326888281,0.031186653301119804,
reference__quarter_2__b050_p00100_s100,reference__quarter_2__p00100_s100,games10_possessions92_source4370615271_grid20x10_trajectory142_outcome242_baseline0.10_mc100_alpha0.05_min100_profiles2b1671cb4b,games10_possessions92_source4370615271_grid20x10_trajectory142_outcome242_baseline0.10_mc100_alpha0.05_min100_profiles2b1671cb4b_plandc0cd9facf,reference,quarter_2,16,b050_p00100_s100,p00100_s100,full_factorial_nested_prefix,50,100,100,2992400680,3598067053,4.361637593046727,nested_prefix_median_v1,ok,whole_grid_cosine_dual_leakage_penalty_v2,50,150,0.021468243561685085,0.5,1.0,0.8850143666525793,0.947080157950134,0.12677297955291938,0.8270159844513459,0.7728184584448919,0.049197644649251415,0.007142394650108419,0.03795854840427637,
reference__quarter_2__b100_p00100_s100,reference__quarter_2__p00100_s100,games10_possessions92_source4370615271_grid20x10_trajectory142_outcome242_baseline0.10_mc100_alpha0.05_min100_profiles2b1671cb4b,games10_possessions92_source4370615271_grid20x10_trajectory142_outcome242_baseline0.10_mc100_alpha0.05_min100_profiles2b1671cb4b_plandc0cd9facf,reference,quarter_2,31,b100_p00100_s100,p00100_s100,full_factorial_nested_prefix,100,100,100,2992400680,3598067053,4.361637593046727,nested_prefix_median_v1,ok,whole_grid_cosine_dual_leakage_penalty_v2,50,150,0.02268683724105358,0.5,1.0,0.8763380735251795,0.9435346825931583,0.13736390993669836,0.8139270694312805,0.755960849319367,0.04581117617034369,0.007294851618247895,0.036739954724907875,
reference__quarter_2__b010_p00100_s150,reference__quarter_2__p00100_s150,games10_possessions92_source4370615271_grid20x10_trajectory142_outcome242_baseline0.10_mc100_alpha0.05_min100_profiles2b1671cb4b,games10_possessions92_source4370615271_grid20x10_trajectory142_outcome242_baseline0.10_mc100_alpha0.05_min100_profiles2b1671cb4b_plandc0cd9facf,reference,quarter_2,2,b010_p00100_s150,p00100_s150,full_factorial_nested_prefix,10,100,150,4028150633,3643849111,4.310176250169788,nested_prefix_median_v1,ok,whole_grid_cosine_dual_leakage_penalty_v2,50,150,0.005743498564697802,0.5,1.0,0.8557384311384597,0.9244435647840161,0.14311751472649067,0.7921394992872299,0.7332672736179772,0.253374470864286,0.0423189004191883,0.08257391881197691,
reference__quarter_2__b050_p00100_s150,reference__quarter_2__p00100_s150,games10_possessions92_source4370615271_grid20x10_trajectory142_outcome242_baseline0.10_mc100_alpha0.05_min100_profiles2b1671cb4b,games10_possessions92_source4370615271_grid20x10_trajectory142_outcome242_baseline0.10_mc100_alpha0.05_min100_profiles2b1671cb4b_plandc0cd9facf,reference,quarter_2,17,b050_p00100_s150,p00100_s150,full_factorial_nested_prefix,50,100,150,4028150633,3643849111,4.310176250169788,nested_prefix_median_v1,ok,whole_grid_cosine_dual_leakage_penalty_v2,50,150,0.005492140422575176,0.5,1.0,0.8677592023572782,0.9418035190051222,0.15105835553836422,0.799536228183964,0.7366769242459051,0.19648940973842083,0.034962788443029455,0.07505705556832254,
reference__quarter_2__b100_p00100_s150,reference__quarter_2__p00100_s150,games10_possessions92_source4370615271_grid20x10_trajectory142_outcome242_baseline0.10_mc100_alpha0.05_min100_profiles2b1671cb4b,games10_possessions92_source4370615271_grid20x10_trajectory142_outcome242_baseline0.10_mc100_alpha0.05_min100_profiles2b1671cb4b_plandc0cd9facf,reference,quarter_2,32,b100_p00100_s150,p00100_s150,full_factorial_nested_prefix,100,100,150,4028150633,3643849111,4.310176250169788,nested_prefix_median_v1,ok,whole_grid_cosine_dual_leakage_penalty_v2,50,150,0.015987984836101532,0.5,1.0,0.8795120849447259,0.9400384290728807,0.12462849297640723,0.8228828563176183,0.7698998192435268,0.08554113411587558,0.012178672194395494,0.05190632864832878,
reference__quarter_2__b010_p00100_s200,reference__quarter_2__p00100_s200,games10_possessions92_source4370615271_grid20x10_trajectory142_outcome242_baseline0.10_mc100_alpha0.05_min100_profiles2b1671cb4b,games10_possessions92_source4370615271_grid20x10_trajectory142_outcome242_baseline0.10_mc100_alpha0.05_min100_profiles2b1671cb4b_plandc0cd9facf,reference,quarter_2,3,b010_p00100_s200,p00100_s200,full_factorial_nested_prefix,10,100,200,2490554124,2454086396,4.227393353740553,nested_prefix_median_v1,ok,whole_grid_cosine_dual_leakage_penalty_v2,50,150,0.00935214594937861,0.5,1.0,0.8663203395647014,0.9641806926203639,0.1926903187204118,0.7783924076552788,0.6993887972200037,0.16841999257439327,0.04019882679545139,0.06647579791024327,
reference__quarter_2__b050_p00100_s200,reference__quarter_2__p00100_s200,games10_possessions92_source4370615271_grid20x10_trajectory142_outcome242_baseline0.10_mc100_alpha0.05_min100_profiles2b1671cb4b,games10_possessions92_source4370615271_grid20x10_trajectory142_outcome242_baseline0.10_mc100_alpha0.05_min100_profiles2b1671cb4b_plandc0cd9facf,reference,quarter_2,18,b050_p00100_s200,p00100_s200,full_factorial_nested_prefix,50,100,200,2490554124,2454086396,4.227393353740553,nested_prefix_median_v1,ok,whole_grid_cosine_dual_leakage_penalty_v2,50,150,0.0033557858550921082,0.5,1.0,0.8664277387650995,0.9505913752764729,0.16923736261155292,0.7897157980033938,0.7197957933630026,0.1791432212783597,0.03649384906643496,0.07341980398923624,
reference__quarter_2__b100_p00100_s200,reference__quarter_2__p00100_s200,games10_possessions92_source4370615271_grid20x10_trajectory142_outcome242_baseline0.10_mc100_alpha0.05_min100_profiles2b1671cb4b,games10_possessions92_source4370615271_grid20x10_trajectory142_outcome242_baseline0.10_mc100_alpha0.05_min100_profiles2b1671cb4b_plandc0cd9facf,reference,quarter_2,33,b100_p00100_s200,p00100_s200,full_factorial_nested_prefix,100,100,200,2490554124,2454086396,4.227393353740553,nested_prefix_median_v1,ok,whole_grid_cosine_dual_leakage_penalty_v2,50,150,0.005568452877923846,0.5,1.0,0.8756410865640544,0.9549063068643507,0.1591263587008104,0.8029555433525879,0.7363035089302953,0.15181002102987098,0.028728425621063765,0.06408324441872537,
reference__quarter_2__b010_p00100_s250,reference__quarter_2__p00100_s250,games10_possessions92_source4370615271_grid20x10_trajectory142_outcome242_baseline0.10_mc100_alpha0.05_min100_profiles2b1671cb4b,games10_possessions92_source4370615271_grid20x10_trajectory142_outcome242_baseline0.10_mc100_alpha0.05_min100_profiles2b1671cb4b_plandc0cd9facf,reference,quarter_2,4,b010_p00100_s250,p00100_s250,full_factorial_nested_prefix,10,100,250,1149619297,3354857825,4.759817938775593,nested_prefix_median_v1,ok,whole_grid_cosine_dual_leakage_penalty_v2,50,150,0.020856068469583988,0.5,1.0,0.8542390913578742,0.9695034662971604,0.22364536389962375,0.7526785107751853,0.6631924789138585,0.02526344315559277,0.00727766883221072,0.024706349708139896,
reference__quarter_2__b050_p00100_s250,reference__quarter_2__p00100_s250,games10_possessions92_source4370615271_grid20x10_trajectory142_outcome242_baseline0.10_mc100_alpha0.05_min100_profiles2b1671cb4b,games10_possessions92_source4370615271_grid20x10_trajectory142_outcome242_baseline0.10_mc100_alpha0.05_min100_profiles2b1671cb4b_plandc0cd9facf,reference,quarter_2,19,b050_p00100_s250,p00100_s250,full_factorial_nested_prefix,50,100,250,1149619297,3354857825,4.759817938775593,nested_prefix_median_v1,ok,whole_grid_cosine_dual_leakage_penalty_v2,50,150,0.0131035135127604,0.5,1.0,0.8845518956317797,0.9636637913449287,0.15745025240527902,0.8119346841638416,0.745278976398988,0.05564630532381794,0.010398821961158286,0.03921749768778682,
reference__quarter_2__b100_p00100_s250,reference__quarter_2__p00100_s250,games10_possessions92_source4370615271_grid20x10_trajectory142_outcome242_baseline0.10_mc100_alpha0.05_min100_profiles2b1671cb4b,games10_possessions92_source4370615271_grid20x10_trajectory142_outcome242_baseline0.10_mc100_alpha0.05_min100_profiles2b1671cb4b_plandc0cd9facf,reference,quarter_2,34,b100_p00100_s250,p00100_s250,full_factorial_nested_prefix,100,100,250,1149619297,3354857825,4.759817938775593,nested_prefix_median_v1,ok,whole_grid_cosine_dual_leakage_penalty_v2,50,150,0.016205166466534138,0.5,1.0,0.8860670012764055,0.9619051282001747,0.15146717829919212,0.8162080726401715,0.7518569328090416,0.04038766410782546,0.00720939174544373,0.034364184364676476,
reference__quarter_2__b010_p01000_s050,reference__quarter_2__p01000_s050,games10_possessions92_source4370615271_grid20x10_trajectory142_outcome242_baseline0.10_mc100_alpha0.05_min100_profiles2b1671cb4b,games10_possessions92_source4370615271_grid20x10_trajectory142_outcome242_baseline0.10_mc100_alpha0.05_min100_profiles2b1671cb4b_plandc0cd9facf,reference,quarter_2,5,b010_p01000_s050,p01000_s050,full_factorial_nested_prefix,10,1000,50,3687190213,1782554320,11.895846677550487,nested_prefix_median_v1,ok,whole_grid_cosine_dual_leakage_penalty_v2,50,150,-0.017023286782205105,0.5,1.0,0.9300378452849464,0.9433213182176852,0.027964907408750822,0.9169414248970268,0.9040294230549187,1.4566501246874242,0.04190701156193615,0.1976784011349082,
reference__quarter_2__b050_p01000_s050,reference__quarter_2__p01000_s050,games10_possessions92_source4370615271_grid20x10_trajectory142_outcome242_baseline0.10_mc100_alpha0.05_min100_profiles2b1671cb4b,games10_possessions92_source4370615271_grid20x10_trajectory142_outcome242_baseline0.10_mc100_alpha0.05_min100_profiles2b1671cb4b_plandc0cd9facf,reference,quarter_2,20,b050_p01000_s050,p01000_s050,full_factorial_nested_prefix,50,1000,50,3687190213,1782554320,11.895846677550487,nested_prefix_median_v1,ok,whole_grid_cosine_dual_leakage_penalty_v2,50,150,-0.015423977514728904,0.5,1.0,0.9308323642604076,0.9413713952159027,0.022265466458847798,0.9204113219904041,0.9101069474751575,1.3871420978207358,0.031588703061170356,0.19531872309744358,
reference__quarter_2__b100_p01000_s050,reference__quarter_2__p01000_s050,games10_possessions92_source4370615271_grid20x10_trajectory142_outcome242_baseline0.10_mc100_alpha0.05_min100_profiles2b1671cb4b,games10_possessions92_source4370615271_grid20x10_trajectory142_outcome242_baseline0.10_mc100_alpha0.05_min100_profiles2b1671cb4b_plandc0cd9facf,reference,quarter_2,35,b100_p01000_s050,p01000_s050,full_factorial_nested_prefix,100,1000,50,3687190213,1782554320,11.895846677550487,nested_prefix_median_v1,ok,whole_grid_cosine_dual_leakage_penalty_v2,50,150,-0.016388600692152977,0.5,1.0,0.9291704082701648,0.941430364297043,0.025875790040105706,0.9170701098531124,0.9051273898742868,1.4153903537135462,0.03759720089390914,0.19707953091710806,
reference__quarter_2__b010_p01000_s100,reference__quarter_2__p01000_s100,games10_possessions92_source4370615271_grid20x10_trajectory142_outcome242_baseline0.10_mc100_alpha0.05_min100_profiles2b1671cb4b,games10_possessions92_source4370615271_grid20x10_trajectory142_outcome242_baseline0.10_mc100_alpha0.05_min100_profiles2b1671cb4b_plandc0cd9facf,reference,quarter_2,6,b010_p01000_s100,p01000_s100,full_factorial_nested_prefix,10,1000,100,2261497806,972744737,14.573607184838565,nested_prefix_median_v1,ok,whole_grid_cosine_dual_leakage_penalty_v2,50,150,-0.022274158895015717,0.5,1.0,0.8990213113829492,0.9318808262459211,0.06927962477147018,0.8673204722718757,0.8367374522687834,1.1535566948931044,0.0858667942615831,0.17924106307327747,
reference__quarter_2__b050_p01000_s100,reference__quarter_2__p01000_s100,games10_possessions92_source4370615271_grid20x10_trajectory142_outcome242_baseline0.10_mc100_alpha0.05_min100_profiles2b1671cb4b,games10_possessions92_source4370615271_grid20x10_trajectory142_outcome242_baseline0.10_mc100_alpha0.05_min100_profiles2b1671cb4b_plandc0cd9facf,reference,quarter_2,21,b050_p01000_s100,p01000_s100,full_factorial_nested_prefix,50,1000,100,2261497806,972744737,14.573607184838565,nested_prefix_median_v1,ok,whole_grid_cosine_dual_leakage_penalty_v2,50,150,-0.0240156352519989,0.5,1.0,0.9194559730135141,0.9467449135108886,0.05681710544399178,0.8929536079313776,0.8672151460436972,1.2105706899397815,0.07292448043185973,0.18275089096277952,
reference__quarter_2__b100_p01000_s100,reference__quarter_2__p01000_s100,games10_possessions92_source4370615271_grid20x10_trajectory142_outcome242_baseline0.10_mc100_alpha0.05_min100_profiles2b1671cb4b,games10_possessions92_source4370615271_grid20x10_trajectory142_outcome242_baseline0.10_mc100_alpha0.05_min100_profiles2b1671cb4b_plandc0cd9facf,reference,quarter_2,36,b100_p01000_s100,p01000_s100,full_factorial_nested_prefix,100,1000,100,2261497806,972744737,14.573607184838565,nested_prefix_median_v1,ok,whole_grid_cosine_dual_leakage_penalty_v2,50,150,-0.02142790285870433,0.5,1.0,0.9232195044097857,0.9455307423588544,0.046636250184490656,0.9014347341010797,0.8801640086269295,1.1785591042019574,0.0576522625822599,0.1778059285134077,
reference__quarter_2__b500_p01000_s100,reference__quarter_2__p01000_s100,games10_possessions92_source4370615271_grid20x10_trajectory142_outcome242_baseline0.10_mc100_alpha0.05_min100_profiles2b1671cb4b,games10_possessions92_source4370615271_grid20x10_trajectory142_outcome242_baseline0.10_mc100_alpha0.05_min100_profiles2b1671cb4b_plandc0cd9facf,reference,quarter_2,12,b500_p01000_s100,p01000_s100,targeted_nested_prefix,500,1000,100,2261497806,972744737,14.573607184838565,nested_prefix_median_v1,ok,whole_grid_cosine_dual_leakage_penalty_v2,50,150,-0.02150177164003253,0.5,1.0,0.9242498094344135,0.9446603476588624,0.04274560903603588,0.9042802657659911,0.8847421884286994,1.203532279645533,0.05374299744519389,0.17950092442333698,
reference__quarter_2__b010_p01000_s150,reference__quarter_2__p01000_s150,games10_possessions92_source4370615271_grid20x10_trajectory142_outcome242_baseline0.10_mc100_alpha0.05_min100_profiles2b1671cb4b,games10_possessions92_source4370615271_grid20x10_trajectory142_outcome242_baseline0.10_mc100_alpha0.05_min100_profiles2b1671cb4b_plandc0cd9facf,reference,quarter_2,7,b010_p01000_s150,p01000_s150,full_factorial_nested_prefix,10,1000,150,4158371063,1188420546,14.940096063705536,nested_prefix_median_v1,ok,whole_grid_cosine_dual_leakage_penalty_v2,50,150,-0.029024957679212093,0.5,1.0,0.9335186821156658,0.954870269955855,0.044221440448180445,0.9126445311772645,0.892237141307224,1.4158915665122263,0.06550969778916312,0.19253284484148026,
reference__quarter_2__b050_p01000_s150,reference__quarter_2__p01000_s150,games10_possessions92_source4370615271_grid20x10_trajectory142_outcome242_baseline0.10_mc100_alpha0.05_min100_profiles2b1671cb4b,games10_possessions92_source4370615271_grid20x10_trajectory142_outcome242_baseline0.10_mc100_alpha0.05_min100_profiles2b1671cb4b_plandc0cd9facf,reference,quarter_2,22,b050_p01000_s150,p01000_s150,full_factorial_nested_prefix,50,1000,150,4158371063,1188420546,14.940096063705536,nested_prefix_median_v1,ok,whole_grid_cosine_dual_leakage_penalty_v2,50,150,-0.024563142098486423,0.5,1.0,0.9257829895499162,0.9492634318860182,0.048859025006356686,0.902883346129879,0.8805501353130373,1.1826669221737791,0.06075224834579938,0.17937393579632044,
reference__quarter_2__b100_p01000_s150,reference__quarter_2__p01000_s150,games10_possessions92_source4370615271_grid20x10_trajectory142_outcome242_baseline0.10_mc100_alpha0.05_min100_profiles2b1671cb4b,games10_possessions92_source4370615271_grid20x10_trajectory142_outcome242_baseline0.10_mc100_alpha0.05_min100_profiles2b1671cb4b_plandc0cd9facf,reference,quarter_2,37,b100_p01000_s150,p01000_s150,full_factorial_nested_prefix,100,1000,150,4158371063,1188420546,14.940096063705536,nested_prefix_median_v1,ok,whole_grid_cosine_dual_leakage_penalty_v2,50,150,-0.024795289151370525,0.5,1.0,0.9295054092211564,0.9521430845141677,0.04698572024187099,0.9074059559149525,0.8858319281001854,1.228584477065269,0.06057194289632753,0.17938539665192366,
reference__quarter_2__b010_p01000_s200,reference__quarter_2__p01000_s200,games10_possessions92_source4370615271_grid20x10_trajectory142_outcome242_baseline0.10_mc100_alpha0.05_min100_profiles2b1671cb4b,games10_possessions92_source4370615271_grid20x10_trajectory142_outcome242_baseline0.10_mc100_alpha0.05_min100_profiles2b1671cb4b_plandc0cd9facf,reference,quarter_2,8,b010_p01000_s200,p01000_s200,full_factorial_nested_prefix,10,1000,200,3531618443,190045426,14.454801008649802,nested_prefix_median_v1,ok,whole_grid_cosine_dual_leakage_penalty_v2,50,150,-0.026353557594120502,0.5,1.0,0.9271176392498811,0.9573836023164548,0.06222701321205925,0.8978084802460998,0.8694258776631456,1.1384894277502013,0.07554578523855661,0.17416791338473558,
reference__quarter_2__b050_p01000_s200,reference__quarter_2__p01000_s200,games10_possessions92_source4370615271_grid20x10_trajectory142_outcome242_baseline0.10_mc100_alpha0.05_min100_profiles2b1671cb4b,games10_possessions92_source4370615271_grid20x10_trajectory142_outcome242_baseline0.10_mc100_alpha0.05_min100_profiles2b1671cb4b_plandc0cd9facf,reference,quarter_2,23,b050_p01000_s200,p01000_s200,full_factorial_nested_prefix,50,1000,200,3531618443,190045426,14.454801008649802,nested_prefix_median_v1,ok,whole_grid_cosine_dual_leakage_penalty_v2,50,150,-0.02764197438955307,0.5,1.0,0.931723452553006,0.9554377006410268,0.049024548067569985,0.9085977991603825,0.886046131367639,1.239448934089859,0.06389589102758891,0.18188104405999184,
reference__quarter_2__b100_p01000_s200,reference__quarter_2__p01000_s200,games10_possessions92_source4370615271_grid20x10_trajectory142_outcome242_baseline0.10_mc100_alpha0.05_min100_profiles2b1671cb4b,games10_possessions92_source4370615271_grid20x10_trajectory142_outcome242_baseline0.10_mc100_alpha0.05_min100_profiles2b1671cb4b_plandc0cd9facf,reference,quarter_2,38,b100_p01000_s200,p01000_s200,full_factorial_nested_prefix,100,1000,200,3531618443,190045426,14.454801008649802,nested_prefix_median_v1,ok,whole_grid_cosine_dual_leakage_penalty_v2,50,150,-0.028804599307477474,0.5,1.0,0.935397655480069,0.9569588738030408,0.04455430896790826,0.9143222324700384,0.8937216593299531,1.3289104518330541,0.06196970420965951,0.18650451581925154,
reference__quarter_2__b010_p01000_s250,reference__quarter_2__p01000_s250,games10_possessions92_source4370615271_grid20x10_trajectory142_outcome242_baseline0.10_mc100_alpha0.05_min100_profiles2b1671cb4b,games10_possessions92_source4370615271_grid20x10_trajectory142_outcome242_baseline0.10_mc100_alpha0.05_min100_profiles2b1671cb4b_plandc0cd9facf,reference,quarter_2,9,b010_p01000_s250,p01000_s250,full_factorial_nested_prefix,10,1000,250,2896701537,2166196276,15.517709960181348,nested_prefix_median_v1,ok,whole_grid_cosine_dual_leakage_penalty_v2,50,150,-0.03599526174366474,0.5,1.0,0.9342326442322785,0.9668581541093777,0.06634903930256489,0.9027080444423692,0.8722472058023719,1.3651770883963459,0.09701504320769784,0.17559962458908554,
reference__quarter_2__b050_p01000_s250,reference__quarter_2__p01000_s250,games10_possessions92_source4370615271_grid20x10_trajectory142_outcome242_baseline0.10_mc100_alpha0.05_min100_profiles2b1671cb4b,games10_possessions92_source4370615271_grid20x10_trajectory142_outcome242_baseline0.10_mc100_alpha0.05_min100_profiles2b1671cb4b_plandc0cd9facf,reference,quarter_2,24,b050_p01000_s250,p01000_s250,full_factorial_nested_prefix,50,1000,250,2896701537,2166196276,15.517709960181348,nested_prefix_median_v1,ok,whole_grid_cosine_dual_leakage_penalty_v2,50,150,-0.029847840778529644,0.5,1.0,0.9423062575840104,0.9666917132911406,0.049815024844673206,0.9185359415764026,0.895365247951172,1.2604384877672272,0.0660805803344161,0.17515746783465147,
reference__quarter_2__b100_p01000_s250,reference__quarter_2__p01000_s250,games10_possessions92_source4370615271_grid20x10_trajectory142_outcome242_baseline0.10_mc100_alpha0.05_min100_profiles2b1671cb4b,games10_possessions92_source4370615271_grid20x10_trajectory142_outcome242_baseline0.10_mc100_alpha0.05_min100_profiles2b1671cb4b_plandc0cd9facf,reference,quarter_2,39,b100_p01000_s250,p01000_s250,full_factorial_nested_prefix,100,1000,250,2896701537,2166196276,15.517709960181348,nested_prefix_median_v1,ok,whole_grid_cosine_dual_leakage_penalty_v2,50,150,-0.028717617504298687,0.5,1.0,0.94218299858373,0.964580056074325,0.045899836346160953,0.920305989357743,0.8989369531406016,1.2426474536163417,0.05978126503881165,0.17641845624893904,
reference__quarter_2__b050_p02500_s150,reference__quarter_2__p02500_s150,games10_possessions92_source4370615271_grid20x10_trajectory142_outcome242_baseline0.10_mc100_alpha0.05_min100_profiles2b1671cb4b,games10_possessions92_source4370615271_grid20x10_trajectory142_outcome242_baseline0.10_mc100_alpha0.05_min100_profiles2b1671cb4b_plandc0cd9facf,reference,quarter_2,3,b050_p02500_s150,p02500_s150,full_factorial_nested_prefix,50,2500,150,839507654,4220458672,24.928783658278583,nested_prefix_median_v1,ok,whole_grid_cosine_dual_leakage_penalty_v2,50,150,-0.03399975225329399,0.5,1.0,0.9395048440693757,0.9525897858167534,0.027283671112197216,0.9265996393956908,0.9138717028954708,2.0315936980170854,0.056984068884387076,0.22354627810418604,
reference__quarter_2__b100_p02500_s150,reference__quarter_2__p02500_s150,games10_possessions92_source4370615271_grid20x10_trajectory142_outcome242_baseline0.10_mc100_alpha0.05_min100_profiles2b1671cb4b,games10_possessions92_source4370615271_grid20x10_trajectory142_outcome242_baseline0.10_mc100_alpha0.05_min100_profiles2b1671cb4b_plandc0cd9facf,reference,quarter_2,9,b100_p02500_s150,p02500_s150,full_factorial_nested_prefix,100,2500,150,839507654,4220458672,24.928783658278583,nested_prefix_median_v1,ok,whole_grid_cosine_dual_leakage_penalty_v2,50,150,-0.03454764373600483,0.5,1.0,0.9357803953392027,0.9493312013659155,0.028344361863057416,0.9224230142665092,0.9092562971893533,2.0648579085514647,0.06023438495967434,0.227234436199069,
reference__quarter_2__b050_p02500_s200,reference__quarter_2__p02500_s200,games10_possessions92_source4370615271_grid20x10_trajectory142_outcome242_baseline0.10_mc100_alpha0.05_min100_profiles2b1671cb4b,games10_possessions92_source4370615271_grid20x10_trajectory142_outcome242_baseline0.10_mc100_alpha0.05_min100_profiles2b1671cb4b_plandc0cd9facf,reference,quarter_2,4,b050_p02500_s200,p02500_s200,full_factorial_nested_prefix,50,2500,200,3001684622,2725999971,26.29482486999036,nested_prefix_median_v1,ok,whole_grid_cosine_dual_leakage_penalty_v2,50,150,-0.03686944581568241,0.5,1.0,0.9469923618333959,0.9603924666748604,0.0277107978759857,0.933779225149214,0.9207504479045283,1.9993986275066247,0.056984003441902326,0.22489070892333984,
reference__quarter_2__b100_p02500_s200,reference__quarter_2__p02500_s200,games10_possessions92_source4370615271_grid20x10_trajectory142_outcome242_baseline0.10_mc100_alpha0.05_min100_profiles2b1671cb4b,games10_possessions92_source4370615271_grid20x10_trajectory142_outcome242_baseline0.10_mc100_alpha0.05_min100_profiles2b1671cb4b_plandc0cd9facf,reference,quarter_2,10,b100_p02500_s200,p02500_s200,full_factorial_nested_prefix,100,2500,200,3001684622,2725999971,26.29482486999036,nested_prefix_median_v1,ok,whole_grid_cosine_dual_leakage_penalty_v2,50,150,-0.03608608432114124,0.5,1.0,0.9438143785209789,0.9569246676488325,0.02721317822046754,0.9308837061245431,0.9181301896312477,1.9844149548886985,0.05551292083907979,0.2263254765421152,
reference__quarter_2__b050_p02500_s250,reference__quarter_2__p02500_s250,games10_possessions92_source4370615271_grid20x10_trajectory142_outcome242_baseline0.10_mc100_alpha0.05_min100_profiles2b1671cb4b,games10_possessions92_source4370615271_grid20x10_trajectory142_outcome242_baseline0.10_mc100_alpha0.05_min100_profiles2b1671cb4b_plandc0cd9facf,reference,quarter_2,5,b050_p02500_s250,p02500_s250,full_factorial_nested_prefix,50,2500,250,1780359904,4254335289,24.69997234170325,nested_prefix_median_v1,ok,whole_grid_cosine_dual_leakage_penalty_v2,50,150,-0.041252678260207176,0.5,1.0,0.9494923657463393,0.9642010969656142,0.030276965275482574,0.9350080138342043,0.9207446183593015,2.1917332887496466,0.06843091305492582,0.23226683773100376,
reference__quarter_2__b100_p02500_s250,reference__quarter_2__p02500_s250,games10_possessions92_source4370615271_grid20x10_trajectory142_outcome242_baseline0.10_mc100_alpha0.05_min100_profiles2b1671cb4b,games10_possessions92_source4370615271_grid20x10_trajectory142_outcome242_baseline0.10_mc100_alpha0.05_min100_profiles2b1671cb4b_plandc0cd9facf,reference,quarter_2,11,b100_p02500_s250,p02500_s250,full_factorial_nested_prefix,100,2500,250,1780359904,4254335289,24.69997234170325,nested_prefix_median_v1,ok,whole_grid_cosine_dual_leakage_penalty_v2,50,150,-0.040353333577513695,0.5,1.0,0.9485812033856046,0.9631350624211522,0.029993504510455727,0.9342472665822454,0.920129928783325,2.1710547979839285,0.06713103693487527,0.23314214497804642,
reference__quarter_2__b010_p10000_s050,reference__quarter_2__p10000_s050,games10_possessions92_source4370615271_grid20x10_trajectory142_outcome242_baseline0.10_mc100_alpha0.05_min100_profiles2b1671cb4b,games10_possessions92_source4370615271_grid20x10_trajectory142_outcome242_baseline0.10_mc100_alpha0.05_min100_profiles2b1671cb4b_plandc0cd9facf,reference,quarter_2,10,b010_p10000_s050,p10000_s050,full_factorial_nested_prefix,10,10000,50,3230771700,2044918343,33.456509714982715,nested_prefix_median_v1,ok,whole_grid_cosine_dual_leakage_penalty_v2,50,150,-0.05813516862690449,0.5,1.0,0.8796168483639104,0.9118448745364816,0.0694383381418359,0.8485278818055174,0.8185377162119613,5.568162291751452,0.41549523464269844,0.4950365275144576,
reference__quarter_2__b050_p10000_s050,reference__quarter_2__p10000_s050,games10_possessions92_source4370615271_grid20x10_trajectory142_outcome242_baseline0.10_mc100_alpha0.05_min100_profiles2b1671cb4b,games10_possessions92_source4370615271_grid20x10_trajectory142_outcome242_baseline0.10_mc100_alpha0.05_min100_profiles2b1671cb4b_plandc0cd9facf,reference,quarter_2,25,b050_p10000_s050,p10000_s050,full_factorial_nested_prefix,50,10000,50,3230771700,2044918343,33.456509714982715,nested_prefix_median_v1,ok,whole_grid_cosine_dual_leakage_penalty_v2,50,150,-0.05692921206355095,0.5,1.0,0.8834739695381577,0.9110343702340926,0.05958836714511609,0.8567473196987636,0.8308291982781649,5.613151845226622,0.3556724962868081,0.4769064038991927,
reference__quarter_2__b100_p10000_s050,reference__quarter_2__p10000_s050,games10_possessions92_source4370615271_grid20x10_trajectory142_outcome242_baseline0.10_mc100_alpha0.05_min100_profiles2b1671cb4b,games10_possessions92_source4370615271_grid20x10_trajectory142_outcome242_baseline0.10_mc100_alpha0.05_min100_profiles2b1671cb4b_plandc0cd9facf,reference,quarter_2,40,b100_p10000_s050,p10000_s050,full_factorial_nested_prefix,100,10000,50,3230771700,2044918343,33.456509714982715,nested_prefix_median_v1,ok,whole_grid_cosine_dual_leakage_penalty_v2,50,150,-0.05428089760243893,0.5,1.0,0.8797101487397951,0.9082755293016771,0.06191114311574815,0.852043153018549,0.8252462878207896,5.480868074751557,0.3617213926850293,0.48292662724852553,
reference__quarter_2__b010_p10000_s100,reference__quarter_2__p10000_s100,games10_possessions92_source4370615271_grid20x10_trajectory142_outcome242_baseline0.10_mc100_alpha0.05_min100_profiles2b1671cb4b,games10_possessions92_source4370615271_grid20x10_trajectory142_outcome242_baseline0.10_mc100_alpha0.05_min100_profiles2b1671cb4b_plandc0cd9facf,reference,quarter_2,11,b010_p10000_s100,p10000_s100,full_factorial_nested_prefix,10,10000,100,1661703445,608919453,41.58040833288749,nested_prefix_median_v1,ok,whole_grid_cosine_dual_leakage_penalty_v2,50,150,-0.060045065358281136,0.5,1.0,0.8914485429864106,0.9239681034401793,0.06915236254827352,0.8600735261680433,0.8298027701486842,4.308219910973665,0.32005622964992675,0.3819126933813095,
reference__quarter_2__b050_p10000_s100,reference__quarter_2__p10000_s100,games10_possessions92_source4370615271_grid20x10_trajectory142_outcome242_baseline0.10_mc100_alpha0.05_min100_profiles2b1671cb4b,games10_possessions92_source4370615271_grid20x10_trajectory142_outcome242_baseline0.10_mc100_alpha0.05_min100_profiles2b1671cb4b_plandc0cd9facf,reference,quarter_2,26,b050_p10000_s100,p10000_s100,full_factorial_nested_prefix,50,10000,100,1661703445,608919453,41.58040833288749,nested_prefix_median_v1,ok,whole_grid_cosine_dual_leakage_penalty_v2,50,150,-0.06316104158759117,0.5,1.0,0.886492453223301,0.9208273782522342,0.07318375192859977,0.8534377758331597,0.821615609440031,4.487129393769264,0.3543150706609536,0.38775115087628365,
reference__quarter_2__b100_p10000_s100,reference__quarter_2__p10000_s100,games10_possessions92_source4370615271_grid20x10_trajectory142_outcome242_baseline0.10_mc100_alpha0.05_min100_profiles2b1671cb4b,games10_possessions92_source4370615271_grid20x10_trajectory142_outcome242_baseline0.10_mc100_alpha0.05_min100_profiles2b1671cb4b_plandc0cd9facf,reference,quarter_2,41,b100_p10000_s100,p10000_s100,full_factorial_nested_prefix,100,10000,100,1661703445,608919453,41.58040833288749,nested_prefix_median_v1,ok,whole_grid_cosine_dual_leakage_penalty_v2,50,150,-0.06373953260481358,0.5,1.0,0.8864152465410008,0.9205647984230378,0.07281647279026958,0.8535325168269867,0.8218696148603679,4.4945728687783335,0.35298183520170584,0.38630013540387154,
reference__quarter_2__b010_p10000_s150,reference__quarter_2__p10000_s150,games10_possessions92_source4370615271_grid20x10_trajectory142_outcome242_baseline0.10_mc100_alpha0.05_min100_profiles2b1671cb4b,games10_possessions92_source4370615271_grid20x10_trajectory142_outcome242_baseline0.10_mc100_alpha0.05_min100_profiles2b1671cb4b_plandc0cd9facf,reference,quarter_2,12,b010_p10000_s150,p10000_s150,full_factorial_nested_prefix,10,10000,150,3875731359,549371326,46.563348562365896,nested_prefix_median_v1,ok,whole_grid_cosine_dual_leakage_penalty_v2,50,150,-0.06387677602469921,0.5,1.0,0.8991831971792439,0.9289800363283902,0.06312078694982015,0.8703420853746694,0.8424260461612347,4.264558614008284,0.2873180362636775,0.35349141061306,
reference__quarter_2__b050_p10000_s150,reference__quarter_2__p10000_s150,games10_possessions92_source4370615271_grid20x10_trajectory142_outcome242_baseline0.10_mc100_alpha0.05_min100_profiles2b1671cb4b,games10_possessions92_source4370615271_grid20x10_trajectory142_outcome242_baseline0.10_mc100_alpha0.05_min100_profiles2b1671cb4b_plandc0cd9facf,reference,quarter_2,27,b050_p10000_s150,p10000_s150,full_factorial_nested_prefix,50,10000,150,3875731359,549371326,46.563348562365896,nested_prefix_median_v1,ok,whole_grid_cosine_dual_leakage_penalty_v2,50,150,-0.0626160241663456,0.5,1.0,0.8990747047065002,0.9273081421587971,0.059966324518235165,0.8717008811777012,0.8451604991979338,4.207160663829461,0.2683818338085114,0.35728223621845245,
reference__quarter_2__b100_p10000_s150,reference__quarter_2__p10000_s150,games10_possessions92_source4370615271_grid20x10_trajectory142_outcome242_baseline0.10_mc100_alpha0.05_min100_profiles2b1671cb4b,games10_possessions92_source4370615271_grid20x10_trajectory142_outcome242_baseline0.10_mc100_alpha0.05_min100_profiles2b1671cb4b_plandc0cd9facf,reference,quarter_2,42,b100_p10000_s150,p10000_s150,full_factorial_nested_prefix,100,10000,150,3875731359,549371326,46.563348562365896,nested_prefix_median_v1,ok,whole_grid_cosine_dual_leakage_penalty_v2,50,150,-0.06190186832100153,0.5,1.0,0.8979622449027612,0.9257842457430054,0.05920157441134249,0.8709763608298025,0.8448014662425744,4.175778214626899,0.26276898214813266,0.3565484881401062,
reference__quarter_2__b010_p10000_s200,reference__quarter_2__p10000_s200,games10_possessions92_source4370615271_grid20x10_trajectory142_outcome242_baseline0.10_mc100_alpha0.05_min100_profiles2b1671cb4b,games10_possessions92_source4370615271_grid20x10_trajectory142_outcome242_baseline0.10_mc100_alpha0.05_min100_profiles2b1671cb4b_plandc0cd9facf,reference,quarter_2,13,b010_p10000_s200,p10000_s200,full_factorial_nested_prefix,10,10000,200,2072398969,4173882985,48.61001422810356,nested_prefix_median_v1,ok,whole_grid_cosine_dual_leakage_penalty_v2,50,150,-0.06094124913215637,0.5,1.0,0.9019549455749042,0.9285159647221144,0.05639346966019896,0.8761537278365472,0.8510905767167594,3.993247310125848,0.2386514545932181,0.3453251123428345,
reference__quarter_2__b050_p10000_s200,reference__quarter_2__p10000_s200,games10_possessions92_source4370615271_grid20x10_trajectory142_outcome242_baseline0.10_mc100_alpha0.05_min100_profiles2b1671cb4b,games10_possessions92_source4370615271_grid20x10_trajectory142_outcome242_baseline0.10_mc100_alpha0.05_min100_profiles2b1671cb4b_plandc0cd9facf,reference,quarter_2,28,b050_p10000_s200,p10000_s200,full_factorial_nested_prefix,50,10000,200,2072398969,4173882985,48.61001422810356,nested_prefix_median_v1,ok,whole_grid_cosine_dual_leakage_penalty_v2,50,150,-0.05711255129426718,0.5,1.0,0.8999879179913614,0.9257745568945528,0.05493239493487306,0.8749195433145643,0.8505494262436458,3.9051929543549124,0.22699074702780078,0.3465772792696953,
reference__quarter_2__b100_p10000_s200,reference__quarter_2__p10000_s200,games10_possessions92_source4370615271_grid20x10_trajectory142_outcome242_baseline0.10_mc100_alpha0.05_min100_profiles2b1671cb4b,games10_possessions92_source4370615271_grid20x10_trajectory142_outcome242_baseline0.10_mc100_alpha0.05_min100_profiles2b1671cb4b_plandc0cd9facf,reference,quarter_2,43,b100_p10000_s200,p10000_s200,full_factorial_nested_prefix,100,10000,200,2072398969,4173882985,48.61001422810356,nested_prefix_median_v1,ok,whole_grid_cosine_dual_leakage_penalty_v2,50,150,-0.058238605968654156,0.5,1.0,0.9008997206815191,0.9270293270238983,0.055578299429488304,0.875506613506647,0.8508292462495393,3.925071755920731,0.2309866590327279,0.3480663262307644,
reference__quarter_2__b010_p10000_s250,reference__quarter_2__p10000_s250,games10_possessions92_source4370615271_grid20x10_trajectory142_outcome242_baseline0.10_mc100_alpha0.05_min100_profiles2b1671cb4b,games10_possessions92_source4370615271_grid20x10_trajectory142_outcome242_baseline0.10_mc100_alpha0.05_min100_profiles2b1671cb4b_plandc0cd9facf,reference,quarter_2,14,b010_p10000_s250,p10000_s250,full_factorial_nested_prefix,10,10000,250,4027075343,2888117100,49.95481281030771,nested_prefix_median_v1,ok,whole_grid_cosine_dual_leakage_penalty_v2,50,150,-0.051510270684957504,0.5,1.0,0.9006375767328021,0.9216164759127804,0.04500814980981966,0.8801362234977003,0.8601015457548591,3.7281067228167264,0.1757032647494486,0.3531816229224205,
reference__quarter_2__b050_p10000_s250,reference__quarter_2__p10000_s250,games10_possessions92_source4370615271_grid20x10_trajectory142_outcome242_baseline0.10_mc100_alpha0.05_min100_profiles2b1671cb4b,games10_possessions92_source4370615271_grid20x10_trajectory142_outcome242_baseline0.10_mc100_alpha0.05_min100_profiles2b1671cb4b_plandc0cd9facf,reference,quarter_2,29,b050_p10000_s250,p10000_s250,full_factorial_nested_prefix,50,10000,250,4027075343,2888117100,49.95481281030771,nested_prefix_median_v1,ok,whole_grid_cosine_dual_leakage_penalty_v2,50,150,-0.05452369153499603,0.5,1.0,0.9029555249423986,0.9264793743199015,0.05013647993152912,0.880028959762336,0.8576845133870606,3.771886141054055,0.19909080601530788,0.3462723232805729,
reference__quarter_2__b100_p10000_s250,reference__quarter_2__p10000_s250,games10_possessions92_source4370615271_grid20x10_trajectory142_outcome242_baseline0.10_mc100_alpha0.05_min100_profiles2b1671cb4b,games10_possessions92_source4370615271_grid20x10_trajectory142_outcome242_baseline0.10_mc100_alpha0.05_min100_profiles2b1671cb4b_plandc0cd9facf,reference,quarter_2,44,b100_p10000_s250,p10000_s250,full_factorial_nested_prefix,100,10000,250,4027075343,2888117100,49.95481281030771,nested_prefix_median_v1,ok,whole_grid_cosine_dual_leakage_penalty_v2,50,150,-0.05499918572604656,0.5,1.0,0.9054244628669456,0.9291221405059773,0.050360370636809794,0.8823312051432304,0.8598269513333318,3.792330367055707,0.20111119729725677,0.3449476361274719,
reference__quarter_3__b010_p00100_s050,reference__quarter_3__p00100_s050,games10_possessions92_source4370615271_grid20x10_trajectory142_outcome242_baseline0.10_mc100_alpha0.05_min100_profiles2b1671cb4b,games10_possessions92_source4370615271_grid20x10_trajectory142_outcome242_baseline0.10_mc100_alpha0.05_min100_profiles2b1671cb4b_plandc0cd9facf,reference,quarter_3,0,b010_p00100_s050,p00100_s050,full_factorial_nested_prefix,10,100,50,1879422960,2502894337,4.11779597790926,nested_prefix_median_v1,ok,whole_grid_cosine_dual_leakage_penalty_v2,50,150,0.024873417802155018,0.5,1.0,0.8232969097928421,0.936923830219508,0.2278451559776131,0.7234502739840015,0.635712696965205,0.0032436091404998858,0.0009571145428522122,0.009327966719865799,
reference__quarter_3__b050_p00100_s050,reference__quarter_3__p00100_s050,games10_possessions92_source4370615271_grid20x10_trajectory142_outcome242_baseline0.10_mc100_alpha0.05_min100_profiles2b1671cb4b,games10_possessions92_source4370615271_grid20x10_trajectory142_outcome242_baseline0.10_mc100_alpha0.05_min100_profiles2b1671cb4b_plandc0cd9facf,reference,quarter_3,15,b050_p00100_s050,p00100_s050,full_factorial_nested_prefix,50,100,50,1879422960,2502894337,4.11779597790926,nested_prefix_median_v1,ok,whole_grid_cosine_dual_leakage_penalty_v2,50,150,0.01712690107524395,0.5,1.0,0.8552130755724815,0.9470476293035163,0.18453557021076455,0.7722836550132393,0.697395843020012,0.03222210664646978,0.00729170348354152,0.030199318192899227,
reference__quarter_3__b100_p00100_s050,reference__quarter_3__p00100_s050,games10_possessions92_source4370615271_grid20x10_trajectory142_outcome242_baseline0.10_mc100_alpha0.05_min100_profiles2b1671cb4b,games10_possessions92_source4370615271_grid20x10_trajectory142_outcome242_baseline0.10_mc100_alpha0.05_min100_profiles2b1671cb4b_plandc0cd9facf,reference,quarter_3,30,b100_p00100_s050,p00100_s050,full_factorial_nested_prefix,100,100,50,1879422960,2502894337,4.11779597790926,nested_prefix_median_v1,ok,whole_grid_cosine_dual_leakage_penalty_v2,50,150,0.01992018334567547,0.5,1.0,0.8665597733796073,0.9496754489375281,0.16738040384626404,0.7907183887714824,0.7215146485544016,0.02509189506925705,0.005044190107176931,0.02671562321484089,
reference__quarter_3__b010_p00100_s100,reference__quarter_3__p00100_s100,games10_possessions92_source4370615271_grid20x10_trajectory142_outcome242_baseline0.10_mc100_alpha0.05_min100_profiles2b1671cb4b,games10_possessions92_source4370615271_grid20x10_trajectory142_outcome242_baseline0.10_mc100_alpha0.05_min100_profiles2b1671cb4b_plandc0cd9facf,reference,quarter_3,1,b010_p00100_s100,p00100_s100,full_factorial_nested_prefix,10,100,100,200650097,3580914800,4.279634567731408,nested_prefix_median_v1,ok,whole_grid_cosine_dual_leakage_penalty_v2,50,150,0.005995320505462587,0.5,1.0,0.8277258400163491,0.9171388351105065,0.1854779239669001,0.7470298279847885,0.6742009695963581,0.11346533866342165,0.025837624389492265,0.062085358425974846,
reference__quarter_3__b050_p00100_s100,reference__quarter_3__p00100_s100,games10_possessions92_source4370615271_grid20x10_trajectory142_outcome242_baseline0.10_mc100_alpha0.05_min100_profiles2b1671cb4b,games10_possessions92_source4370615271_grid20x10_trajectory142_outcome242_baseline0.10_mc100_alpha0.05_min100_profiles2b1671cb4b_plandc0cd9facf,reference,quarter_3,16,b050_p00100_s100,p00100_s100,full_factorial_nested_prefix,50,100,100,200650097,3580914800,4.279634567731408,nested_prefix_median_v1,ok,whole_grid_cosine_dual_leakage_penalty_v2,50,150,0.00786809017881751,0.5,1.0,0.8678909882519258,0.9463008837789337,0.1588530657077287,0.7959780873087171,0.730023844067997,0.04956730802282936,0.009360931505897646,0.03659177292138338,
reference__quarter_3__b100_p00100_s100,reference__quarter_3__p00100_s100,games10_possessions92_source4370615271_grid20x10_trajectory142_outcome242_baseline0.10_mc100_alpha0.05_min100_profiles2b1671cb4b,games10_possessions92_source4370615271_grid20x10_trajectory142_outcome242_baseline0.10_mc100_alpha0.05_min100_profiles2b1671cb4b_plandc0cd9facf,reference,quarter_3,31,b100_p00100_s100,p00100_s100,full_factorial_nested_prefix,100,100,100,200650097,3580914800,4.279634567731408,nested_prefix_median_v1,ok,whole_grid_cosine_dual_leakage_penalty_v2,50,150,0.01226996211335063,0.5,1.0,0.8666206698256127,0.9433280679228421,0.15601918795035274,0.7961507887947451,0.7314112166584299,0.04014924614405788,0.0074220322201427715,0.035485627595335245,
reference__quarter_3__b010_p00100_s150,reference__quarter_3__p00100_s150,games10_possessions92_source4370615271_grid20x10_trajectory142_outcome242_baseline0.10_mc100_alpha0.05_min100_profiles2b1671cb4b,games10_possessions92_source4370615271_grid20x10_trajectory142_outcome242_baseline0.10_mc100_alpha0.05_min100_profiles2b1671cb4b_plandc0cd9facf,reference,quarter_3,2,b010_p00100_s150,p00100_s150,full_factorial_nested_prefix,10,100,150,2007200118,2952112660,5.365775937505548,nested_prefix_median_v1,ok,whole_grid_cosine_dual_leakage_penalty_v2,50,150,0.01617956953123212,0.5,1.0,0.8437990419401282,0.954659439511983,0.21876604014143428,0.7458123742463049,0.6592044668597503,0.013999591008702149,0.003920253401590293,0.01887138420715928,
reference__quarter_3__b050_p00100_s150,reference__quarter_3__p00100_s150,games10_possessions92_source4370615271_grid20x10_trajectory142_outcome242_baseline0.10_mc100_alpha0.05_min100_profiles2b1671cb4b,games10_possessions92_source4370615271_grid20x10_trajectory142_outcome242_baseline0.10_mc100_alpha0.05_min100_profiles2b1671cb4b_plandc0cd9facf,reference,quarter_3,17,b050_p00100_s150,p00100_s150,full_factorial_nested_prefix,50,100,150,2007200118,2952112660,5.365775937505548,nested_prefix_median_v1,ok,whole_grid_cosine_dual_leakage_penalty_v2,50,150,0.015415424946695566,0.5,1.0,0.8786581151047637,0.9595633391763447,0.16152029585319974,0.8045743847426975,0.7367369963992274,0.00948059712222768,0.0018262920908806025,0.015917435754090548,
reference__quarter_3__b100_p00100_s150,reference__quarter_3__p00100_s150,games10_possessions92_source4370615271_grid20x10_trajectory142_outcome242_baseline0.10_mc100_alpha0.05_min100_profiles2b1671cb4b,games10_possessions92_source4370615271_grid20x10_trajectory142_outcome242_baseline0.10_mc100_alpha0.05_min100_profiles2b1671cb4b_plandc0cd9facf,reference,quarter_3,32,b100_p00100_s150,p00100_s150,full_factorial_nested_prefix,100,100,150,2007200118,2952112660,5.365775937505548,nested_prefix_median_v1,ok,whole_grid_cosine_dual_leakage_penalty_v2,50,150,0.016801506280899048,0.5,1.0,0.8716904453712853,0.9504676596332541,0.15889564261237146,0.7994424900735515,0.7331826318949506,0.009295281955520762,0.001756000651539814,0.016642624512314796,
reference__quarter_3__b010_p00100_s200,reference__quarter_3__p00100_s200,games10_possessions92_source4370615271_grid20x10_trajectory142_outcome242_baseline0.10_mc100_alpha0.05_min100_profiles2b1671cb4b,games10_possessions92_source4370615271_grid20x10_trajectory142_outcome242_baseline0.10_mc100_alpha0.05_min100_profiles2b1671cb4b_plandc0cd9facf,reference,quarter_3,3,b010_p00100_s200,p00100_s200,full_factorial_nested_prefix,10,100,200,3782968038,3600223099,5.488477572591554,nested_prefix_median_v1,ok,whole_grid_cosine_dual_leakage_penalty_v2,50,150,0.012492462061345577,0.5,1.0,0.8463070799018244,0.936204420499183,0.18282593789116133,0.7650419692635687,0.6915801942748434,0.04235600968143461,0.00947628853435635,0.033212107606232166,
reference__quarter_3__b050_p00100_s200,reference__quarter_3__p00100_s200,games10_possessions92_source4370615271_grid20x10_trajectory142_outcome242_baseline0.10_mc100_alpha0.05_min100_profiles2b1671cb4b,games10_possessions92_source4370615271_grid20x10_trajectory142_outcome242_baseline0.10_mc100_alpha0.05_min100_profiles2b1671cb4b_plandc0cd9facf,reference,quarter_3,18,b050_p00100_s200,p00100_s200,full_factorial_nested_prefix,50,100,200,3782968038,3600223099,5.488477572591554,nested_prefix_median_v1,ok,whole_grid_cosine_dual_leakage_penalty_v2,50,150,0.010913177859038115,0.5,1.0,0.8728038565883997,0.9372207191658907,0.13273953082911105,0.8128144806204881,0.7569482821590168,0.02266109607183736,0.0034684196588884164,0.02662110421806574,
reference__quarter_3__b100_p00100_s200,reference__quarter_3__p00100_s200,games10_possessions92_source4370615271_grid20x10_trajectory142_outcome242_baseline0.10_mc100_alpha0.05_min100_profiles2b1671cb4b,games10_possessions92_source4370615271_grid20x10_trajectory142_outcome242_baseline0.10_mc100_alpha0.05_min100_profiles2b1671cb4b_plandc0cd9facf,reference,quarter_3,33,b100_p00100_s200,p00100_s200,full_factorial_nested_prefix,100,100,200,3782968038,3600223099,5.488477572591554,nested_prefix_median_v1,ok,whole_grid_cosine_dual_leakage_penalty_v2,50,150,0.013836442492902279,0.5,1.0,0.8723924448262693,0.9395675499496328,0.13787989422521685,0.8100200755451312,0.752107066810745,0.014336331863329957,0.002292826611574146,0.02165802475064993,
reference__quarter_3__b010_p00100_s250,reference__quarter_3__p00100_s250,games10_possessions92_source4370615271_grid20x10_trajectory142_outcome242_baseline0.10_mc100_alpha0.05_min100_profiles2b1671cb4b,games10_possessions92_source4370615271_grid20x10_trajectory142_outcome242_baseline0.10_mc100_alpha0.05_min100_profiles2b1671cb4b_plandc0cd9facf,reference,quarter_3,4,b010_p00100_s250,p00100_s250,full_factorial_nested_prefix,10,100,250,3868832867,1835264778,5.3228968266799095,nested_prefix_median_v1,ok,whole_grid_cosine_dual_leakage_penalty_v2,50,150,0.012948502320796251,0.5,1.0,0.8618345236771812,0.9420602059974157,0.16306745427983285,0.7884408464270821,0.721297361890671,0.010440419815736362,0.0020342053725487304,0.016029456164687872,
reference__quarter_3__b050_p00100_s250,reference__quarter_3__p00100_s250,games10_possessions92_source4370615271_grid20x10_trajectory142_outcome242_baseline0.10_mc100_alpha0.05_min100_profiles2b1671cb4b,games10_possessions92_source4370615271_grid20x10_trajectory142_outcome242_baseline0.10_mc100_alpha0.05_min100_profiles2b1671cb4b_plandc0cd9facf,reference,quarter_3,19,b050_p00100_s250,p00100_s250,full_factorial_nested_prefix,50,100,250,3868832867,1835264778,5.3228968266799095,nested_prefix_median_v1,ok,whole_grid_cosine_dual_leakage_penalty_v2,50,150,0.011736906599253416,0.5,1.0,0.8781601991892025,0.9411883416333103,0.1294485936812512,0.8193528344196894,0.7644835963773129,0.02012968173510814,0.002993228168890959,0.025782291777431965,
reference__quarter_3__b100_p00100_s250,reference__quarter_3__p00100_s250,games10_possessions92_source4370615271_grid20x10_trajectory142_outcome242_baseline0.10_mc100_alpha0.05_min100_profiles2b1671cb4b,games10_possessions92_source4370615271_grid20x10_trajectory142_outcome242_baseline0.10_mc100_alpha0.05_min100_profiles2b1671cb4b_plandc0cd9facf,reference,quarter_3,34,b100_p00100_s250,p00100_s250,full_factorial_nested_prefix,100,100,250,3868832867,1835264778,5.3228968266799095,nested_prefix_median_v1,ok,whole_grid_cosine_dual_leakage_penalty_v2,50,150,0.011736906599253416,0.5,1.0,0.8731804260751885,0.9458609555222748,0.14777673411479864,0.8060847125884902,0.7441446744168289,0.022502169472213063,0.0039019083944480133,0.025983263738453388,
reference__quarter_3__b010_p01000_s050,reference__quarter_3__p01000_s050,games10_possessions92_source4370615271_grid20x10_trajectory142_outcome242_baseline0.10_mc100_alpha0.05_min100_profiles2b1671cb4b,games10_possessions92_source4370615271_grid20x10_trajectory142_outcome242_baseline0.10_mc100_alpha0.05_min100_profiles2b1671cb4b_plandc0cd9facf,reference,quarter_3,5,b010_p01000_s050,p01000_s050,full_factorial_nested_prefix,10,1000,50,342278515,321992908,12.72509143608182,nested_prefix_median_v1,ok,whole_grid_cosine_dual_leakage_penalty_v2,50,150,-0.02567423414438963,0.5,1.0,0.9061541217894091,0.9373745748500869,0.06550323728671473,0.875973505647148,0.8467980933315029,1.3045466463469726,0.09144175981856383,0.19682330284267663,
reference__quarter_3__b050_p01000_s050,reference__quarter_3__p01000_s050,games10_possessions92_source4370615271_grid20x10_trajectory142_outcome242_baseline0.10_mc100_alpha0.05_min100_profiles2b1671cb4b,games10_possessions92_source4370615271_grid20x10_trajectory142_outcome242_baseline0.10_mc100_alpha0.05_min100_profiles2b1671cb4b_plandc0cd9facf,reference,quarter_3,20,b050_p01000_s050,p01000_s050,full_factorial_nested_prefix,50,1000,50,342278515,321992908,12.72509143608182,nested_prefix_median_v1,ok,whole_grid_cosine_dual_leakage_penalty_v2,50,150,-0.023639118298888206,0.5,1.0,0.9021161615585559,0.9318357304825539,0.0627699419076094,0.873344455812729,0.8454903825036097,1.2313540326430725,0.08246856834065272,0.1910150200128554,
reference__quarter_3__b100_p01000_s050,reference__quarter_3__p01000_s050,games10_possessions92_source4370615271_grid20x10_trajectory142_outcome242_baseline0.10_mc100_alpha0.05_min100_profiles2b1671cb4b,games10_possessions92_source4370615271_grid20x10_trajectory142_outcome242_baseline0.10_mc100_alpha0.05_min100_profiles2b1671cb4b_plandc0cd9facf,reference,quarter_3,35,b100_p01000_s050,p01000_s050,full_factorial_nested_prefix,100,1000,50,342278515,321992908,12.72509143608182,nested_prefix_median_v1,ok,whole_grid_cosine_dual_leakage_penalty_v2,50,150,-0.022517070174217224,0.5,1.0,0.9002598063753972,0.9324464119537467,0.06784537812058702,0.8691842325575599,0.8391813394050919,1.1459295780131782,0.08340464521123869,0.18232378568500274,
reference__quarter_3__b010_p01000_s100,reference__quarter_3__p01000_s100,games10_possessions92_source4370615271_grid20x10_trajectory142_outcome242_baseline0.10_mc100_alpha0.05_min100_profiles2b1671cb4b,games10_possessions92_source4370615271_grid20x10_trajectory142_outcome242_baseline0.10_mc100_alpha0.05_min100_profiles2b1671cb4b_plandc0cd9facf,reference,quarter_3,6,b010_p01000_s100,p01000_s100,full_factorial_nested_prefix,10,1000,100,989841996,2606550735,14.975110030888814,nested_prefix_median_v1,ok,whole_grid_cosine_dual_leakage_penalty_v2,50,150,-0.025516129098832607,0.5,1.0,0.9059935404799064,0.9447540450838393,0.08037094848354606,0.8688232663967841,0.8331779803115703,0.9751539108935284,0.08522354160812412,0.14964437894523144,
reference__quarter_3__b050_p01000_s100,reference__quarter_3__p01000_s100,games10_possessions92_source4370615271_grid20x10_trajectory142_outcome242_baseline0.10_mc100_alpha0.05_min100_profiles2b1671cb4b,games10_possessions92_source4370615271_grid20x10_trajectory142_outcome242_baseline0.10_mc100_alpha0.05_min100_profiles2b1671cb4b_plandc0cd9facf,reference,quarter_3,21,b050_p01000_s100,p01000_s100,full_factorial_nested_prefix,50,1000,100,989841996,2606550735,14.975110030888814,nested_prefix_median_v1,ok,whole_grid_cosine_dual_leakage_penalty_v2,50,150,-0.02535769995301962,0.5,1.0,0.903851783958307,0.9403410850891123,0.0761028744720061,0.8687784255297056,0.8350660651024292,0.9936773430310242,0.08185078188131592,0.15617047995328903,
reference__quarter_3__b100_p01000_s100,reference__quarter_3__p01000_s100,games10_possessions92_source4370615271_grid20x10_trajectory142_outcome242_baseline0.10_mc100_alpha0.05_min100_profiles2b1671cb4b,games10_possessions92_source4370615271_grid20x10_trajectory142_outcome242_baseline0.10_mc100_alpha0.05_min100_profiles2b1671cb4b_plandc0cd9facf,reference,quarter_3,36,b100_p01000_s100,p01000_s100,full_factorial_nested_prefix,100,1000,100,989841996,2606550735,14.975110030888814,nested_prefix_median_v1,ok,whole_grid_cosine_dual_leakage_penalty_v2,50,150,-0.02421630546450615,0.5,1.0,0.907880276148638,0.9426429376228295,0.07239575813535015,0.8743995875026912,0.8421535952607263,0.9513219201486373,0.07424682696738567,0.1538774063810706,
reference__quarter_3__b500_p01000_s100,reference__quarter_3__p01000_s100,games10_possessions92_source4370615271_grid20x10_trajectory142_outcome242_baseline0.10_mc100_alpha0.05_min100_profiles2b1671cb4b,games10_possessions92_source4370615271_grid20x10_trajectory142_outcome242_baseline0.10_mc100_alpha0.05_min100_profiles2b1671cb4b_plandc0cd9facf,reference,quarter_3,12,b500_p01000_s100,p01000_s100,targeted_nested_prefix,500,1000,100,989841996,2606550735,14.975110030888814,nested_prefix_median_v1,ok,whole_grid_cosine_dual_leakage_penalty_v2,50,150,-0.022588467225432396,0.5,1.0,0.91057443366757,0.9406962905976651,0.06301628719425471,0.8814171029867925,0.8531934136438286,0.9449828576401282,0.06355426496409501,0.15724912658333776,
reference__quarter_3__b010_p01000_s150,reference__quarter_3__p01000_s150,games10_possessions92_source4370615271_grid20x10_trajectory142_outcome242_baseline0.10_mc100_alpha0.05_min100_profiles2b1671cb4b,games10_possessions92_source4370615271_grid20x10_trajectory142_outcome242_baseline0.10_mc100_alpha0.05_min100_profiles2b1671cb4b_plandc0cd9facf,reference,quarter_3,7,b010_p01000_s150,p01000_s150,full_factorial_nested_prefix,10,1000,150,3544777503,3316198166,16.563594765535946,nested_prefix_median_v1,ok,whole_grid_cosine_dual_leakage_penalty_v2,50,150,-0.022761913016438484,0.5,1.0,0.9103978582635015,0.9414788248680453,0.06493599014809713,0.880342965171772,0.851280271908454,0.8820089973894045,0.06125155814101173,0.1502908444032073,
reference__quarter_3__b050_p01000_s150,reference__quarter_3__p01000_s150,games10_possessions92_source4370615271_grid20x10_trajectory142_outcome242_baseline0.10_mc100_alpha0.05_min100_profiles2b1671cb4b,games10_possessions92_source4370615271_grid20x10_trajectory142_outcome242_baseline0.10_mc100_alpha0.05_min100_profiles2b1671cb4b_plandc0cd9facf,reference,quarter_3,22,b050_p01000_s150,p01000_s150,full_factorial_nested_prefix,50,1000,150,3544777503,3316198166,16.563594765535946,nested_prefix_median_v1,ok,whole_grid_cosine_dual_leakage_penalty_v2,50,150,-0.02385268360376358,0.5,1.0,0.9086495113674923,0.9449904768891717,0.07543397397376199,0.8737060898500609,0.8401064677757254,0.874015985017736,0.0713096709272863,0.14864959008991716,
reference__quarter_3__b100_p01000_s150,reference__quarter_3__p01000_s150,games10_possessions92_source4370615271_grid20x10_trajectory142_outcome242_baseline0.10_mc100_alpha0.05_min100_profiles2b1671cb4b,games10_possessions92_source4370615271_grid20x10_trajectory142_outcome242_baseline0.10_mc100_alpha0.05_min100_profiles2b1671cb4b_plandc0cd9facf,reference,quarter_3,37,b100_p01000_s150,p01000_s150,full_factorial_nested_prefix,100,1000,150,3544777503,3316198166,16.563594765535946,nested_prefix_median_v1,ok,whole_grid_cosine_dual_leakage_penalty_v2,50,150,-0.023416897282004356,0.5,1.0,0.9083758208288862,0.9432882941423778,0.07265306436880474,0.8747555089897119,0.8423795338471394,0.8508388947730177,0.06665903624014444,0.14808348622173068,
reference__quarter_3__b010_p01000_s200,reference__quarter_3__p01000_s200,games10_possessions92_source4370615271_grid20x10_trajectory142_outcome242_baseline0.10_mc100_alpha0.05_min100_profiles2b1671cb4b,games10_possessions92_source4370615271_grid20x10_trajectory142_outcome242_baseline0.10_mc100_alpha0.05_min100_profiles2b1671cb4b_plandc0cd9facf,reference,quarter_3,8,b010_p01000_s200,p01000_s200,full_factorial_nested_prefix,10,1000,200,1074092448,111003399,17.2129486853317,nested_prefix_median_v1,ok,whole_grid_cosine_dual_leakage_penalty_v2,50,150,-0.019411319866776466,0.5,1.0,0.9045348998768975,0.9354812871977378,0.06506709106756108,0.8746122410916435,0.8456794451728202,0.7575168883403545,0.052719740516074975,0.14948723651468754,
reference__quarter_3__b050_p01000_s200,reference__quarter_3__p01000_s200,games10_possessions92_source4370615271_grid20x10_trajectory142_outcome242_baseline0.10_mc100_alpha0.05_min100_profiles2b1671cb4b,games10_possessions92_source4370615271_grid20x10_trajectory142_outcome242_baseline0.10_mc100_alpha0.05_min100_profiles2b1671cb4b_plandc0cd9facf,reference,quarter_3,23,b050_p01000_s200,p01000_s200,full_factorial_nested_prefix,50,1000,200,1074092448,111003399,17.2129486853317,nested_prefix_median_v1,ok,whole_grid_cosine_dual_leakage_penalty_v2,50,150,-0.022222893312573433,0.5,1.0,0.9083454113455355,0.9423441646126267,0.07085613831491358,0.8755732961445823,0.8439835632415191,0.8096222597280354,0.06174146887660954,0.14207766856998205,
reference__quarter_3__b100_p01000_s200,reference__quarter_3__p01000_s200,games10_possessions92_source4370615271_grid20x10_trajectory142_outcome242_baseline0.10_mc100_alpha0.05_min100_profiles2b1671cb4b,games10_possessions92_source4370615271_grid20x10_trajectory142_outcome242_baseline0.10_mc100_alpha0.05_min100_profiles2b1671cb4b_plandc0cd9facf,reference,quarter_3,38,b100_p01000_s200,p01000_s200,full_factorial_nested_prefix,100,1000,200,1074092448,111003399,17.2129486853317,nested_prefix_median_v1,ok,whole_grid_cosine_dual_leakage_penalty_v2,50,150,-0.022321872413158417,0.5,1.0,0.9059146047941738,0.9422056474396536,0.07555066056506768,0.8710213883874507,0.8374721579864318,0.7935971439289835,0.0648567594661642,0.13903663959354162,
reference__quarter_3__b010_p01000_s250,reference__quarter_3__p01000_s250,games10_possessions92_source4370615271_grid20x10_trajectory142_outcome242_baseline0.10_mc100_alpha0.05_min100_profiles2b1671cb4b,games10_possessions92_source4370615271_grid20x10_trajectory142_outcome242_baseline0.10_mc100_alpha0.05_min100_profiles2b1671cb4b_plandc0cd9facf,reference,quarter_3,9,b010_p01000_s250,p01000_s250,full_factorial_nested_prefix,10,1000,250,2701262546,518039835,14.963939883856956,nested_prefix_median_v1,ok,whole_grid_cosine_dual_leakage_penalty_v2,50,150,-0.02550711203366518,0.5,1.0,0.9163098023125265,0.9456706562018564,0.0611313482253196,0.8878605340111143,0.8602945487050856,0.8995585700859945,0.05857180138356016,0.14813906513154507,
reference__quarter_3__b050_p01000_s250,reference__quarter_3__p01000_s250,games10_possessions92_source4370615271_grid20x10_trajectory142_outcome242_baseline0.10_mc100_alpha0.05_min100_profiles2b1671cb4b,games10_possessions92_source4370615271_grid20x10_trajectory142_outcome242_baseline0.10_mc100_alpha0.05_min100_profiles2b1671cb4b_plandc0cd9facf,reference,quarter_3,24,b050_p01000_s250,p01000_s250,full_factorial_nested_prefix,50,1000,250,2701262546,518039835,14.963939883856956,nested_prefix_median_v1,ok,whole_grid_cosine_dual_leakage_penalty_v2,50,150,-0.02750195376574993,0.5,1.0,0.9076095650748868,0.9438965437321359,0.07540969198608975,0.8727175961025607,0.8391670073289608,0.9608373078692809,0.07836600146805354,0.1565014090389013,
reference__quarter_3__b100_p01000_s250,reference__quarter_3__p01000_s250,games10_possessions92_source4370615271_grid20x10_trajectory142_outcome242_baseline0.10_mc100_alpha0.05_min100_profiles2b1671cb4b,games10_possessions92_source4370615271_grid20x10_trajectory142_outcome242_baseline0.10_mc100_alpha0.05_min100_profiles2b1671cb4b_plandc0cd9facf,reference,quarter_3,39,b100_p01000_s250,p01000_s250,full_factorial_nested_prefix,100,1000,250,2701262546,518039835,14.963939883856956,nested_prefix_median_v1,ok,whole_grid_cosine_dual_leakage_penalty_v2,50,150,-0.025720360688865185,0.5,1.0,0.9138843282158889,0.9443285829048805,0.06343874014673306,0.8844215673208449,0.8559086577940294,0.9379486229175807,0.0635327143144666,0.1544811589643359,
reference__quarter_3__b050_p02500_s150,reference__quarter_3__p02500_s150,games10_possessions92_source4370615271_grid20x10_trajectory142_outcome242_baseline0.10_mc100_alpha0.05_min100_profiles2b1671cb4b,games10_possessions92_source4370615271_grid20x10_trajectory142_outcome242_baseline0.10_mc100_alpha0.05_min100_profiles2b1671cb4b_plandc0cd9facf,reference,quarter_3,3,b050_p02500_s150,p02500_s150,full_factorial_nested_prefix,50,2500,150,3948530278,4066638074,24.293146925046376,nested_prefix_median_v1,ok,whole_grid_cosine_dual_leakage_penalty_v2,50,150,-0.031407175585627556,0.5,1.0,0.9185348056218441,0.9415251110469899,0.048240062312140154,0.8961058810216385,0.8742246293627768,1.5298730247991132,0.07754179086930162,0.18947674231603742,
reference__quarter_3__b100_p02500_s150,reference__quarter_3__p02500_s150,games10_possessions92_source4370615271_grid20x10_trajectory142_outcome242_baseline0.10_mc100_alpha0.05_min100_profiles2b1671cb4b,games10_possessions92_source4370615271_grid20x10_trajectory142_outcome242_baseline0.10_mc100_alpha0.05_min100_profiles2b1671cb4b_plandc0cd9facf,reference,quarter_3,9,b100_p02500_s150,p02500_s150,full_factorial_nested_prefix,100,2500,150,3948530278,4066638074,24.293146925046376,nested_prefix_median_v1,ok,whole_grid_cosine_dual_leakage_penalty_v2,50,150,-0.030925163067877293,0.5,1.0,0.9225522083506981,0.9440060455317945,0.0449362655815337,0.9015859391592045,0.8810961573034206,1.5450078968787084,0.07269345770100062,0.198271894082427,
reference__quarter_3__b050_p02500_s200,reference__quarter_3__p02500_s200,games10_possessions92_source4370615271_grid20x10_trajectory142_outcome242_baseline0.10_mc100_alpha0.05_min100_profiles2b1671cb4b,games10_possessions92_source4370615271_grid20x10_trajectory142_outcome242_baseline0.10_mc100_alpha0.05_min100_profiles2b1671cb4b_plandc0cd9facf,reference,quarter_3,4,b050_p02500_s200,p02500_s200,full_factorial_nested_prefix,50,2500,200,531714605,4196104642,25.987988182978764,nested_prefix_median_v1,ok,whole_grid_cosine_dual_leakage_penalty_v2,50,150,-0.029629305936396122,0.5,1.0,0.9297154512782184,0.9526193341115456,0.04750804927036608,0.9073622478506709,0.8855464838114722,1.3530796756528436,0.06748841903430723,0.19319423679262399,
reference__quarter_3__b100_p02500_s200,reference__quarter_3__p02500_s200,games10_possessions92_source4370615271_grid20x10_trajectory142_outcome242_baseline0.10_mc100_alpha0.05_min100_profiles2b1671cb4b,games10_possessions92_source4370615271_grid20x10_trajectory142_outcome242_baseline0.10_mc100_alpha0.05_min100_profiles2b1671cb4b_plandc0cd9facf,reference,quarter_3,10,b100_p02500_s200,p02500_s200,full_factorial_nested_prefix,100,2500,200,531714605,4196104642,25.987988182978764,nested_prefix_median_v1,ok,whole_grid_cosine_dual_leakage_penalty_v2,50,150,-0.029920782428234816,0.5,1.0,0.9277461826922305,0.9505791802680629,0.04746321550980069,0.9054616357758699,0.8837123656847142,1.3857541410536625,0.06904966664949354,0.18954721763730048,
reference__quarter_3__b050_p02500_s250,reference__quarter_3__p02500_s250,games10_possessions92_source4370615271_grid20x10_trajectory142_outcome242_baseline0.10_mc100_alpha0.05_min100_profiles2b1671cb4b,games10_possessions92_source4370615271_grid20x10_trajectory142_outcome242_baseline0.10_mc100_alpha0.05_min100_profiles2b1671cb4b_plandc0cd9facf,reference,quarter_3,5,b050_p02500_s250,p02500_s250,full_factorial_nested_prefix,50,2500,250,3291164629,3187624071,25.88679881047769,nested_prefix_median_v1,ok,whole_grid_cosine_dual_leakage_penalty_v2,50,150,-0.03322908096015453,0.5,1.0,0.9289236570502826,0.9508123227684567,0.045512064869027535,0.9075388906563482,0.8866464233122359,1.5021034219041014,0.07162356470048727,0.19493741262704134,
reference__quarter_3__b100_p02500_s250,reference__quarter_3__p02500_s250,games10_possessions92_source4370615271_grid20x10_trajectory142_outcome242_baseline0.10_mc100_alpha0.05_min100_profiles2b1671cb4b,games10_possessions92_source4370615271_grid20x10_trajectory142_outcome242_baseline0.10_mc100_alpha0.05_min100_profiles2b1671cb4b_plandc0cd9facf,reference,quarter_3,11,b100_p02500_s250,p02500_s250,full_factorial_nested_prefix,100,2500,250,3291164629,3187624071,25.88679881047769,nested_prefix_median_v1,ok,whole_grid_cosine_dual_leakage_penalty_v2,50,150,-0.03157792612910271,0.5,1.0,0.927254808961569,0.9491830026054148,0.04567064323726486,0.9058332043265469,0.884906485391447,1.4795590171566984,0.07080617560614519,0.19686214216053485,
reference__quarter_3__b010_p10000_s050,reference__quarter_3__p10000_s050,games10_possessions92_source4370615271_grid20x10_trajectory142_outcome242_baseline0.10_mc100_alpha0.05_min100_profiles2b1671cb4b,games10_possessions92_source4370615271_grid20x10_trajectory142_outcome242_baseline0.10_mc100_alpha0.05_min100_profiles2b1671cb4b_plandc0cd9facf,reference,quarter_3,10,b010_p10000_s050,p10000_s050,full_factorial_nested_prefix,10,10000,50,3969548929,2542348014,45.273893247616776,nested_prefix_median_v1,ok,whole_grid_cosine_dual_leakage_penalty_v2,50,150,-0.01995815197005868,0.5,1.0,0.8554018599981621,0.8887988564028168,0.07373894097869049,0.8232597699886018,0.7923254327306956,3.21943514590214,0.25629679224476404,0.3470729812979698,
reference__quarter_3__b050_p10000_s050,reference__quarter_3__p10000_s050,games10_possessions92_source4370615271_grid20x10_trajectory142_outcome242_baseline0.10_mc100_alpha0.05_min100_profiles2b1671cb4b,games10_possessions92_source4370615271_grid20x10_trajectory142_outcome242_baseline0.10_mc100_alpha0.05_min100_profiles2b1671cb4b_plandc0cd9facf,reference,quarter_3,25,b050_p10000_s050,p10000_s050,full_factorial_nested_prefix,50,10000,50,3969548929,2542348014,45.273893247616776,nested_prefix_median_v1,ok,whole_grid_cosine_dual_leakage_penalty_v2,50,150,-0.020894340705126524,0.5,1.0,0.8508759703672231,0.8858326687035942,0.07736668455043062,0.8172987320595371,0.7850465175762805,3.2590385179645915,0.27328408885192845,0.3540041409432888,
reference__quarter_3__b100_p10000_s050,reference__quarter_3__p10000_s050,games10_possessions92_source4370615271_grid20x10_trajectory142_outcome242_baseline0.10_mc100_alpha0.05_min100_profiles2b1671cb4b,games10_possessions92_source4370615271_grid20x10_trajectory142_outcome242_baseline0.10_mc100_alpha0.05_min100_profiles2b1671cb4b_plandc0cd9facf,reference,quarter_3,40,b100_p10000_s050,p10000_s050,full_factorial_nested_prefix,100,10000,50,3969548929,2542348014,45.273893247616776,nested_prefix_median_v1,ok,whole_grid_cosine_dual_leakage_penalty_v2,50,150,-0.02105655800551176,0.5,1.0,0.8503865212086144,0.886094590314306,0.07897256790286908,0.8161174251123444,0.7832293139187824,3.2623690797548726,0.2797285452057978,0.3451407440006733,
reference__quarter_3__b010_p10000_s100,reference__quarter_3__p10000_s100,games10_possessions92_source4370615271_grid20x10_trajectory142_outcome242_baseline0.10_mc100_alpha0.05_min100_profiles2b1671cb4b,games10_possessions92_source4370615271_grid20x10_trajectory142_outcome242_baseline0.10_mc100_alpha0.05_min100_profiles2b1671cb4b_plandc0cd9facf,reference,quarter_3,11,b010_p10000_s100,p10000_s100,full_factorial_nested_prefix,10,10000,100,2821273799,1420954413,48.83053183343053,nested_prefix_median_v1,ok,whole_grid_cosine_dual_leakage_penalty_v2,50,150,-0.024526585824787617,0.5,1.0,0.8413080745517015,0.91066438900283,0.14651988688498188,0.7772339457359542,0.7180397106329643,2.4773986213976538,0.4253036013356724,0.3129561772570014,
reference__quarter_3__b050_p10000_s100,reference__quarter_3__p10000_s100,games10_possessions92_source4370615271_grid20x10_trajectory142_outcome242_baseline0.10_mc100_alpha0.05_min100_profiles2b1671cb4b,games10_possessions92_source4370615271_grid20x10_trajectory142_outcome242_baseline0.10_mc100_alpha0.05_min100_profiles2b1671cb4b_plandc0cd9facf,reference,quarter_3,26,b050_p10000_s100,p10000_s100,full_factorial_nested_prefix,50,10000,100,2821273799,1420954413,48.83053183343053,nested_prefix_median_v1,ok,whole_grid_cosine_dual_leakage_penalty_v2,50,150,-0.023508361540734768,0.5,1.0,0.8455897156146005,0.913277312736382,0.14273706630696414,0.7829187883916834,0.7248927203084323,2.551240207034913,0.4247897911878348,0.3171103406697512,
reference__quarter_3__b100_p10000_s100,reference__quarter_3__p10000_s100,games10_possessions92_source4370615271_grid20x10_trajectory142_outcome242_baseline0.10_mc100_alpha0.05_min100_profiles2b1671cb4b,games10_possessions92_source4370615271_grid20x10_trajectory142_outcome242_baseline0.10_mc100_alpha0.05_min100_profiles2b1671cb4b_plandc0cd9facf,reference,quarter_3,41,b100_p10000_s100,p10000_s100,full_factorial_nested_prefix,100,10000,100,2821273799,1420954413,48.83053183343053,nested_prefix_median_v1,ok,whole_grid_cosine_dual_leakage_penalty_v2,50,150,-0.02109620999544859,0.5,1.0,0.8419957356814561,0.9097996690855955,0.14349828885954646,0.7792449733668311,0.7211707883841323,2.4892749376687124,0.4170531003152168,0.31914029382169246,
reference__quarter_3__b010_p10000_s150,reference__quarter_3__p10000_s150,games10_possessions92_source4370615271_grid20x10_trajectory142_outcome242_baseline0.10_mc100_alpha0.05_min100_profiles2b1671cb4b,games10_possessions92_source4370615271_grid20x10_trajectory142_outcome242_baseline0.10_mc100_alpha0.05_min100_profiles2b1671cb4b_plandc0cd9facf,reference,quarter_3,12,b010_p10000_s150,p10000_s150,full_factorial_nested_prefix,10,10000,150,724496479,2604228610,50.30437541990882,nested_prefix_median_v1,ok,whole_grid_cosine_dual_leakage_penalty_v2,50,150,-0.02296964917331934,0.5,1.0,0.83571326727492,0.9239530554656805,0.1818841971369564,0.7559005957800676,0.6837102306199185,2.3716103256777576,0.5272584131709115,0.29702432826161385,
reference__quarter_3__b050_p10000_s150,reference__quarter_3__p10000_s150,games10_possessions92_source4370615271_grid20x10_trajectory142_outcome242_baseline0.10_mc100_alpha0.05_min100_profiles2b1671cb4b,games10_possessions92_source4370615271_grid20x10_trajectory142_outcome242_baseline0.10_mc100_alpha0.05_min100_profiles2b1671cb4b_plandc0cd9facf,reference,quarter_3,27,b050_p10000_s150,p10000_s150,full_factorial_nested_prefix,50,10000,150,724496479,2604228610,50.30437541990882,nested_prefix_median_v1,ok,whole_grid_cosine_dual_leakage_penalty_v2,50,150,-0.022179709747433662,0.5,1.0,0.8420306941214614,0.9269335411717355,0.17480107990234564,0.7649045571772107,0.6948428194781082,2.283222294747222,0.48365274488204046,0.2965548375621438,
reference__quarter_3__b100_p10000_s150,reference__quarter_3__p10000_s150,games10_possessions92_source4370615271_grid20x10_trajectory142_outcome242_baseline0.10_mc100_alpha0.05_min100_profiles2b1671cb4b,games10_possessions92_source4370615271_grid20x10_trajectory142_outcome242_baseline0.10_mc100_alpha0.05_min100_profiles2b1671cb4b_plandc0cd9facf,reference,quarter_3,42,b100_p10000_s150,p10000_s150,full_factorial_nested_prefix,100,10000,150,724496479,2604228610,50.30437541990882,nested_prefix_median_v1,ok,whole_grid_cosine_dual_leakage_penalty_v2,50,150,-0.022148150950670242,0.5,1.0,0.8422395246966332,0.9267678175730437,0.17409642170935558,0.7654208567781879,0.695608637224761,2.2879090546099268,0.48228000225935685,0.2955589577555656,
reference__quarter_3__b010_p10000_s200,reference__quarter_3__p10000_s200,games10_possessions92_source4370615271_grid20x10_trajectory142_outcome242_baseline0.10_mc100_alpha0.05_min100_profiles2b1671cb4b,games10_possessions92_source4370615271_grid20x10_trajectory142_outcome242_baseline0.10_mc100_alpha0.05_min100_profiles2b1671cb4b_plandc0cd9facf,reference,quarter_3,13,b010_p10000_s200,p10000_s200,full_factorial_nested_prefix,10,10000,200,403135225,3664542952,52.29871600050313,nested_prefix_median_v1,ok,whole_grid_cosine_dual_leakage_penalty_v2,50,150,-0.02309525851160288,0.5,1.0,0.844770571541653,0.9263529802442485,0.16838072521731703,0.7703729936234986,0.702527490063222,2.2355520482061073,0.45263967124423515,0.27283502370119095,
reference__quarter_3__b050_p10000_s200,reference__quarter_3__p10000_s200,games10_possessions92_source4370615271_grid20x10_trajectory142_outcome242_baseline0.10_mc100_alpha0.05_min100_profiles2b1671cb4b,games10_possessions92_source4370615271_grid20x10_trajectory142_outcome242_baseline0.10_mc100_alpha0.05_min100_profiles2b1671cb4b_plandc0cd9facf,reference,quarter_3,28,b050_p10000_s200,p10000_s200,full_factorial_nested_prefix,50,10000,200,403135225,3664542952,52.29871600050313,nested_prefix_median_v1,ok,whole_grid_cosine_dual_leakage_penalty_v2,50,150,-0.02521002059802413,0.5,1.0,0.84360797302099,0.9258486432787089,0.1697643797962187,0.7686725225673281,0.7003933886899364,2.266380384359623,0.4634234559084445,0.2655777551233768,
reference__quarter_3__b100_p10000_s200,reference__quarter_3__p10000_s200,games10_possessions92_source4370615271_grid20x10_trajectory142_outcome242_baseline0.10_mc100_alpha0.05_min100_profiles2b1671cb4b,games10_possessions92_source4370615271_grid20x10_trajectory142_outcome242_baseline0.10_mc100_alpha0.05_min100_profiles2b1671cb4b_plandc0cd9facf,reference,quarter_3,43,b100_p10000_s200,p10000_s200,full_factorial_nested_prefix,100,10000,200,403135225,3664542952,52.29871600050313,nested_prefix_median_v1,ok,whole_grid_cosine_dual_leakage_penalty_v2,50,150,-0.025325408205389977,0.5,1.0,0.8446804084137598,0.9253116213040153,0.1666857487094767,0.7710753609173759,0.7038842221170857,2.2638453532587546,0.4528312783394931,0.2630063649266957,
reference__quarter_3__b010_p10000_s250,reference__quarter_3__p10000_s250,games10_possessions92_source4370615271_grid20x10_trajectory142_outcome242_baseline0.10_mc100_alpha0.05_min100_profiles2b1671cb4b,games10_possessions92_source4370615271_grid20x10_trajectory142_outcome242_baseline0.10_mc100_alpha0.05_min100_profiles2b1671cb4b_plandc0cd9facf,reference,quarter_3,14,b010_p10000_s250,p10000_s250,full_factorial_nested_prefix,10,10000,250,3485685853,389508039,54.850480295868,nested_prefix_median_v1,ok,whole_grid_cosine_dual_leakage_penalty_v2,50,150,-0.03186678420752287,0.5,1.0,0.8569772852353505,0.9336596549670992,0.1575164371200789,0.7865929126339198,0.7219892765722405,2.299272913882626,0.4298876480431864,0.2531315919011825,
reference__quarter_3__b050_p10000_s250,reference__quarter_3__p10000_s250,games10_possessions92_source4370615271_grid20x10_trajectory142_outcome242_baseline0.10_mc100_alpha0.05_min100_profiles2b1671cb4b,games10_possessions92_source4370615271_grid20x10_trajectory142_outcome242_baseline0.10_mc100_alpha0.05_min100_profiles2b1671cb4b_plandc0cd9facf,reference,quarter_3,29,b050_p10000_s250,p10000_s250,full_factorial_nested_prefix,50,10000,250,3485685853,389508039,54.850480295868,nested_prefix_median_v1,ok,whole_grid_cosine_dual_leakage_penalty_v2,50,150,-0.030404599383473396,0.5,1.0,0.8553610168589278,0.9305749986949728,0.15511782819733935,0.7862262259226668,0.7226792735991032,2.2517477730934945,0.4134141255048769,0.2494617082178587,
reference__quarter_3__b100_p10000_s250,reference__quarter_3__p10000_s250,games10_possessions92_source4370615271_grid20x10_trajectory142_outcome242_baseline0.10_mc100_alpha0.05_min100_profiles2b1671cb4b,games10_possessions92_source4370615271_grid20x10_trajectory142_outcome242_baseline0.10_mc100_alpha0.05_min100_profiles2b1671cb4b_plandc0cd9facf,reference,quarter_3,44,b100_p10000_s250,p10000_s250,full_factorial_nested_prefix,100,10000,250,3485685853,389508039,54.850480295868,nested_prefix_median_v1,ok,whole_grid_cosine_dual_leakage_penalty_v2,50,150,-0.03029810544103384,0.5,1.0,0.853613571786467,0.9305129731846496,0.15845419783520798,0.7830692864434213,0.7183549180077957,2.26504099536652,0.4264833275401234,0.25000245161354495,
reference__quarter_4__b010_p00100_s050,reference__quarter_4__p00100_s050,games10_possessions92_source4370615271_grid20x10_trajectory142_outcome242_baseline0.10_mc100_alpha0.05_min100_profiles2b1671cb4b,games10_possessions92_source4370615271_grid20x10_trajectory142_outcome242_baseline0.10_mc100_alpha0.05_min100_profiles2b1671cb4b_plandc0cd9facf,reference,quarter_4,0,b010_p00100_s050,p00100_s050,full_factorial_nested_prefix,10,100,50,3771175008,2249015874,4.027439214361076,nested_prefix_median_v1,ok,whole_grid_cosine_dual_leakage_penalty_v2,50,150,0.007743211695924401,0.5,1.0,0.8427862723093867,0.9024619501110106,0.1278782736241171,0.7870566739193605,0.7350122187723573,0.09124209624613451,0.013378730740131087,0.054732922464609146,
reference__quarter_4__b050_p00100_s050,reference__quarter_4__p00100_s050,games10_possessions92_source4370615271_grid20x10_trajectory142_outcome242_baseline0.10_mc100_alpha0.05_min100_profiles2b1671cb4b,games10_possessions92_source4370615271_grid20x10_trajectory142_outcome242_baseline0.10_mc100_alpha0.05_min100_profiles2b1671cb4b_plandc0cd9facf,reference,quarter_4,15,b050_p00100_s050,p00100_s050,full_factorial_nested_prefix,50,100,50,3771175008,2249015874,4.027439214361076,nested_prefix_median_v1,ok,whole_grid_cosine_dual_leakage_penalty_v2,50,150,-0.005823148298077285,0.5,1.0,0.8697944885902485,0.9714520632162902,0.19833937507279023,0.7787748680847987,0.6972799932815015,0.15153562661340933,0.037491527647994814,0.06453572423197329,
reference__quarter_4__b100_p00100_s050,reference__quarter_4__p00100_s050,games10_possessions92_source4370615271_grid20x10_trajectory142_outcome242_baseline0.10_mc100_alpha0.05_min100_profiles2b1671cb4b,games10_possessions92_source4370615271_grid20x10_trajectory142_outcome242_baseline0.10_mc100_alpha0.05_min100_profiles2b1671cb4b_plandc0cd9facf,reference,quarter_4,30,b100_p00100_s050,p00100_s050,full_factorial_nested_prefix,100,100,50,3771175008,2249015874,4.027439214361076,nested_prefix_median_v1,ok,whole_grid_cosine_dual_leakage_penalty_v2,50,150,-0.005823148298077285,0.5,1.0,0.8754588669726769,0.9615501867823688,0.17105144579476478,0.7970756371290185,0.725710362043154,0.1501361061982477,0.03098020727695049,0.06556770601309836,
reference__quarter_4__b010_p00100_s100,reference__quarter_4__p00100_s100,games10_possessions92_source4370615271_grid20x10_trajectory142_outcome242_baseline0.10_mc100_alpha0.05_min100_profiles2b1671cb4b,games10_possessions92_source4370615271_grid20x10_trajectory142_outcome242_baseline0.10_mc100_alpha0.05_min100_profiles2b1671cb4b_plandc0cd9facf,reference,quarter_4,1,b010_p00100_s100,p00100_s100,full_factorial_nested_prefix,10,100,100,2016640081,3566718444,4.4300165639616615,nested_prefix_median_v1,ok,whole_grid_cosine_dual_leakage_penalty_v2,50,150,0.007730826269835234,0.5,1.0,0.8649635834777112,0.9056513269567386,0.08783460778073543,0.8261037978673906,0.7889898463783269,0.08524648385884116,0.008208589734161121,0.05288374493829906,
reference__quarter_4__b050_p00100_s100,reference__quarter_4__p00100_s100,games10_possessions92_source4370615271_grid20x10_trajectory142_outcome242_baseline0.10_mc100_alpha0.05_min100_profiles2b1671cb4b,games10_possessions92_source4370615271_grid20x10_trajectory142_outcome242_baseline0.10_mc100_alpha0.05_min100_profiles2b1671cb4b_plandc0cd9facf,reference,quarter_4,16,b050_p00100_s100,p00100_s100,full_factorial_nested_prefix,50,100,100,2016640081,3566718444,4.4300165639616615,nested_prefix_median_v1,ok,whole_grid_cosine_dual_leakage_penalty_v2,50,150,-0.0010334260005038232,0.5,1.0,0.868466527745763,0.9368322577118694,0.1406254330037561,0.8050898158192513,0.7463380462322465,0.13580785911490745,0.022223183844153067,0.06490646053571254,
reference__quarter_4__b100_p00100_s100,reference__quarter_4__p00100_s100,games10_possessions92_source4370615271_grid20x10_trajectory142_outcome242_baseline0.10_mc100_alpha0.05_min100_profiles2b1671cb4b,games10_possessions92_source4370615271_grid20x10_trajectory142_outcome242_baseline0.10_mc100_alpha0.05_min100_profiles2b1671cb4b_plandc0cd9facf,reference,quarter_4,31,b100_p00100_s100,p00100_s100,full_factorial_nested_prefix,100,100,100,2016640081,3566718444,4.4300165639616615,nested_prefix_median_v1,ok,whole_grid_cosine_dual_leakage_penalty_v2,50,150,-0.004978915909305215,0.5,1.0,0.8752938842506535,0.9463981742113833,0.14461820989079666,0.8095317644130146,0.7487104495819618,0.15144181654687888,0.025604057351775053,0.06768134073354304,
reference__quarter_4__b010_p00100_s150,reference__quarter_4__p00100_s150,games10_possessions92_source4370615271_grid20x10_trajectory142_outcome242_baseline0.10_mc100_alpha0.05_min100_profiles2b1671cb4b,games10_possessions92_source4370615271_grid20x10_trajectory142_outcome242_baseline0.10_mc100_alpha0.05_min100_profiles2b1671cb4b_plandc0cd9facf,reference,quarter_4,2,b010_p00100_s150,p00100_s150,full_factorial_nested_prefix,10,100,150,1182809535,1090545078,4.721273932227006,nested_prefix_median_v1,ok,whole_grid_cosine_dual_leakage_penalty_v2,50,150,0.004722489626146853,0.5,1.0,0.8613297964297022,0.9216615868462084,0.12663462933498035,0.8049473134236488,0.7522556169236527,0.07958164758077946,0.01153903369856004,0.04942920047324151,
reference__quarter_4__b050_p00100_s150,reference__quarter_4__p00100_s150,games10_possessions92_source4370615271_grid20x10_trajectory142_outcome242_baseline0.10_mc100_alpha0.05_min100_profiles2b1671cb4b,games10_possessions92_source4370615271_grid20x10_trajectory142_outcome242_baseline0.10_mc100_alpha0.05_min100_profiles2b1671cb4b_plandc0cd9facf,reference,quarter_4,17,b050_p00100_s150,p00100_s150,full_factorial_nested_prefix,50,100,150,1182809535,1090545078,4.721273932227006,nested_prefix_median_v1,ok,whole_grid_cosine_dual_leakage_penalty_v2,50,150,-0.002661094185896218,0.5,1.0,0.8837313709126565,0.945540002265268,0.1264641563360342,0.8259630835968187,0.7719710286625004,0.11691505650771469,0.016926110235169302,0.05932123423554003,
reference__quarter_4__b100_p00100_s150,reference__quarter_4__p00100_s150,games10_possessions92_source4370615271_grid20x10_trajectory142_outcome242_baseline0.10_mc100_alpha0.05_min100_profiles2b1671cb4b,games10_possessions92_source4370615271_grid20x10_trajectory142_outcome242_baseline0.10_mc100_alpha0.05_min100_profiles2b1671cb4b_plandc0cd9facf,reference,quarter_4,32,b100_p00100_s150,p00100_s150,full_factorial_nested_prefix,100,100,150,1182809535,1090545078,4.721273932227006,nested_prefix_median_v1,ok,whole_grid_cosine_dual_leakage_penalty_v2,50,150,-0.0029097538208588958,0.5,1.0,0.8843357688894757,0.9401581856602192,0.11522565888987935,0.831827839256807,0.7824375972392978,0.1254576357914367,0.016338560099626115,0.062099511618725955,
reference__quarter_4__b010_p00100_s200,reference__quarter_4__p00100_s200,games10_possessions92_source4370615271_grid20x10_trajectory142_outcome242_baseline0.10_mc100_alpha0.05_min100_profiles2b1671cb4b,games10_possessions92_source4370615271_grid20x10_trajectory142_outcome242_baseline0.10_mc100_alpha0.05_min100_profiles2b1671cb4b_plandc0cd9facf,reference,quarter_4,3,b010_p00100_s200,p00100_s200,full_factorial_nested_prefix,10,100,200,3764962087,290978133,5.128252849079881,nested_prefix_median_v1,ok,whole_grid_cosine_dual_leakage_penalty_v2,50,150,-0.0014293541826191358,0.5,1.0,0.8865392345350979,0.9618235162010615,0.15041832085953213,0.8171476379308867,0.7531874915002336,0.08863438971716633,0.015692706656708896,0.049845374742290005,
reference__quarter_4__b050_p00100_s200,reference__quarter_4__p00100_s200,games10_possessions92_source4370615271_grid20x10_trajectory142_outcome242_baseline0.10_mc100_alpha0.05_min100_profiles2b1671cb4b,games10_possessions92_source4370615271_grid20x10_trajectory142_outcome242_baseline0.10_mc100_alpha0.05_min100_profiles2b1671cb4b_plandc0cd9facf,reference,quarter_4,18,b050_p00100_s200,p00100_s200,full_factorial_nested_prefix,50,100,200,3764962087,290978133,5.128252849079881,nested_prefix_median_v1,ok,whole_grid_cosine_dual_leakage_penalty_v2,50,150,-0.0003866939659928903,0.5,1.0,0.8819025087201442,0.9301526308520075,0.10105583345728454,0.8361552814987722,0.7927811156733598,0.09538302259329412,0.010722591240467568,0.05460067800595425,
reference__quarter_4__b100_p00100_s200,reference__quarter_4__p00100_s200,games10_possessions92_source4370615271_grid20x10_trajectory142_outcome242_baseline0.10_mc100_alpha0.05_min100_profiles2b1671cb4b,games10_possessions92_source4370615271_grid20x10_trajectory142_outcome242_baseline0.10_mc100_alpha0.05_min100_profiles2b1671cb4b_plandc0cd9facf,reference,quarter_4,33,b100_p00100_s200,p00100_s200,full_factorial_nested_prefix,100,100,200,3764962087,290978133,5.128252849079881,nested_prefix_median_v1,ok,whole_grid_cosine_dual_leakage_penalty_v2,50,150,-0.0010260564740747213,0.5,1.0,0.8775449338818502,0.9290247946625944,0.10775501272818674,0.8289177160889255,0.7829850683618556,0.09342932756190592,0.011283311785703702,0.05439007468521595,
reference__quarter_4__b010_p00100_s250,reference__quarter_4__p00100_s250,games10_possessions92_source4370615271_grid20x10_trajectory142_outcome242_baseline0.10_mc100_alpha0.05_min100_profiles2b1671cb4b,games10_possessions92_source4370615271_grid20x10_trajectory142_outcome242_baseline0.10_mc100_alpha0.05_min100_profiles2b1671cb4b_plandc0cd9facf,reference,quarter_4,4,b010_p00100_s250,p00100_s250,full_factorial_nested_prefix,10,100,250,3323179320,1521717082,5.469663536769581,nested_prefix_median_v1,ok,whole_grid_cosine_dual_leakage_penalty_v2,50,150,-0.010514703579246998,0.5,1.0,0.8382115959880866,0.9946054452066326,0.2897591225685528,0.706409444101654,0.5953321394077924,0.12787430943589656,0.05216926943884801,0.054905961733311415,
reference__quarter_4__b050_p00100_s250,reference__quarter_4__p00100_s250,games10_possessions92_source4370615271_grid20x10_trajectory142_outcome242_baseline0.10_mc100_alpha0.05_min100_profiles2b1671cb4b,games10_possessions92_source4370615271_grid20x10_trajectory142_outcome242_baseline0.10_mc100_alpha0.05_min100_profiles2b1671cb4b_plandc0cd9facf,reference,quarter_4,19,b050_p00100_s250,p00100_s250,full_factorial_nested_prefix,50,100,250,3323179320,1521717082,5.469663536769581,nested_prefix_median_v1,ok,whole_grid_cosine_dual_leakage_penalty_v2,50,150,-0.006780395982787013,0.5,1.0,0.8727582031392465,0.9708856174807464,0.1919248643268693,0.7845485270688455,0.7052542034115844,0.11257650751490697,0.026737898466821654,0.05599401635117829,
reference__quarter_4__b100_p00100_s250,reference__quarter_4__p00100_s250,games10_possessions92_source4370615271_grid20x10_trajectory142_outcome242_baseline0.10_mc100_alpha0.05_min100_profiles2b1671cb4b,games10_possessions92_source4370615271_grid20x10_trajectory142_outcome242_baseline0.10_mc100_alpha0.05_min100_profiles2b1671cb4b_plandc0cd9facf,reference,quarter_4,34,b100_p00100_s250,p00100_s250,full_factorial_nested_prefix,100,100,250,3323179320,1521717082,5.469663536769581,nested_prefix_median_v1,ok,whole_grid_cosine_dual_leakage_penalty_v2,50,150,-0.0011337946634739637,0.5,1.0,0.877018610997314,0.9326918180549213,0.11581878237364729,0.824668587357937,0.7754433833525777,0.08432974483234439,0.01104634227651049,0.051277500402648,
reference__quarter_4__b010_p01000_s050,reference__quarter_4__p01000_s050,games10_possessions92_source4370615271_grid20x10_trajectory142_outcome242_baseline0.10_mc100_alpha0.05_min100_profiles2b1671cb4b,games10_possessions92_source4370615271_grid20x10_trajectory142_outcome242_baseline0.10_mc100_alpha0.05_min100_profiles2b1671cb4b_plandc0cd9facf,reference,quarter_4,5,b010_p01000_s050,p01000_s050,full_factorial_nested_prefix,10,1000,50,3006037492,1173578772,12.579696866737535,nested_prefix_median_v1,ok,whole_grid_cosine_dual_leakage_penalty_v2,50,150,-0.05667083337903023,0.5,1.0,0.93999197221699,0.9742061004678529,0.06900660541335606,0.9069794445015832,0.8751263170984899,2.942691372093882,0.21811663063144468,0.2589632999151945,
reference__quarter_4__b050_p01000_s050,reference__quarter_4__p01000_s050,games10_possessions92_source4370615271_grid20x10_trajectory142_outcome242_baseline0.10_mc100_alpha0.05_min100_profiles2b1671cb4b,games10_possessions92_source4370615271_grid20x10_trajectory142_outcome242_baseline0.10_mc100_alpha0.05_min100_profiles2b1671cb4b_plandc0cd9facf,reference,quarter_4,20,b050_p01000_s050,p01000_s050,full_factorial_nested_prefix,50,1000,50,3006037492,1173578772,12.579696866737535,nested_prefix_median_v1,ok,whole_grid_cosine_dual_leakage_penalty_v2,50,150,-0.05149639770388603,0.5,1.0,0.9371769477757921,0.9645904429741137,0.056031970823971655,0.9105425394163065,0.8846650763811201,2.9039281904841294,0.17237111280786116,0.25745201110839844,
reference__quarter_4__b100_p01000_s050,reference__quarter_4__p01000_s050,games10_possessions92_source4370615271_grid20x10_trajectory142_outcome242_baseline0.10_mc100_alpha0.05_min100_profiles2b1671cb4b,games10_possessions92_source4370615271_grid20x10_trajectory142_outcome242_baseline0.10_mc100_alpha0.05_min100_profiles2b1671cb4b_plandc0cd9facf,reference,quarter_4,35,b100_p01000_s050,p01000_s050,full_factorial_nested_prefix,100,1000,50,3006037492,1173578772,12.579696866737535,nested_prefix_median_v1,ok,whole_grid_cosine_dual_leakage_penalty_v2,50,150,-0.05206228792667389,0.5,1.0,0.9391398133908049,0.965577702476598,0.05401108420412132,0.9134258038825124,0.8884158538503114,2.9472440737302126,0.16827242389242544,0.26235929876565933,
reference__quarter_4__b010_p01000_s100,reference__quarter_4__p01000_s100,games10_possessions92_source4370615271_grid20x10_trajectory142_outcome242_baseline0.10_mc100_alpha0.05_min100_profiles2b1671cb4b,games10_possessions92_source4370615271_grid20x10_trajectory142_outcome242_baseline0.10_mc100_alpha0.05_min100_profiles2b1671cb4b_plandc0cd9facf,reference,quarter_4,6,b010_p01000_s100,p01000_s100,full_factorial_nested_prefix,10,1000,100,1763655778,2004633807,15.273365782326051,nested_prefix_median_v1,ok,whole_grid_cosine_dual_leakage_penalty_v2,50,150,-0.04838266223669052,0.5,1.0,0.9175830675211487,0.9557871150031606,0.0783448830669808,0.8809060852413111,0.8456951293919627,2.2147875206976413,0.18826702758910122,0.2304376982152462,
reference__quarter_4__b050_p01000_s100,reference__quarter_4__p01000_s100,games10_possessions92_source4370615271_grid20x10_trajectory142_outcome242_baseline0.10_mc100_alpha0.05_min100_profiles2b1671cb4b,games10_possessions92_source4370615271_grid20x10_trajectory142_outcome242_baseline0.10_mc100_alpha0.05_min100_profiles2b1671cb4b_plandc0cd9facf,reference,quarter_4,21,b050_p01000_s100,p01000_s100,full_factorial_nested_prefix,50,1000,100,1763655778,2004633807,15.273365782326051,nested_prefix_median_v1,ok,whole_grid_cosine_dual_leakage_penalty_v2,50,150,-0.04494115710258484,0.5,1.0,0.929790527881406,0.9601652460888223,0.06226900620205054,0.9003767104251241,0.8718933957341509,2.108176999402707,0.1399911995221017,0.21648206561803818,
reference__quarter_4__b100_p01000_s100,reference__quarter_4__p01000_s100,games10_possessions92_source4370615271_grid20x10_trajectory142_outcome242_baseline0.10_mc100_alpha0.05_min100_profiles2b1671cb4b,games10_possessions92_source4370615271_grid20x10_trajectory142_outcome242_baseline0.10_mc100_alpha0.05_min100_profiles2b1671cb4b_plandc0cd9facf,reference,quarter_4,36,b100_p01000_s100,p01000_s100,full_factorial_nested_prefix,100,1000,100,1763655778,2004633807,15.273365782326051,nested_prefix_median_v1,ok,whole_grid_cosine_dual_leakage_penalty_v2,50,150,-0.04765232652425766,0.5,1.0,0.9396093139042055,0.9650053630403947,0.051941421559011505,0.9148816126720068,0.8908046704299336,2.2265830559789332,0.1219881258148993,0.22328166849911213,
reference__quarter_4__b500_p01000_s100,reference__quarter_4__p01000_s100,games10_possessions92_source4370615271_grid20x10_trajectory142_outcome242_baseline0.10_mc100_alpha0.05_min100_profiles2b1671cb4b,games10_possessions92_source4370615271_grid20x10_trajectory142_outcome242_baseline0.10_mc100_alpha0.05_min100_profiles2b1671cb4b_plandc0cd9facf,reference,quarter_4,12,b500_p01000_s100,p01000_s100,targeted_nested_prefix,500,1000,100,1763655778,2004633807,15.273365782326051,nested_prefix_median_v1,ok,whole_grid_cosine_dual_leakage_penalty_v2,50,150,-0.046815093606710434,0.5,1.0,0.9396974251872514,0.965503017061153,0.052740862484659465,0.9145815552098069,0.890136972508262,2.2076665714148387,0.12291698696132561,0.22330348379909992,
reference__quarter_4__b010_p01000_s150,reference__quarter_4__p01000_s150,games10_possessions92_source4370615271_grid20x10_trajectory142_outcome242_baseline0.10_mc100_alpha0.05_min100_profiles2b1671cb4b,games10_possessions92_source4370615271_grid20x10_trajectory142_outcome242_baseline0.10_mc100_alpha0.05_min100_profiles2b1671cb4b_plandc0cd9facf,reference,quarter_4,7,b010_p01000_s150,p01000_s150,full_factorial_nested_prefix,10,1000,150,797757005,2519710476,16.480903115935927,nested_prefix_median_v1,ok,whole_grid_cosine_dual_leakage_penalty_v2,50,150,-0.04429667815566063,0.5,1.0,0.9474755592978787,0.9688831920690348,0.04370213121416885,0.926540931678031,0.9060688580832248,2.0470324722192483,0.0935479254117475,0.2156231589615345,
reference__quarter_4__b050_p01000_s150,reference__quarter_4__p01000_s150,games10_possessions92_source4370615271_grid20x10_trajectory142_outcome242_baseline0.10_mc100_alpha0.05_min100_profiles2b1671cb4b,games10_possessions92_source4370615271_grid20x10_trajectory142_outcome242_baseline0.10_mc100_alpha0.05_min100_profiles2b1671cb4b_plandc0cd9facf,reference,quarter_4,22,b050_p01000_s150,p01000_s150,full_factorial_nested_prefix,50,1000,150,797757005,2519710476,16.480903115935927,nested_prefix_median_v1,ok,whole_grid_cosine_dual_leakage_penalty_v2,50,150,-0.04367995634675026,0.5,1.0,0.930502505275758,0.9556999113472971,0.052035656776589875,0.9059694387790118,0.8820831962814717,1.9648055348303872,0.10785210137284973,0.21334699168801308,
reference__quarter_4__b100_p01000_s150,reference__quarter_4__p01000_s150,games10_possessions92_source4370615271_grid20x10_trajectory142_outcome242_baseline0.10_mc100_alpha0.05_min100_profiles2b1671cb4b,games10_possessions92_source4370615271_grid20x10_trajectory142_outcome242_baseline0.10_mc100_alpha0.05_min100_profiles2b1671cb4b_plandc0cd9facf,reference,quarter_4,37,b100_p01000_s150,p01000_s150,full_factorial_nested_prefix,100,1000,150,797757005,2519710476,16.480903115935927,nested_prefix_median_v1,ok,whole_grid_cosine_dual_leakage_penalty_v2,50,150,-0.04240532964468002,0.5,1.0,0.9317744421194096,0.9569436991537724,0.051911642844936434,0.9072671796205894,0.8834045000680669,1.894219719692451,0.10371613237987219,0.2059446331113577,
reference__quarter_4__b010_p01000_s200,reference__quarter_4__p01000_s200,games10_possessions92_source4370615271_grid20x10_trajectory142_outcome242_baseline0.10_mc100_alpha0.05_min100_profiles2b1671cb4b,games10_possessions92_source4370615271_grid20x10_trajectory142_outcome242_baseline0.10_mc100_alpha0.05_min100_profiles2b1671cb4b_plandc0cd9facf,reference,quarter_4,8,b010_p01000_s200,p01000_s200,full_factorial_nested_prefix,10,1000,200,2788884382,4069042643,15.575106811958156,nested_prefix_median_v1,ok,whole_grid_cosine_dual_leakage_penalty_v2,50,150,-0.04787641204893589,0.5,1.0,0.9312673772827101,0.9647717073654724,0.06824944220318663,0.8989265764843629,0.8677088982411406,1.9864098571654414,0.14550178006764017,0.21547870710492134,
reference__quarter_4__b050_p01000_s200,reference__quarter_4__p01000_s200,games10_possessions92_source4370615271_grid20x10_trajectory142_outcome242_baseline0.10_mc100_alpha0.05_min100_profiles2b1671cb4b,games10_possessions92_source4370615271_grid20x10_trajectory142_outcome242_baseline0.10_mc100_alpha0.05_min100_profiles2b1671cb4b_plandc0cd9facf,reference,quarter_4,23,b050_p01000_s200,p01000_s200,full_factorial_nested_prefix,50,1000,200,2788884382,4069042643,15.575106811958156,nested_prefix_median_v1,ok,whole_grid_cosine_dual_leakage_penalty_v2,50,150,-0.04675748012959957,0.5,1.0,0.930442969335781,0.9602686961001657,0.061154834572946674,0.9015436228445808,0.87354188346649,2.0006317611555096,0.13031787231837688,0.21493927389383316,
reference__quarter_4__b100_p01000_s200,reference__quarter_4__p01000_s200,games10_possessions92_source4370615271_grid20x10_trajectory142_outcome242_baseline0.10_mc100_alpha0.05_min100_profiles2b1671cb4b,games10_possessions92_source4370615271_grid20x10_trajectory142_outcome242_baseline0.10_mc100_alpha0.05_min100_profiles2b1671cb4b_plandc0cd9facf,reference,quarter_4,38,b100_p01000_s200,p01000_s200,full_factorial_nested_prefix,100,1000,200,2788884382,4069042643,15.575106811958156,nested_prefix_median_v1,ok,whole_grid_cosine_dual_leakage_penalty_v2,50,150,-0.04589782655239105,0.5,1.0,0.928904392907606,0.9563082478087331,0.05649060157524777,0.9022858195986464,0.876430024946365,1.9948277999060737,0.1194360359778752,0.21238933689892292,
reference__quarter_4__b010_p01000_s250,reference__quarter_4__p01000_s250,games10_possessions92_source4370615271_grid20x10_trajectory142_outcome242_baseline0.10_mc100_alpha0.05_min100_profiles2b1671cb4b,games10_possessions92_source4370615271_grid20x10_trajectory142_outcome242_baseline0.10_mc100_alpha0.05_min100_profiles2b1671cb4b_plandc0cd9facf,reference,quarter_4,9,b010_p01000_s250,p01000_s250,full_factorial_nested_prefix,10,1000,250,124805235,3319943964,16.159067168200995,nested_prefix_median_v1,ok,whole_grid_cosine_dual_leakage_penalty_v2,50,150,-0.0445445217192173,0.5,1.0,0.936062580608096,0.9645312241636117,0.05815987995133139,0.9084342039569452,0.8816212932929957,1.8835807706631906,0.1163136175328214,0.20676390640437603,
reference__quarter_4__b050_p01000_s250,reference__quarter_4__p01000_s250,games10_possessions92_source4370615271_grid20x10_trajectory142_outcome242_baseline0.10_mc100_alpha0.05_min100_profiles2b1671cb4b,games10_possessions92_source4370615271_grid20x10_trajectory142_outcome242_baseline0.10_mc100_alpha0.05_min100_profiles2b1671cb4b_plandc0cd9facf,reference,quarter_4,24,b050_p01000_s250,p01000_s250,full_factorial_nested_prefix,50,1000,250,124805235,3319943964,16.159067168200995,nested_prefix_median_v1,ok,whole_grid_cosine_dual_leakage_penalty_v2,50,150,-0.04362507723271847,0.5,1.0,0.9337195943381731,0.9582356454657173,0.05051457827832369,0.9098307759437593,0.8865531427999728,1.8719313204759684,0.09959059829309054,0.20949374698102474,
reference__quarter_4__b100_p01000_s250,reference__quarter_4__p01000_s250,games10_possessions92_source4370615271_grid20x10_trajectory142_outcome242_baseline0.10_mc100_alpha0.05_min100_profiles2b1671cb4b,games10_possessions92_source4370615271_grid20x10_trajectory142_outcome242_baseline0.10_mc100_alpha0.05_min100_profiles2b1671cb4b_plandc0cd9facf,reference,quarter_4,39,b100_p01000_s250,p01000_s250,full_factorial_nested_prefix,100,1000,250,124805235,3319943964,16.159067168200995,nested_prefix_median_v1,ok,whole_grid_cosine_dual_leakage_penalty_v2,50,150,-0.04332459717988968,0.5,1.0,0.9281296260475936,0.9515769597807866,0.04867384915394081,0.905260046382051,0.8829539846340496,1.9303394626260477,0.09876428997163483,0.20695750415325165,
reference__quarter_4__b050_p02500_s150,reference__quarter_4__p02500_s150,games10_possessions92_source4370615271_grid20x10_trajectory142_outcome242_baseline0.10_mc100_alpha0.05_min100_profiles2b1671cb4b,games10_possessions92_source4370615271_grid20x10_trajectory142_outcome242_baseline0.10_mc100_alpha0.05_min100_profiles2b1671cb4b_plandc0cd9facf,reference,quarter_4,3,b050_p02500_s150,p02500_s150,full_factorial_nested_prefix,50,2500,150,2304242463,3984939213,24.11921837626091,nested_prefix_median_v1,ok,whole_grid_cosine_dual_leakage_penalty_v2,50,150,-0.0587653424590826,0.5,1.0,0.9168980982598873,0.9394687772235085,0.047472678017278995,0.8948696784550902,0.8733704900665403,3.5551796468867716,0.1771853623252824,0.28914299979805946,
reference__quarter_4__b100_p02500_s150,reference__quarter_4__p02500_s150,games10_possessions92_source4370615271_grid20x10_trajectory142_outcome242_baseline0.10_mc100_alpha0.05_min100_profiles2b1671cb4b,games10_possessions92_source4370615271_grid20x10_trajectory142_outcome242_baseline0.10_mc100_alpha0.05_min100_profiles2b1671cb4b_plandc0cd9facf,reference,quarter_4,9,b100_p02500_s150,p02500_s150,full_factorial_nested_prefix,100,2500,150,2304242463,3984939213,24.11921837626091,nested_prefix_median_v1,ok,whole_grid_cosine_dual_leakage_penalty_v2,50,150,-0.059085236862301826,0.5,1.0,0.9211090418699657,0.9420556122937637,0.04397552980591183,0.9006282176365128,0.8806027837447181,3.6136541858299953,0.16622206053466734,0.2889952752739191,
reference__quarter_4__b050_p02500_s200,reference__quarter_4__p02500_s200,games10_possessions92_source4370615271_grid20x10_trajectory142_outcome242_baseline0.10_mc100_alpha0.05_min100_profiles2b1671cb4b,games10_possessions92_source4370615271_grid20x10_trajectory142_outcome242_baseline0.10_mc100_alpha0.05_min100_profiles2b1671cb4b_plandc0cd9facf,reference,quarter_4,4,b050_p02500_s200,p02500_s200,full_factorial_nested_prefix,50,2500,200,1241465810,736434029,26.91304008357667,nested_prefix_median_v1,ok,whole_grid_cosine_dual_leakage_penalty_v2,50,150,-0.05317367799580097,0.5,1.0,0.9170147671116504,0.9392444330657743,0.04677505387871628,0.8953112241038386,0.8741213519724245,3.002470810512057,0.14733220579511083,0.2628708202391863,
reference__quarter_4__b100_p02500_s200,reference__quarter_4__p02500_s200,games10_possessions92_source4370615271_grid20x10_trajectory142_outcome242_baseline0.10_mc100_alpha0.05_min100_profiles2b1671cb4b,games10_possessions92_source4370615271_grid20x10_trajectory142_outcome242_baseline0.10_mc100_alpha0.05_min100_profiles2b1671cb4b_plandc0cd9facf,reference,quarter_4,10,b100_p02500_s200,p02500_s200,full_factorial_nested_prefix,100,2500,200,1241465810,736434029,26.91304008357667,nested_prefix_median_v1,ok,whole_grid_cosine_dual_leakage_penalty_v2,50,150,-0.0538345817476511,0.5,1.0,0.9176351447662741,0.9402849688572819,0.04759626594719713,0.8955309154133987,0.8739591383734837,3.03426478375567,0.15163703000963097,0.26434733532369137,
reference__quarter_4__b050_p02500_s250,reference__quarter_4__p02500_s250,games10_possessions92_source4370615271_grid20x10_trajectory142_outcome242_baseline0.10_mc100_alpha0.05_min100_profiles2b1671cb4b,games10_possessions92_source4370615271_grid20x10_trajectory142_outcome242_baseline0.10_mc100_alpha0.05_min100_profiles2b1671cb4b_plandc0cd9facf,reference,quarter_4,5,b050_p02500_s250,p02500_s250,full_factorial_nested_prefix,50,2500,250,2443634533,4184819748,25.44271601247684,nested_prefix_median_v1,ok,whole_grid_cosine_dual_leakage_penalty_v2,50,150,-0.05212647281587124,0.5,1.0,0.914694871670603,0.9345960661975795,0.042134368467657946,0.895217451175987,0.8761547809121567,2.992207467368543,0.1316205194251475,0.2718169819563627,
reference__quarter_4__b100_p02500_s250,reference__quarter_4__p02500_s250,games10_possessions92_source4370615271_grid20x10_trajectory142_outcome242_baseline0.10_mc100_alpha0.05_min100_profiles2b1671cb4b,games10_possessions92_source4370615271_grid20x10_trajectory142_outcome242_baseline0.10_mc100_alpha0.05_min100_profiles2b1671cb4b_plandc0cd9facf,reference,quarter_4,11,b100_p02500_s250,p02500_s250,full_factorial_nested_prefix,100,2500,250,2443634533,4184819748,25.44271601247684,nested_prefix_median_v1,ok,whole_grid_cosine_dual_leakage_penalty_v2,50,150,-0.05289951339364052,0.5,1.0,0.9117039167003033,0.9312241081677688,0.04148432480614479,0.8925929047972244,0.8738824952928734,3.0558108188585615,0.1322547474562913,0.2780563309788704,
reference__quarter_4__b010_p10000_s050,reference__quarter_4__p10000_s050,games10_possessions92_source4370615271_grid20x10_trajectory142_outcome242_baseline0.10_mc100_alpha0.05_min100_profiles2b1671cb4b,games10_possessions92_source4370615271_grid20x10_trajectory142_outcome242_baseline0.10_mc100_alpha0.05_min100_profiles2b1671cb4b_plandc0cd9facf,reference,quarter_4,10,b010_p10000_s050,p10000_s050,full_factorial_nested_prefix,10,10000,50,3895058926,1633275226,42.12471967317349,nested_prefix_median_v1,ok,whole_grid_cosine_dual_leakage_penalty_v2,50,150,-0.08013143017888069,0.5,1.0,0.9013806053890296,0.9279863227091948,0.05651876263955293,0.8755376840032421,0.8504356889051505,7.806200063454455,0.46762643604611587,0.4730694629251957,
reference__quarter_4__b050_p10000_s050,reference__quarter_4__p10000_s050,games10_possessions92_source4370615271_grid20x10_trajectory142_outcome242_baseline0.10_mc100_alpha0.05_min100_profiles2b1671cb4b,games10_possessions92_source4370615271_grid20x10_trajectory142_outcome242_baseline0.10_mc100_alpha0.05_min100_profiles2b1671cb4b_plandc0cd9facf,reference,quarter_4,25,b050_p10000_s050,p10000_s050,full_factorial_nested_prefix,50,10000,50,3895058926,1633275226,42.12471967317349,nested_prefix_median_v1,ok,whole_grid_cosine_dual_leakage_penalty_v2,50,150,-0.080352533608675,0.5,1.0,0.8994230286320251,0.925690125064203,0.055946201072035004,0.8739012791969639,0.8491037270233591,7.849202923009726,0.46515684326949525,0.4632318876683712,
reference__quarter_4__b100_p10000_s050,reference__quarter_4__p10000_s050,games10_possessions92_source4370615271_grid20x10_trajectory142_outcome242_baseline0.10_mc100_alpha0.05_min100_profiles2b1671cb4b,games10_possessions92_source4370615271_grid20x10_trajectory142_outcome242_baseline0.10_mc100_alpha0.05_min100_profiles2b1671cb4b_plandc0cd9facf,reference,quarter_4,40,b100_p10000_s050,p10000_s050,full_factorial_nested_prefix,100,10000,50,3895058926,1633275226,42.12471967317349,nested_prefix_median_v1,ok,whole_grid_cosine_dual_leakage_penalty_v2,50,150,-0.08037659153342247,0.5,1.0,0.9013790296858535,0.9286057114897227,0.05778025887356937,0.8749506330883716,0.8492971160073981,7.774285501046129,0.4767467812449568,0.4591391533613205,
reference__quarter_4__b010_p10000_s100,reference__quarter_4__p10000_s100,games10_possessions92_source4370615271_grid20x10_trajectory142_outcome242_baseline0.10_mc100_alpha0.05_min100_profiles2b1671cb4b,games10_possessions92_source4370615271_grid20x10_trajectory142_outcome242_baseline0.10_mc100_alpha0.05_min100_profiles2b1671cb4b_plandc0cd9facf,reference,quarter_4,11,b010_p10000_s100,p10000_s100,full_factorial_nested_prefix,10,10000,100,2168235201,2972275309,41.49208012875195,nested_prefix_median_v1,ok,whole_grid_cosine_dual_leakage_penalty_v2,50,150,-0.06983167678117752,0.5,1.0,0.8784673452125915,0.9074168364673257,0.06278856542595662,0.8504414350621826,0.8233096408331443,6.689111385428304,0.4481376265499402,0.4653935832902789,
reference__quarter_4__b050_p10000_s100,reference__quarter_4__p10000_s100,games10_possessions92_source4370615271_grid20x10_trajectory142_outcome242_baseline0.10_mc100_alpha0.05_min100_profiles2b1671cb4b,games10_possessions92_source4370615271_grid20x10_trajectory142_outcome242_baseline0.10_mc100_alpha0.05_min100_profiles2b1671cb4b_plandc0cd9facf,reference,quarter_4,26,b050_p10000_s100,p10000_s100,full_factorial_nested_prefix,50,10000,100,2168235201,2972275309,41.49208012875195,nested_prefix_median_v1,ok,whole_grid_cosine_dual_leakage_penalty_v2,50,150,-0.07126257754862309,0.5,1.0,0.8818302794922702,0.9136904462083748,0.06852362013864194,0.8510810691480859,0.8214040763935895,6.536135094745893,0.4808276925646541,0.4661356873810291,
reference__quarter_4__b100_p10000_s100,reference__quarter_4__p10000_s100,games10_possessions92_source4370615271_grid20x10_trajectory142_outcome242_baseline0.10_mc100_alpha0.05_min100_profiles2b1671cb4b,games10_possessions92_source4370615271_grid20x10_trajectory142_outcome242_baseline0.10_mc100_alpha0.05_min100_profiles2b1671cb4b_plandc0cd9facf,reference,quarter_4,41,b100_p10000_s100,p10000_s100,full_factorial_nested_prefix,100,10000,100,2168235201,2972275309,41.49208012875195,nested_prefix_median_v1,ok,whole_grid_cosine_dual_leakage_penalty_v2,50,150,-0.06968240067362785,0.5,1.0,0.8804304942885002,0.9123731149724967,0.06879522626841196,0.849606200086748,0.819861079220313,6.4947861025934195,0.4798195757764028,0.4667728021740913,
reference__quarter_4__b010_p10000_s150,reference__quarter_4__p10000_s150,games10_possessions92_source4370615271_grid20x10_trajectory142_outcome242_baseline0.10_mc100_alpha0.05_min100_profiles2b1671cb4b,games10_possessions92_source4370615271_grid20x10_trajectory142_outcome242_baseline0.10_mc100_alpha0.05_min100_profiles2b1671cb4b_plandc0cd9facf,reference,quarter_4,12,b010_p10000_s150,p10000_s150,full_factorial_nested_prefix,10,10000,150,546574915,2736419571,51.5063832568866,nested_prefix_median_v1,ok,whole_grid_cosine_dual_leakage_penalty_v2,50,150,-0.07556835561990738,0.5,1.0,0.8859553480556377,0.9120233656945704,0.0563482745713501,0.860632422668926,0.8360332928454426,5.8314195688219375,0.34821155109472374,0.4084627106785774,
reference__quarter_4__b050_p10000_s150,reference__quarter_4__p10000_s150,games10_possessions92_source4370615271_grid20x10_trajectory142_outcome242_baseline0.10_mc100_alpha0.05_min100_profiles2b1671cb4b,games10_possessions92_source4370615271_grid20x10_trajectory142_outcome242_baseline0.10_mc100_alpha0.05_min100_profiles2b1671cb4b_plandc0cd9facf,reference,quarter_4,27,b050_p10000_s150,p10000_s150,full_factorial_nested_prefix,50,10000,150,546574915,2736419571,51.5063832568866,nested_prefix_median_v1,ok,whole_grid_cosine_dual_leakage_penalty_v2,50,150,-0.07635026052594185,0.5,1.0,0.8901983160046297,0.917759461158927,0.05915995043992629,0.8634648569209912,0.83753422774809,5.744211123114333,0.36119555658670854,0.40785855967551465,
reference__quarter_4__b100_p10000_s150,reference__quarter_4__p10000_s150,games10_possessions92_source4370615271_grid20x10_trajectory142_outcome242_baseline0.10_mc100_alpha0.05_min100_profiles2b1671cb4b,games10_possessions92_source4370615271_grid20x10_trajectory142_outcome242_baseline0.10_mc100_alpha0.05_min100_profiles2b1671cb4b_plandc0cd9facf,reference,quarter_4,42,b100_p10000_s150,p10000_s150,full_factorial_nested_prefix,100,10000,150,546574915,2736419571,51.5063832568866,nested_prefix_median_v1,ok,whole_grid_cosine_dual_leakage_penalty_v2,50,150,-0.07662420719861984,0.5,1.0,0.8912855134123824,0.918561827085713,0.058507404624148274,0.8648191585961124,0.8391387112435224,5.770093710557475,0.3585723447013083,0.40862078722566364,
reference__quarter_4__b010_p10000_s200,reference__quarter_4__p10000_s200,games10_possessions92_source4370615271_grid20x10_trajectory142_outcome242_baseline0.10_mc100_alpha0.05_min100_profiles2b1671cb4b,games10_possessions92_source4370615271_grid20x10_trajectory142_outcome242_baseline0.10_mc100_alpha0.05_min100_profiles2b1671cb4b_plandc0cd9facf,reference,quarter_4,13,b010_p10000_s200,p10000_s200,full_factorial_nested_prefix,10,10000,200,1843621212,1190979350,52.095501286144845,nested_prefix_median_v1,ok,whole_grid_cosine_dual_leakage_penalty_v2,50,150,-0.0779409222304821,0.5,1.0,0.8821119468468959,0.9128660158014954,0.06624416433649072,0.8523939694335437,0.8236771780767883,5.494100711319172,0.3897722471991195,0.40072860941290855,
reference__quarter_4__b050_p10000_s200,reference__quarter_4__p10000_s200,games10_possessions92_source4370615271_grid20x10_trajectory142_outcome242_baseline0.10_mc100_alpha0.05_min100_profiles2b1671cb4b,games10_possessions92_source4370615271_grid20x10_trajectory142_outcome242_baseline0.10_mc100_alpha0.05_min100_profiles2b1671cb4b_plandc0cd9facf,reference,quarter_4,28,b050_p10000_s200,p10000_s200,full_factorial_nested_prefix,50,10000,200,1843621212,1190979350,52.095501286144845,nested_prefix_median_v1,ok,whole_grid_cosine_dual_leakage_penalty_v2,50,150,-0.0762505754828453,0.5,1.0,0.8829396456372047,0.9130085375940163,0.06478307366476106,0.8538610382465077,0.8257401015323517,5.4321783728530155,0.37629046457453824,0.40410272032022476,
reference__quarter_4__b100_p10000_s200,reference__quarter_4__p10000_s200,games10_possessions92_source4370615271_grid20x10_trajectory142_outcome242_baseline0.10_mc100_alpha0.05_min100_profiles2b1671cb4b,games10_possessions92_source4370615271_grid20x10_trajectory142_outcome242_baseline0.10_mc100_alpha0.05_min100_profiles2b1671cb4b_plandc0cd9facf,reference,quarter_4,43,b100_p10000_s200,p10000_s200,full_factorial_nested_prefix,100,10000,200,1843621212,1190979350,52.095501286144845,nested_prefix_median_v1,ok,whole_grid_cosine_dual_leakage_penalty_v2,50,150,-0.07651844248175621,0.5,1.0,0.8830633234892813,0.9132267178842837,0.06496799392822111,0.8538962100216881,0.8256924708505949,5.425861046066281,0.37700025796672565,0.4020674146711826,
reference__quarter_4__b010_p10000_s250,reference__quarter_4__p10000_s250,games10_possessions92_source4370615271_grid20x10_trajectory142_outcome242_baseline0.10_mc100_alpha0.05_min100_profiles2b1671cb4b,games10_possessions92_source4370615271_grid20x10_trajectory142_outcome242_baseline0.10_mc100_alpha0.05_min100_profiles2b1671cb4b_plandc0cd9facf,reference,quarter_4,14,b010_p10000_s250,p10000_s250,full_factorial_nested_prefix,10,10000,250,3430126955,2166585717,49.545289461057,nested_prefix_median_v1,ok,whole_grid_cosine_dual_leakage_penalty_v2,50,150,-0.06884782016277313,0.5,1.0,0.8672731812390474,0.8997440200378312,0.07087553449767683,0.8359741817065612,0.8058047309632294,5.217438049598064,0.3979969575700025,0.41544797644019127,
reference__quarter_4__b050_p10000_s250,reference__quarter_4__p10000_s250,games10_possessions92_source4370615271_grid20x10_trajectory142_outcome242_baseline0.10_mc100_alpha0.05_min100_profiles2b1671cb4b,games10_possessions92_source4370615271_grid20x10_trajectory142_outcome242_baseline0.10_mc100_alpha0.05_min100_profiles2b1671cb4b_plandc0cd9facf,reference,quarter_4,29,b050_p10000_s250,p10000_s250,full_factorial_nested_prefix,50,10000,250,3430126955,2166585717,49.545289461057,nested_prefix_median_v1,ok,whole_grid_cosine_dual_leakage_penalty_v2,50,150,-0.07328052259981632,0.5,1.0,0.8703400091345551,0.9040127467252912,0.07310873729813261,0.8379215163107889,0.8067105500466826,5.406988060705508,0.4264772855361409,0.41789720505475997,
reference__quarter_4__b100_p10000_s250,reference__quarter_4__p10000_s250,games10_possessions92_source4370615271_grid20x10_trajectory142_outcome242_baseline0.10_mc100_alpha0.05_min100_profiles2b1671cb4b,games10_possessions92_source4370615271_grid20x10_trajectory142_outcome242_baseline0.10_mc100_alpha0.05_min100_profiles2b1671cb4b_plandc0cd9facf,reference,quarter_4,44,b100_p10000_s250,p10000_s250,full_factorial_nested_prefix,100,10000,250,3430126955,2166585717,49.545289461057,nested_prefix_median_v1,ok,whole_grid_cosine_dual_leakage_penalty_v2,50,150,-0.07314980961382389,0.5,1.0,0.8718410949446408,0.9051988599605737,0.07234460353872049,0.8397126073130241,0.8087680965821068,5.425460767196786,0.42311273099365504,0.4200383551418781,
