profile,profile_rank,light_penalty_rank,ranking_method,config_key,n_bootstraps,possessions_per_bootstrap,samples_per_possession,n_scope_results,mean_whole_grid_cosine,median_whole_grid_cosine,minimum_whole_grid_cosine,maximum_whole_grid_cosine,mean_lightly_penalized_whole_grid_cosine,median_lightly_penalized_whole_grid_cosine,minimum_lightly_penalized_whole_grid_cosine,maximum_lightly_penalized_whole_grid_cosine,mean_moderately_penalized_whole_grid_cosine,median_moderately_penalized_whole_grid_cosine,minimum_moderately_penalized_whole_grid_cosine,maximum_moderately_penalized_whole_grid_cosine,mean_support_cosine,mean_outside_energy_fraction,mean_recovered_dynamic_range,qut_rejection_rate,mean_p_value,mean_lambda_qut,mean_lambda_max_obs,mean_lambda_ci_width,mean_lambda_bootstrap_std,expected_scope_results,coverage_fraction,complete_coverage
high_y_side,1,1,"primary performance rank: descending mean moderate-penalty whole-grid cosine; then descending mean light-penalty and raw whole-grid cosine, descending support cosine, ascending leakage, descending minimum moderate score, then ascending B/P/S. light_penalty_rank applies the same deterministic rule with the light score first.",b010_p00100_s200,10,100,200,5,0.9695739100702641,0.9700276043319046,0.9266109409549264,0.9980018481643254,0.9551197386957135,0.9603537961681121,0.886163275856589,0.9976918981360139,0.9410906165915331,0.9535572823137507,0.8474811992480888,0.9973820443690673,0.984470112187999,0.03005045975428868,0.10679074298590421,1.0,0.0,5.169413277773837,9.20736827180537,3.9449068301788612,1.3105720271848054,5,1.0,True
high_y_side,2,2,"primary performance rank: descending mean moderate-penalty whole-grid cosine; then descending mean light-penalty and raw whole-grid cosine, descending support cosine, ascending leakage, descending minimum moderate score, then ascending B/P/S. light_penalty_rank applies the same deterministic rule with the light score first.",b050_p00100_s200,50,100,200,5,0.9706139792115962,0.9833368925780974,0.9211501768716748,0.9899226284935987,0.9507438397670439,0.9744025479936058,0.8593006464113941,0.9886878926842441,0.9318099192306871,0.9655493785524013,0.8016039289388376,0.9874546969674937,0.991481901355588,0.04117259601197446,0.10512916347943246,1.0,0.0,5.169413277773837,9.20736827180537,5.317165739277252,1.458417343444765,5,1.0,True
high_y_side,3,3,"primary performance rank: descending mean moderate-penalty whole-grid cosine; then descending mean light-penalty and raw whole-grid cosine, descending support cosine, ascending leakage, descending minimum moderate score, then ascending B/P/S. light_penalty_rank applies the same deterministic rule with the light score first.",b100_p00100_s200,100,100,200,5,0.9700597573381069,0.9754833234000388,0.9258229367343949,0.9921759047629188,0.9499080237886796,0.9611992813369424,0.8660851393727907,0.9912563079019974,0.930641480901615,0.9471984859982024,0.8102018635314714,0.9903375633681508,0.99115155655419,0.041650523064717435,0.10495607615448535,1.0,0.0,5.169413277773837,9.20736827180537,5.697566834825788,1.5379088624972488,5,1.0,True
high_y_side,4,4,"primary performance rank: descending mean moderate-penalty whole-grid cosine; then descending mean light-penalty and raw whole-grid cosine, descending support cosine, ascending leakage, descending minimum moderate score, then ascending B/P/S. light_penalty_rank applies the same deterministic rule with the light score first.",b100_p00100_s250,100,100,250,5,0.9675640104227765,0.9780831502430506,0.9317763255066316,0.9903279799205212,0.9485828149495734,0.9620629134998436,0.8811634474915618,0.9894538929825476,0.9302956634601369,0.9463050757001669,0.8332997951767432,0.9885805775344143,0.9872734353461882,0.039273885498362276,0.10333674336317926,1.0,0.0,5.3507854184089165,8.580454247076807,5.815999979754594,1.525915384404991,5,1.0,True
high_y_side,5,5,"primary performance rank: descending mean moderate-penalty whole-grid cosine; then descending mean light-penalty and raw whole-grid cosine, descending support cosine, ascending leakage, descending minimum moderate score, then ascending B/P/S. light_penalty_rank applies the same deterministic rule with the light score first.",b050_p00100_s250,50,100,250,5,0.9654334103831701,0.9725617644517134,0.9336325292145562,0.9901717490389664,0.9446559790511883,0.9520746194711653,0.886997363249612,0.9874714457825743,0.9245525270204892,0.9320190389678518,0.8426916348701464,0.9847785065392268,0.9869133416988859,0.04290245724093568,0.10246952764224262,1.0,0.0,5.3507854184089165,8.580454247076807,5.723306954309782,1.5424026840650822,5,1.0,True
high_y_side,6,6,"primary performance rank: descending mean moderate-penalty whole-grid cosine; then descending mean light-penalty and raw whole-grid cosine, descending support cosine, ascending leakage, descending minimum moderate score, then ascending B/P/S. light_penalty_rank applies the same deterministic rule with the light score first.",b100_p00100_s150,100,100,150,5,0.9629499431318266,0.9600055939824217,0.9333137830051568,0.9893884395928263,0.9406188174923079,0.9470447160573271,0.8761067371153098,0.988730069506462,0.9193103731663059,0.9342588208173774,0.8224061712100459,0.9880721375201941,0.9863613872863322,0.04624781569913699,0.10203200542367993,1.0,0.002,5.096654821814752,8.733274640724861,5.466349601004806,1.4791723802362062,5,1.0,True
high_y_side,7,7,"primary performance rank: descending mean moderate-penalty whole-grid cosine; then descending mean light-penalty and raw whole-grid cosine, descending support cosine, ascending leakage, descending minimum moderate score, then ascending B/P/S. light_penalty_rank applies the same deterministic rule with the light score first.",b010_p00100_s100,10,100,100,5,0.9593337791817511,0.971500907800192,0.9234242773001187,0.9860023575962468,0.937032536902452,0.9493821862594243,0.8952488419693453,0.9814290763654347,0.9153815285728804,0.9265463549168514,0.8679330928907025,0.9768770069512629,0.9823068173666343,0.04625078336061802,0.09410685641458258,1.0,0.006,4.873818372932947,7.721970257672851,3.1429282417658775,1.0839788782222353,5,1.0,True
high_y_side,8,8,"primary performance rank: descending mean moderate-penalty whole-grid cosine; then descending mean light-penalty and raw whole-grid cosine, descending support cosine, ascending leakage, descending minimum moderate score, then ascending B/P/S. light_penalty_rank applies the same deterministic rule with the light score first.",b050_p00100_s100,50,100,100,5,0.9615684209895046,0.9551212713103487,0.9340865727133767,0.9897792428111752,0.9369981206791721,0.9359543587499254,0.8815068201305502,0.9890711342702788,0.9134666173452773,0.9171720785373868,0.8318867829129069,0.9883635323248776,0.987230375485663,0.05087388373782009,0.09872110770549625,1.0,0.006,4.873818372932947,7.721970257672851,4.695052579255235,1.2572184340650512,5,1.0,True
high_y_side,9,9,"primary performance rank: descending mean moderate-penalty whole-grid cosine; then descending mean light-penalty and raw whole-grid cosine, descending support cosine, ascending leakage, descending minimum moderate score, then ascending B/P/S. light_penalty_rank applies the same deterministic rule with the light score first.",b100_p00100_s100,100,100,100,5,0.9604327572307355,0.9659432755533494,0.9327446425213953,0.9902619551137869,0.9360416893247001,0.9530881858364276,0.8842060659187801,0.9897030413960645,0.9127570083629806,0.9404041758669531,0.8365036845417685,0.9891444431348151,0.9859900365197515,0.05067330628066361,0.09890701803378761,1.0,0.006,4.873818372932947,7.721970257672851,5.244542395052444,1.3385808188437234,5,1.0,True
high_y_side,10,10,"primary performance rank: descending mean moderate-penalty whole-grid cosine; then descending mean light-penalty and raw whole-grid cosine, descending support cosine, ascending leakage, descending minimum moderate score, then ascending B/P/S. light_penalty_rank applies the same deterministic rule with the light score first.",b050_p01000_s250,50,1000,250,5,0.9545011470810723,0.976888463676331,0.8713405299567125,0.990745659619087,0.9317490094476548,0.9544812781658459,0.8048932170378831,0.9881330899493781,0.9101916845992797,0.9325880530317706,0.7435130911054689,0.9856628539497992,0.9785357018733777,0.04876672108822052,0.22638928778469564,1.0,0.0,16.868634772544176,87.53334935529136,19.20086748525498,5.384145992965352,5,1.0,True
high_y_side,11,11,"primary performance rank: descending mean moderate-penalty whole-grid cosine; then descending mean light-penalty and raw whole-grid cosine, descending support cosine, ascending leakage, descending minimum moderate score, then ascending B/P/S. light_penalty_rank applies the same deterministic rule with the light score first.",b010_p01000_s150,10,1000,150,5,0.9528448846523808,0.9637372967528024,0.8857122488322842,0.9899336072575372,0.929559962028689,0.9328157010119845,0.8278910473995205,0.9867956080362754,0.907300712529431,0.9120944972891016,0.773844538412905,0.9836675559862585,0.9772159036112769,0.04934822959780012,0.23487976267933847,1.0,0.0,16.64860808272369,84.30931041954943,14.56221239596863,5.1215563072912484,5,1.0,True
high_y_side,12,13,"primary performance rank: descending mean moderate-penalty whole-grid cosine; then descending mean light-penalty and raw whole-grid cosine, descending support cosine, ascending leakage, descending minimum moderate score, then ascending B/P/S. light_penalty_rank applies the same deterministic rule with the light score first.",b100_p01000_s150,100,1000,150,5,0.9532410861259344,0.9723488806338644,0.8747872199081382,0.9886622331843127,0.9289623017050079,0.9460530157750262,0.8052717643496542,0.9853491734160235,0.9059989565763591,0.9204682871374006,0.7412803933359936,0.9820472158873664,0.9789357729412963,0.051801791348930926,0.23166204541921614,1.0,0.0,16.64860808272369,84.30931041954943,18.48761756564908,4.9492400193473545,5,1.0,True
high_y_side,13,14,"primary performance rank: descending mean moderate-penalty whole-grid cosine; then descending mean light-penalty and raw whole-grid cosine, descending support cosine, ascending leakage, descending minimum moderate score, then ascending B/P/S. light_penalty_rank applies the same deterministic rule with the light score first.",b050_p01000_s150,50,1000,150,5,0.9525487459145534,0.9730482380280387,0.8705097253252566,0.9878900005658043,0.9282871518960849,0.947178862749751,0.7988972409161521,0.9845262105399141,0.905405116992626,0.921997248418079,0.7331759576895825,0.9811738743027368,0.9783003392508896,0.05193506379695125,0.231015095859766,1.0,0.0,16.64860808272369,84.30931041954943,17.753933004798466,4.92256420700115,5,1.0,True
high_y_side,14,15,"primary performance rank: descending mean moderate-penalty whole-grid cosine; then descending mean light-penalty and raw whole-grid cosine, descending support cosine, ascending leakage, descending minimum moderate score, then ascending B/P/S. light_penalty_rank applies the same deterministic rule with the light score first.",b100_p01000_s250,100,1000,250,5,0.9530601705295169,0.9714282044547164,0.8669358249604743,0.9914510838025085,0.9281485823926292,0.9437768293691153,0.7951419173880705,0.9889768703023751,0.9046608833611828,0.9169125413174488,0.7292935077592426,0.986508831320122,0.9795090970550515,0.05339110482354694,0.22562099657952786,1.0,0.0,16.868634772544176,87.53334935529136,20.18938095368873,5.382603018819488,5,1.0,True
high_y_side,15,16,"primary performance rank: descending mean moderate-penalty whole-grid cosine; then descending mean light-penalty and raw whole-grid cosine, descending support cosine, ascending leakage, descending minimum moderate score, then ascending B/P/S. light_penalty_rank applies the same deterministic rule with the light score first.",b100_p01000_s200,100,1000,200,5,0.9526909970941608,0.9732743570531108,0.8715515375492461,0.9886749195524345,0.927468084653157,0.9475594375538994,0.802086132708469,0.9847559721357918,0.9035997475552435,0.9225239329391539,0.7381573396018205,0.9808525587926352,0.9793705861430368,0.05387194331294441,0.22950745113193988,1.0,0.0,16.799202027055237,83.59508648118181,19.081367406609075,4.9600497840263476,5,1.0,True
high_y_side,16,12,"primary performance rank: descending mean moderate-penalty whole-grid cosine; then descending mean light-penalty and raw whole-grid cosine, descending support cosine, ascending leakage, descending minimum moderate score, then ascending B/P/S. light_penalty_rank applies the same deterministic rule with the light score first.",b050_p00100_s150,50,100,150,5,0.956815039552979,0.9614376613554941,0.9181052392430855,0.9926498979364851,0.9291440324247795,0.9453101898071912,0.8619198429795542,0.9911753757048629,0.9030165185235332,0.9294532457709627,0.8015140232488478,0.9897030437880898,0.9861331347590377,0.057845451260382555,0.1053740649484098,1.0,0.002,5.096654821814752,8.733274640724861,5.211638919493059,1.5019242462093998,5,1.0,True
high_y_side,17,17,"primary performance rank: descending mean moderate-penalty whole-grid cosine; then descending mean light-penalty and raw whole-grid cosine, descending support cosine, ascending leakage, descending minimum moderate score, then ascending B/P/S. light_penalty_rank applies the same deterministic rule with the light score first.",b010_p01000_s100,10,1000,100,5,0.9524595961089611,0.9621085323661809,0.906048552815489,0.9920781584685777,0.9270218019725631,0.9262639703830228,0.8561484100312888,0.9885323445357949,0.9026545704757936,0.8917548425848255,0.8089964911056732,0.9849992037944726,0.9790197577559342,0.053453330589850565,0.24507849402725695,1.0,0.0,15.142689171201715,74.67527154015592,12.684516444144169,4.436877474417783,5,1.0,True
high_y_side,18,18,"primary performance rank: descending mean moderate-penalty whole-grid cosine; then descending mean light-penalty and raw whole-grid cosine, descending support cosine, ascending leakage, descending minimum moderate score, then ascending B/P/S. light_penalty_rank applies the same deterministic rule with the light score first.",b010_p01000_s250,10,1000,250,5,0.9499934031899935,0.9717447822512234,0.8558951517856007,0.9940950951564446,0.9247516439581256,0.9444328110844786,0.7772368632736291,0.9935558538435864,0.901165862984102,0.917888473336135,0.7058074115399997,0.9930169050391561,0.9770428298240322,0.05461629163979259,0.22859624626114963,1.0,0.0,16.868634772544176,87.53334935529136,17.219936773039787,5.88558017955261,5,1.0,True
high_y_side,19,20,"primary performance rank: descending mean moderate-penalty whole-grid cosine; then descending mean light-penalty and raw whole-grid cosine, descending support cosine, ascending leakage, descending minimum moderate score, then ascending B/P/S. light_penalty_rank applies the same deterministic rule with the light score first.",b050_p01000_s200,50,1000,200,5,0.9500167010622992,0.9697290118908959,0.8654742299352293,0.9883335762897518,0.9236541783493395,0.9409494825100649,0.7948842461757001,0.9841015406722922,0.8987417755085755,0.9130240693835957,0.7300517369137576,0.9798876265938525,0.9779399795623,0.05649544402971517,0.23056422024965287,1.0,0.0,16.799202027055237,83.59508648118181,19.685640803134007,5.1595908483699215,5,1.0,True
high_y_side,20,19,"primary performance rank: descending mean moderate-penalty whole-grid cosine; then descending mean light-penalty and raw whole-grid cosine, descending support cosine, ascending leakage, descending minimum moderate score, then ascending B/P/S. light_penalty_rank applies the same deterministic rule with the light score first.",b010_p01000_s200,10,1000,200,5,0.9508865675154146,0.9768404983982087,0.8681103762173454,0.9862492573658462,0.9239987837585467,0.9568262155740184,0.7914208298986919,0.9821078795193273,0.8987323394020909,0.9372220012488548,0.7215060977922445,0.9789917998516913,0.979534277011239,0.057594832066789184,0.2296154282987118,1.0,0.0,16.799202027055237,83.59508648118181,15.442951974154,5.7237152796961634,5,1.0,True
high_y_side,21,22,"primary performance rank: descending mean moderate-penalty whole-grid cosine; then descending mean light-penalty and raw whole-grid cosine, descending support cosine, ascending leakage, descending minimum moderate score, then ascending B/P/S. light_penalty_rank applies the same deterministic rule with the light score first.",b500_p01000_s100,500,1000,100,5,0.9486815614597113,0.9534543940990291,0.8738274662591298,0.985900910417512,0.9219807728952596,0.9306690749306933,0.8082534844502984,0.9822248707873452,0.89672537283693,0.9146966690319218,0.7476003219751429,0.9785625376739487,0.9769276949104515,0.05684539757596169,0.24922943562269212,1.0,0.0,15.142689171201715,74.67527154015592,17.4088368375046,4.453755490991363,5,1.0,True
high_y_side,22,23,"primary performance rank: descending mean moderate-penalty whole-grid cosine; then descending mean light-penalty and raw whole-grid cosine, descending support cosine, ascending leakage, descending minimum moderate score, then ascending B/P/S. light_penalty_rank applies the same deterministic rule with the light score first.",b100_p01000_s100,100,1000,100,5,0.9481908400048203,0.9510662734149298,0.8744686602456924,0.986031409174799,0.9212718976226991,0.9299563389545714,0.8093894799297623,0.9828923122562035,0.8958228398925018,0.9137129282279433,0.7491535832020666,0.9797632088625329,0.9766806677124059,0.05730004242807477,0.24882939644157887,1.0,0.0,15.142689171201715,74.67527154015592,16.439526123837947,4.516021677921843,5,1.0,True
high_y_side,23,21,"primary performance rank: descending mean moderate-penalty whole-grid cosine; then descending mean light-penalty and raw whole-grid cosine, descending support cosine, ascending leakage, descending minimum moderate score, then ascending B/P/S. light_penalty_rank applies the same deterministic rule with the light score first.",b050_p00100_s050,50,100,50,5,0.9532523973398537,0.9718075920659828,0.8881837996922493,0.9800072858392164,0.922024878734665,0.9582060366077357,0.7904877853706285,0.9767950119926897,0.8933090253212521,0.9447948504287518,0.7035378702433832,0.9758868243766209,0.9872714120051433,0.06562497445818763,0.09687382963020355,1.0,0.0,4.224712563916552,6.329472698702732,3.7104185787547665,1.0733897929122818,5,1.0,True
high_y_side,24,24,"primary performance rank: descending mean moderate-penalty whole-grid cosine; then descending mean light-penalty and raw whole-grid cosine, descending support cosine, ascending leakage, descending minimum moderate score, then ascending B/P/S. light_penalty_rank applies the same deterministic rule with the light score first.",b050_p01000_s100,50,1000,100,5,0.946976925554682,0.9455734015879531,0.8730957225437992,0.989392306067294,0.9186308948169127,0.9253050264387968,0.8075969687927423,0.9861655024110203,0.8918843744972431,0.9069286601169542,0.7470118649796811,0.9829492226508516,0.9770339379981181,0.06036802867674793,0.2507791016250849,1.0,0.0,15.142689171201715,74.67527154015592,15.546410944014943,4.467695420656577,5,1.0,True
high_y_side,25,26,"primary performance rank: descending mean moderate-penalty whole-grid cosine; then descending mean light-penalty and raw whole-grid cosine, descending support cosine, ascending leakage, descending minimum moderate score, then ascending B/P/S. light_penalty_rank applies the same deterministic rule with the light score first.",b100_p01000_s050,100,1000,50,5,0.9415582255224392,0.9472967722196882,0.86861658596642,0.9831183915162631,0.9123730353343144,0.9332849238106078,0.8063346918245596,0.9806191501150229,0.8849868786919777,0.9194803302994609,0.7485185589870176,0.9781262621780609,0.9726748606252581,0.06243330243938827,0.28096944659948353,1.0,0.0,13.045632697738956,57.40904266139353,13.0956898499087,3.6352297499343855,5,1.0,True
high_y_side,26,28,"primary performance rank: descending mean moderate-penalty whole-grid cosine; then descending mean light-penalty and raw whole-grid cosine, descending support cosine, ascending leakage, descending minimum moderate score, then ascending B/P/S. light_penalty_rank applies the same deterministic rule with the light score first.",b050_p01000_s050,50,1000,50,5,0.9398705236175304,0.9468110016390439,0.8621158900032186,0.9813096801925663,0.9108075837271299,0.9332113407235579,0.799246318227578,0.9784166000766862,0.8835462006975764,0.9198070205642483,0.7409614932372421,0.9755320492892393,0.970868471437571,0.0624260071063925,0.2820385974645615,1.0,0.0,13.045632697738956,57.40904266139353,12.849538423289891,3.6339670688067542,5,1.0,True
high_y_side,27,25,"primary performance rank: descending mean moderate-penalty whole-grid cosine; then descending mean light-penalty and raw whole-grid cosine, descending support cosine, ascending leakage, descending minimum moderate score, then ascending B/P/S. light_penalty_rank applies the same deterministic rule with the light score first.",b100_p00100_s050,100,100,50,5,0.9475557665101201,0.9555638945489004,0.8836906029759279,0.9839253272516831,0.9140845653966616,0.9385697777257056,0.7884505780850429,0.9829488788344546,0.8832274210493001,0.9218778908300415,0.7034750759928273,0.9819733994455507,0.9839167855851112,0.07069508708680416,0.1042815207503736,1.0,0.0,4.224712563916552,6.329472698702732,4.084476984006481,1.1139600810698362,5,1.0,True
high_y_side,28,27,"primary performance rank: descending mean moderate-penalty whole-grid cosine; then descending mean light-penalty and raw whole-grid cosine, descending support cosine, ascending leakage, descending minimum moderate score, then ascending B/P/S. light_penalty_rank applies the same deterministic rule with the light score first.",b050_p02500_s250,50,2500,250,5,0.9417167995390873,0.9556691594145031,0.8539300255679202,0.9878890001445026,0.910994822592739,0.9135039644542785,0.7877857959537836,0.9841997307641185,0.8819267639278312,0.8731991451779599,0.726765006176931,0.9805242389524278,0.9742050093639602,0.06592569629581176,0.2606428634375334,1.0,0.0,27.487792519403676,231.54921058472087,30.655303545278098,8.329004933527457,5,1.0,True
high_y_side,29,29,"primary performance rank: descending mean moderate-penalty whole-grid cosine; then descending mean light-penalty and raw whole-grid cosine, descending support cosine, ascending leakage, descending minimum moderate score, then ascending B/P/S. light_penalty_rank applies the same deterministic rule with the light score first.",b010_p01000_s050,10,1000,50,5,0.9393584293905469,0.9487282028387384,0.8388432903863674,0.9889752959382264,0.9093839420460768,0.9134879308322921,0.7633170140192113,0.9875569474211435,0.8813395394519979,0.8929254414567794,0.694590837846289,0.9861406330423492,0.971424433514127,0.06517356360930454,0.28283820748329164,1.0,0.0,13.045632697738956,57.40904266139353,11.117189386497293,3.7949571399396027,5,1.0,True
high_y_side,30,30,"primary performance rank: descending mean moderate-penalty whole-grid cosine; then descending mean light-penalty and raw whole-grid cosine, descending support cosine, ascending leakage, descending minimum moderate score, then ascending B/P/S. light_penalty_rank applies the same deterministic rule with the light score first.",b100_p02500_s250,100,2500,250,5,0.9393234784093293,0.9541936341961355,0.8474112447274034,0.987161296586754,0.9071801337749384,0.9105868009997876,0.7775356013804621,0.9828134897525784,0.876868348000705,0.8689728084945393,0.7134217479124355,0.9784848321945471,0.9734314904133059,0.06919563391945509,0.260078801587224,1.0,0.0,27.487792519403676,231.54921058472087,32.634915029028875,8.426867426914423,5,1.0,True
high_y_side,31,31,"primary performance rank: descending mean moderate-penalty whole-grid cosine; then descending mean light-penalty and raw whole-grid cosine, descending support cosine, ascending leakage, descending minimum moderate score, then ascending B/P/S. light_penalty_rank applies the same deterministic rule with the light score first.",b100_p02500_s150,100,2500,150,5,0.9370461222892998,0.9471885740665666,0.8497140716894365,0.9841212842349121,0.9049177485170178,0.9005378639604638,0.7806721769070978,0.9804914804978552,0.8746626511434087,0.8699446115079501,0.7172401494836201,0.9768750648211731,0.9711837989865455,0.0691551729807457,0.27445596605539324,1.0,0.0,25.5963940895332,215.10286134647527,30.40307294676658,7.768004326550607,5,1.0,True
high_y_side,32,32,"primary performance rank: descending mean moderate-penalty whole-grid cosine; then descending mean light-penalty and raw whole-grid cosine, descending support cosine, ascending leakage, descending minimum moderate score, then ascending B/P/S. light_penalty_rank applies the same deterministic rule with the light score first.",b050_p02500_s150,50,2500,150,5,0.9371889381449172,0.9475251325695401,0.8506639500664153,0.984661223710881,0.9045263273541819,0.897903278504545,0.7805673184815525,0.9809890067771533,0.873791691079165,0.8635491307780755,0.7162468077246152,0.9773304850889412,0.9719211050386034,0.07027931759526232,0.27271371707320213,1.0,0.0,25.5963940895332,215.10286134647527,28.139762182554385,7.435349957430484,5,1.0,True
high_y_side,33,33,"primary performance rank: descending mean moderate-penalty whole-grid cosine; then descending mean light-penalty and raw whole-grid cosine, descending support cosine, ascending leakage, descending minimum moderate score, then ascending B/P/S. light_penalty_rank applies the same deterministic rule with the light score first.",b050_p02500_s200,50,2500,200,5,0.934483541487525,0.9510044207121003,0.8382465576146176,0.9855295959298741,0.8995940755407265,0.9045394767783119,0.7655950681031599,0.9815646411471585,0.866846902993878,0.8603447546939168,0.6992403404218417,0.977615638058328,0.9716788090199795,0.07550293422520442,0.26499723829329014,1.0,0.0,26.459825435901337,226.84010187155826,31.534635874120873,8.467835560236843,5,1.0,True
high_y_side,34,34,"primary performance rank: descending mean moderate-penalty whole-grid cosine; then descending mean light-penalty and raw whole-grid cosine, descending support cosine, ascending leakage, descending minimum moderate score, then ascending B/P/S. light_penalty_rank applies the same deterministic rule with the light score first.",b100_p02500_s200,100,2500,200,5,0.9334972883303712,0.9501118597660015,0.8354220786210895,0.9854021284271635,0.898528552273089,0.9027962022539255,0.7618850459910694,0.9813558145790047,0.8657352436995914,0.8578368688133663,0.6948210230006249,0.9773261159331935,0.9708104066798899,0.07579063026452101,0.2654726737178862,1.0,0.0,26.459825435901337,226.84010187155826,31.27673230754716,8.343405029540454,5,1.0,True
high_y_side,35,35,"primary performance rank: descending mean moderate-penalty whole-grid cosine; then descending mean light-penalty and raw whole-grid cosine, descending support cosine, ascending leakage, descending minimum moderate score, then ascending B/P/S. light_penalty_rank applies the same deterministic rule with the light score first.",b010_p00100_s250,10,100,250,5,0.9349863669990006,0.9351518839728272,0.8929686680880334,0.9714684019705162,0.8980102948032368,0.919649397804355,0.828718075666139,0.9705213876493075,0.8635018498778912,0.9044039041966875,0.7607756948335967,0.9695752965039044,0.974634272705347,0.07819944164763001,0.08565587349439738,1.0,0.0,5.3507854184089165,8.580454247076807,4.81383614882215,1.7399634260326178,5,1.0,True
high_y_side,36,36,"primary performance rank: descending mean moderate-penalty whole-grid cosine; then descending mean light-penalty and raw whole-grid cosine, descending support cosine, ascending leakage, descending minimum moderate score, then ascending B/P/S. light_penalty_rank applies the same deterministic rule with the light score first.",b010_p00100_s050,10,100,50,5,0.9233130082672139,0.951218371677502,0.7749043712143405,0.9854596813610034,0.8760005333573853,0.9486364454327474,0.6008695557574057,0.9774630756917569,0.8369391244235176,0.9460615274032795,0.46592100451093765,0.9695313592345594,0.9811606678591636,0.10560267255033669,0.10541486768051982,1.0,0.0,4.224712563916552,6.329472698702732,3.07442340718028,1.0694170001959875,5,1.0,True
high_y_side,37,37,"primary performance rank: descending mean moderate-penalty whole-grid cosine; then descending mean light-penalty and raw whole-grid cosine, descending support cosine, ascending leakage, descending minimum moderate score, then ascending B/P/S. light_penalty_rank applies the same deterministic rule with the light score first.",b010_p00100_s150,10,100,150,5,0.9219144340706913,0.9805268581736059,0.7560937372373446,0.9881291126591977,0.868326365696715,0.9666649861946792,0.6025894189928447,0.9790085569863977,0.8227279222488182,0.9512733710597719,0.4802499875331587,0.9757806549516691,0.9852617419294095,0.12074685855258224,0.09706930965185165,1.0,0.002,5.096654821814752,8.733274640724861,4.348249483331329,1.5355820291884241,5,1.0,True
high_y_side,38,38,"primary performance rank: descending mean moderate-penalty whole-grid cosine; then descending mean light-penalty and raw whole-grid cosine, descending support cosine, ascending leakage, descending minimum moderate score, then ascending B/P/S. light_penalty_rank applies the same deterministic rule with the light score first.",b050_p10000_s050,50,10000,50,5,0.8796037088355707,0.8653071390908627,0.8021129683245428,0.9756211737844657,0.8183374675278762,0.7829686154622783,0.7086984465433867,0.9693556537535918,0.7639806783905305,0.7084650352509618,0.6048180759477797,0.9631303714115996,0.9487583119107488,0.13798901384119328,0.4102603363245724,1.0,0.0,41.79412046265632,610.0782113972318,43.446918837740995,11.8370701809508,5,1.0,True
high_y_side,39,40,"primary performance rank: descending mean moderate-penalty whole-grid cosine; then descending mean light-penalty and raw whole-grid cosine, descending support cosine, ascending leakage, descending minimum moderate score, then ascending B/P/S. light_penalty_rank applies the same deterministic rule with the light score first.",b100_p10000_s050,100,10000,50,5,0.8779473730227318,0.8660717403185869,0.8005403161044485,0.9745883401047531,0.8160464432762309,0.78374826901984,0.7008104629085504,0.9681182899175844,0.7612567287237979,0.7092499623248734,0.594815365270627,0.9616911927883396,0.947997374687926,0.13963008959974857,0.4110755565762518,1.0,0.0,41.79412046265632,610.0782113972318,44.96402612453378,12.128510952282737,5,1.0,True
high_y_side,40,39,"primary performance rank: descending mean moderate-penalty whole-grid cosine; then descending mean light-penalty and raw whole-grid cosine, descending support cosine, ascending leakage, descending minimum moderate score, then ascending B/P/S. light_penalty_rank applies the same deterministic rule with the light score first.",b010_p10000_s050,10,10000,50,5,0.8787173764729997,0.8658706379299946,0.8039829295208483,0.9737351808922233,0.8163366239068687,0.7840239034357154,0.6971619717288328,0.9670874813766891,0.761155469085417,0.7099137610533846,0.5896897658942749,0.9604851657701642,0.9493657149164763,0.1405283258203172,0.40724203754216404,1.0,0.0,41.79412046265632,610.0782113972318,40.29080300646335,13.721418494705949,5,1.0,True
high_y_side,41,41,"primary performance rank: descending mean moderate-penalty whole-grid cosine; then descending mean light-penalty and raw whole-grid cosine, descending support cosine, ascending leakage, descending minimum moderate score, then ascending B/P/S. light_penalty_rank applies the same deterministic rule with the light score first.",b050_p10000_s150,50,10000,150,5,0.8761463632426562,0.8298452782275743,0.8097338589682893,0.9823858194641627,0.8034054078371394,0.7212785382441591,0.686991178197558,0.9769731201883065,0.7405545037974507,0.6269153339557365,0.5715999237293168,0.9715902435268148,0.9604668236316481,0.16367519437610634,0.349787577278912,1.0,0.0,51.46829920681763,833.8071831172878,51.8486293368019,14.225188171877457,5,1.0,True
high_y_side,42,42,"primary performance rank: descending mean moderate-penalty whole-grid cosine; then descending mean light-penalty and raw whole-grid cosine, descending support cosine, ascending leakage, descending minimum moderate score, then ascending B/P/S. light_penalty_rank applies the same deterministic rule with the light score first.",b050_p10000_s200,50,10000,200,5,0.8763565276001349,0.8487735769127485,0.8054756106569889,0.9797554071275947,0.8027114466158899,0.7511634384474216,0.6526846227842282,0.9710909265794184,0.739235771725723,0.6647786012760813,0.528876617966774,0.9625030704852882,0.9620783873374339,0.16525180888919672,0.34032085314393046,1.0,0.0,52.747814520816895,881.6449460342513,57.92302340397064,15.911616507091221,5,1.0,True
high_y_side,43,43,"primary performance rank: descending mean moderate-penalty whole-grid cosine; then descending mean light-penalty and raw whole-grid cosine, descending support cosine, ascending leakage, descending minimum moderate score, then ascending B/P/S. light_penalty_rank applies the same deterministic rule with the light score first.",b010_p10000_s150,10,10000,150,5,0.8754343189191559,0.8309256915707256,0.8100308208824964,0.9828909825102659,0.8023158956307453,0.7230911007828286,0.6811619917386629,0.9764886079059529,0.7391623728991314,0.6292509009354882,0.5645156243545723,0.9701279372152004,0.9602416246373305,0.1645973371202648,0.34882929280400277,1.0,0.0,51.46829920681763,833.8071831172878,37.40409346548556,13.044405729636333,5,1.0,True
high_y_side,44,44,"primary performance rank: descending mean moderate-penalty whole-grid cosine; then descending mean light-penalty and raw whole-grid cosine, descending support cosine, ascending leakage, descending minimum moderate score, then ascending B/P/S. light_penalty_rank applies the same deterministic rule with the light score first.",b100_p10000_s150,100,10000,150,5,0.8749296851422634,0.8277514125503228,0.8082395196328981,0.9824885211118894,0.8013964871051295,0.7179439919036915,0.6805676845196703,0.9772970744206345,0.7380398884938504,0.625261693139615,0.5634175652235665,0.9721330592139913,0.960419845713498,0.16572622530932296,0.34944822248071433,1.0,0.0,51.46829920681763,833.8071831172878,56.38858948705952,15.009649258190674,5,1.0,True
high_y_side,45,45,"primary performance rank: descending mean moderate-penalty whole-grid cosine; then descending mean light-penalty and raw whole-grid cosine, descending support cosine, ascending leakage, descending minimum moderate score, then ascending B/P/S. light_penalty_rank applies the same deterministic rule with the light score first.",b100_p10000_s200,100,10000,200,5,0.8753954437060546,0.8480372120587089,0.8022641168343845,0.9802849095731596,0.8012912888820459,0.7490831703002607,0.6481553778794791,0.9716276434564173,0.7375381388959501,0.6616756765483107,0.5236497371112198,0.9630468329250705,0.9618212474139854,0.1665516164016822,0.3393737613037228,1.0,0.0,52.747814520816895,881.6449460342513,58.13943643381292,16.063402792096987,5,1.0,True
high_y_side,46,46,"primary performance rank: descending mean moderate-penalty whole-grid cosine; then descending mean light-penalty and raw whole-grid cosine, descending support cosine, ascending leakage, descending minimum moderate score, then ascending B/P/S. light_penalty_rank applies the same deterministic rule with the light score first.",b010_p10000_s200,10,10000,200,5,0.8737931519694971,0.8502485285011709,0.8005298995717332,0.9816896337601384,0.7976727179507712,0.7527174423784638,0.6434643280676479,0.9740850021999534,0.7324572399434074,0.666374041316551,0.5172153366377142,0.9665392797075404,0.9629493539678167,0.17129698525547793,0.33972762279212476,1.0,0.0,52.747814520816895,881.6449460342513,44.8537553104783,15.567363019600023,5,1.0,True
high_y_side,47,47,"primary performance rank: descending mean moderate-penalty whole-grid cosine; then descending mean light-penalty and raw whole-grid cosine, descending support cosine, ascending leakage, descending minimum moderate score, then ascending B/P/S. light_penalty_rank applies the same deterministic rule with the light score first.",b100_p10000_s250,100,10000,250,5,0.872297840854387,0.8512333003143996,0.7922781827308958,0.9818485176545058,0.7946863969997239,0.7556934794484841,0.6335258418169321,0.9746940574524068,0.7288702262272411,0.670876755726113,0.5058303881765234,0.9675917298347779,0.9641218465355971,0.175983126961706,0.32488362997770304,1.0,0.0,54.05776905443632,902.7544216111846,61.864128236329655,16.342474070226256,5,1.0,True
high_y_side,48,48,"primary performance rank: descending mean moderate-penalty whole-grid cosine; then descending mean light-penalty and raw whole-grid cosine, descending support cosine, ascending leakage, descending minimum moderate score, then ascending B/P/S. light_penalty_rank applies the same deterministic rule with the light score first.",b010_p10000_s250,10,10000,250,5,0.8718219693027855,0.8483674753490356,0.7893789139188121,0.9792963666021195,0.7942382282665168,0.7477768168120882,0.6499819916336828,0.972200305538556,0.7281259392506807,0.6591131602865435,0.525848186967496,0.9651556631101831,0.9631050159202343,0.17558075752028196,0.32566842988133426,1.0,0.0,54.05776905443632,902.7544216111846,46.00460618199772,15.140710313823494,5,1.0,True
high_y_side,49,49,"primary performance rank: descending mean moderate-penalty whole-grid cosine; then descending mean light-penalty and raw whole-grid cosine, descending support cosine, ascending leakage, descending minimum moderate score, then ascending B/P/S. light_penalty_rank applies the same deterministic rule with the light score first.",b050_p10000_s250,50,10000,250,5,0.8716149418216524,0.8490427240299999,0.7919595178787293,0.9812232576011755,0.7939558371529408,0.751799088729596,0.6350833196504363,0.9734182159486933,0.7280041767453247,0.6656930844797868,0.5077627450410738,0.965675258714538,0.9633600573380603,0.1761108752109432,0.3256074894592166,1.0,0.0,54.05776905443632,902.7544216111846,58.23642138191808,16.32905985437121,5,1.0,True
high_y_side,50,52,"primary performance rank: descending mean moderate-penalty whole-grid cosine; then descending mean light-penalty and raw whole-grid cosine, descending support cosine, ascending leakage, descending minimum moderate score, then ascending B/P/S. light_penalty_rank applies the same deterministic rule with the light score first.",b010_p10000_s100,10,10000,100,5,0.8607393371040917,0.8511916194561775,0.7338054252119747,0.9824751236415528,0.7823525633540366,0.7550228840110939,0.5500978223482965,0.9778349606866455,0.7175740503838836,0.6697194172854264,0.4123812713226038,0.9732167129046826,0.9563738460085999,0.1819547188798154,0.3707123134285211,1.0,0.0,47.78306864006725,774.6178387037278,30.15977306392158,11.03103001398998,5,1.0,True
high_y_side,51,50,"primary performance rank: descending mean moderate-penalty whole-grid cosine; then descending mean light-penalty and raw whole-grid cosine, descending support cosine, ascending leakage, descending minimum moderate score, then ascending B/P/S. light_penalty_rank applies the same deterministic rule with the light score first.",b050_p10000_s100,50,10000,100,5,0.8614827094978607,0.845198092110366,0.7495845588161995,0.9821631546418719,0.7829504054804525,0.7451654169837791,0.5728897854573901,0.97669652618903,0.7175589776188482,0.6569720209402722,0.43784614080062817,0.9712603244799528,0.9563799601111567,0.18145110738853348,0.3706988684274256,1.0,0.0,47.78306864006725,774.6178387037278,47.829006600994674,13.168650630522194,5,1.0,True
high_y_side,52,51,"primary performance rank: descending mean moderate-penalty whole-grid cosine; then descending mean light-penalty and raw whole-grid cosine, descending support cosine, ascending leakage, descending minimum moderate score, then ascending B/P/S. light_penalty_rank applies the same deterministic rule with the light score first.",b100_p10000_s100,100,10000,100,5,0.8609611709289015,0.8436716727238242,0.7524586615869884,0.9812985146136105,0.7826389766287469,0.74416588570728,0.5776364073457566,0.9760688674667477,0.7173167975625813,0.65639618272662,0.44343142836257915,0.9708670907475615,0.9554126093269076,0.18097919992744363,0.3695197612419724,1.0,0.0,47.78306864006725,774.6178387037278,55.07633680496053,14.630301279469416,5,1.0,True
low_y_side,1,2,"primary performance rank: descending mean moderate-penalty whole-grid cosine; then descending mean light-penalty and raw whole-grid cosine, descending support cosine, ascending leakage, descending minimum moderate score, then ascending B/P/S. light_penalty_rank applies the same deterministic rule with the light score first.",b100_p00100_s100,100,100,100,5,0.9532086697692085,0.9635793862102826,0.9207160171144821,0.9829692487621194,0.9508080898715683,0.9614963084529345,0.9143912539922582,0.9812125789414878,0.9484181303512946,0.9594177339186787,0.908109938173881,0.9794590484752791,0.9556199337045046,0.005096035968239735,0.10517262482826481,1.0,0.0,4.651287806440298,6.777597709243322,5.163236297332466,1.3543356548190337,5,1.0,True
low_y_side,2,1,"primary performance rank: descending mean moderate-penalty whole-grid cosine; then descending mean light-penalty and raw whole-grid cosine, descending support cosine, ascending leakage, descending minimum moderate score, then ascending B/P/S. light_penalty_rank applies the same deterministic rule with the light score first.",b050_p00100_s100,50,100,100,5,0.9545824938152794,0.9681489788184626,0.9274572671690198,0.9781105437212272,0.951321331804938,0.9649794712276233,0.9184103875379818,0.9762921960621815,0.9480811200357161,0.961820339910052,0.9094517556720493,0.97447722878609,0.9578647886731588,0.006886941058707402,0.10227778068801854,1.0,0.0,4.651287806440298,6.777597709243322,5.0534842310141785,1.3635910226030874,5,1.0,True
low_y_side,3,4,"primary performance rank: descending mean moderate-penalty whole-grid cosine; then descending mean light-penalty and raw whole-grid cosine, descending support cosine, ascending leakage, descending minimum moderate score, then ascending B/P/S. light_penalty_rank applies the same deterministic rule with the light score first.",b100_p00100_s200,100,100,200,5,0.9513287440212954,0.9632505074628668,0.9021890499897347,0.9874969102847542,0.948995751284199,0.9628818389150438,0.8945442066957168,0.9870608478240028,0.946676874505562,0.9625133114691429,0.8869641432047686,0.9866249779212917,0.9536759653409923,0.0050518077564439875,0.10555095380521377,1.0,0.0,5.0544475030307074,8.707540961310752,5.5932854183052045,1.499067459113677,5,1.0,True
low_y_side,4,3,"primary performance rank: descending mean moderate-penalty whole-grid cosine; then descending mean light-penalty and raw whole-grid cosine, descending support cosine, ascending leakage, descending minimum moderate score, then ascending B/P/S. light_penalty_rank applies the same deterministic rule with the light score first.",b100_p00100_s150,100,100,150,5,0.9536879010543112,0.9656752808921211,0.9039087560232296,0.9832350455250174,0.9497273746344245,0.9638192683387888,0.8911560550397719,0.9821941528197184,0.9458063452966405,0.9619668230121076,0.8785832741879533,0.9811543620458741,0.9576884501387142,0.008543724814033354,0.09881942652864381,1.0,0.002,4.891501901781919,7.832921359469223,5.675090426853047,1.462368728242264,5,1.0,True
low_y_side,5,6,"primary performance rank: descending mean moderate-penalty whole-grid cosine; then descending mean light-penalty and raw whole-grid cosine, descending support cosine, ascending leakage, descending minimum moderate score, then ascending B/P/S. light_penalty_rank applies the same deterministic rule with the light score first.",b050_p00100_s150,50,100,150,5,0.9501166711784252,0.9667434166826511,0.9000155504580265,0.9793801641468488,0.9473019839511805,0.9658393863434024,0.8918266992268383,0.9780573401620467,0.9445042492787931,0.9649362013896409,0.8837123548021742,0.9767363028821001,0.9529484518267696,0.006079294534963424,0.09631692724535242,1.0,0.002,4.891501901781919,7.832921359469223,5.144765562187013,1.4410220120398585,5,1.0,True
low_y_side,6,5,"primary performance rank: descending mean moderate-penalty whole-grid cosine; then descending mean light-penalty and raw whole-grid cosine, descending support cosine, ascending leakage, descending minimum moderate score, then ascending B/P/S. light_penalty_rank applies the same deterministic rule with the light score first.",b010_p00100_s200,10,100,200,5,0.9513646792112856,0.9582676670811355,0.8791604251520501,0.9945139419488385,0.9474152056666331,0.9577994488256377,0.8702770707709498,0.9927643971237584,0.9434957590196655,0.9573314593458175,0.861483477010099,0.9910179300907191,0.955344448282679,0.008460265986592094,0.11461287239799275,1.0,0.0,5.0544475030307074,8.707540961310752,4.112651223546941,1.4466072124193192,5,1.0,True
low_y_side,7,8,"primary performance rank: descending mean moderate-penalty whole-grid cosine; then descending mean light-penalty and raw whole-grid cosine, descending support cosine, ascending leakage, descending minimum moderate score, then ascending B/P/S. light_penalty_rank applies the same deterministic rule with the light score first.",b050_p00100_s200,50,100,200,5,0.9472231415765746,0.9684165167272312,0.870602193076965,0.9917127819808913,0.9441171809603327,0.9680987468088689,0.8611721275427268,0.9911971477218142,0.941034744765393,0.9677810811614679,0.8518442052567909,0.9906817815632335,0.9503528593319398,0.006845447840410622,0.10793556680437177,1.0,0.0,5.0544475030307074,8.707540961310752,5.143822336163017,1.4600935060344193,5,1.0,True
low_y_side,8,9,"primary performance rank: descending mean moderate-penalty whole-grid cosine; then descending mean light-penalty and raw whole-grid cosine, descending support cosine, ascending leakage, descending minimum moderate score, then ascending B/P/S. light_penalty_rank applies the same deterministic rule with the light score first.",b010_p00100_s100,10,100,100,5,0.9445768556861329,0.9564663350125687,0.8924731802040385,0.9893783581696067,0.942648227792511,0.9562800713852081,0.8916450355454725,0.9828492337849308,0.940728847737432,0.9560938440310938,0.8908176593397751,0.9763631965214543,0.9465147893357807,0.003972482550380484,0.08645740863139509,1.0,0.0,4.651287806440298,6.777597709243322,3.0756109484204974,1.0765332382862944,5,1.0,True
low_y_side,9,7,"primary performance rank: descending mean moderate-penalty whole-grid cosine; then descending mean light-penalty and raw whole-grid cosine, descending support cosine, ascending leakage, descending minimum moderate score, then ascending B/P/S. light_penalty_rank applies the same deterministic rule with the light score first.",b050_p00100_s050,50,100,50,5,0.9532679172911772,0.9614908630628566,0.906286763078222,0.9790489363626024,0.9452561288960816,0.9600435452336822,0.8769038273847598,0.9776705570495853,0.937443458535685,0.9585984060304097,0.8484735227404743,0.976294118323458,0.961485252090128,0.01720277809889947,0.09303205944830552,1.0,0.002,4.334771168727668,6.351484205775336,4.407576480219003,1.2338461524791633,5,1.0,True
low_y_side,10,11,"primary performance rank: descending mean moderate-penalty whole-grid cosine; then descending mean light-penalty and raw whole-grid cosine, descending support cosine, ascending leakage, descending minimum moderate score, then ascending B/P/S. light_penalty_rank applies the same deterministic rule with the light score first.",b100_p00100_s250,100,100,250,5,0.9472134673944226,0.96121195561052,0.8904829554858671,0.9919848352253634,0.9410194699161046,0.9606567730539735,0.8676857187528565,0.9898472352530565,0.9349471064310405,0.9601019111630921,0.8454721136317248,0.9877142415342721,0.9535321834075339,0.013478919148641407,0.1045036845622235,1.0,0.0,5.077406157965854,9.871071014902187,6.0146877019816625,1.6029366429165939,5,1.0,True
low_y_side,11,10,"primary performance rank: descending mean moderate-penalty whole-grid cosine; then descending mean light-penalty and raw whole-grid cosine, descending support cosine, ascending leakage, descending minimum moderate score, then ascending B/P/S. light_penalty_rank applies the same deterministic rule with the light score first.",b100_p00100_s050,100,100,50,5,0.95074917055661,0.9669207408841411,0.9064557338077931,0.9784056996677379,0.9420245141634508,0.9652596422884374,0.8792198744424918,0.9771947509104983,0.9334959122350257,0.9635638014150395,0.8528023584421229,0.9759853009148596,0.9596753591620694,0.018746964070928306,0.093128229258582,1.0,0.002,4.334771168727668,6.351484205775336,4.533955437976118,1.221617563027913,5,1.0,True
low_y_side,12,12,"primary performance rank: descending mean moderate-penalty whole-grid cosine; then descending mean light-penalty and raw whole-grid cosine, descending support cosine, ascending leakage, descending minimum moderate score, then ascending B/P/S. light_penalty_rank applies the same deterministic rule with the light score first.",b010_p00100_s150,10,100,150,5,0.9479626458740198,0.9658980629116677,0.8940135769510142,0.9721079678161044,0.9389912893989882,0.9465986253304687,0.8846797132661819,0.9681194705304811,0.9301413472868802,0.9359874712630578,0.8754432988970346,0.9641473377960436,0.9570574226838022,0.018769230481360446,0.09319221242330969,1.0,0.002,4.891501901781919,7.832921359469223,3.3184070306940194,1.1045351752267423,5,1.0,True
low_y_side,13,15,"primary performance rank: descending mean moderate-penalty whole-grid cosine; then descending mean light-penalty and raw whole-grid cosine, descending support cosine, ascending leakage, descending minimum moderate score, then ascending B/P/S. light_penalty_rank applies the same deterministic rule with the light score first.",b010_p00100_s050,10,100,50,5,0.9420805498531152,0.9463794921776603,0.8926685243360519,0.9755923029357961,0.9342886211963981,0.9426027557662423,0.877997746136344,0.961125206416874,0.9265946968334997,0.9388410912557259,0.8635680784128289,0.9564455207345868,0.9499719588731876,0.016545925162595395,0.08315118672035168,1.0,0.002,4.334771168727668,6.351484205775336,3.1728294790138922,1.055389235305063,5,1.0,True
low_y_side,14,13,"primary performance rank: descending mean moderate-penalty whole-grid cosine; then descending mean light-penalty and raw whole-grid cosine, descending support cosine, ascending leakage, descending minimum moderate score, then ascending B/P/S. light_penalty_rank applies the same deterministic rule with the light score first.",b050_p01000_s250,50,1000,250,5,0.9438128700172006,0.9783315791806203,0.8534613492148169,0.9807847627719195,0.9346861400215678,0.9728077901083564,0.8216786011114879,0.9799352844645848,0.9258086106181898,0.967044078672076,0.7910794368669113,0.9790865419082752,0.9531980188526085,0.020350220414291624,0.24600790422409774,1.0,0.0,16.332904258102598,84.41706765541278,20.380016007693648,5.466499397392702,5,1.0,True
low_y_side,15,14,"primary performance rank: descending mean moderate-penalty whole-grid cosine; then descending mean light-penalty and raw whole-grid cosine, descending support cosine, ascending leakage, descending minimum moderate score, then ascending B/P/S. light_penalty_rank applies the same deterministic rule with the light score first.",b010_p01000_s150,10,1000,150,5,0.9432614973390603,0.9740437137745314,0.8563290471196526,0.9898329025012288,0.9344020671767701,0.9705944400613851,0.8262067380565724,0.9855504218853218,0.9257685037786269,0.9642996146978454,0.7971440140984747,0.9812864692857892,0.9523545966768451,0.019667532131199573,0.257237402535975,1.0,0.0,15.724130553150388,79.40531092811742,14.487992153820297,5.092372108007742,5,1.0,True
low_y_side,16,23,"primary performance rank: descending mean moderate-penalty whole-grid cosine; then descending mean light-penalty and raw whole-grid cosine, descending support cosine, ascending leakage, descending minimum moderate score, then ascending B/P/S. light_penalty_rank applies the same deterministic rule with the light score first.",b050_p00100_s250,50,100,250,5,0.9391273173629658,0.9559134121168607,0.8743275482963322,0.9899541328306298,0.9323035513735372,0.9556379866030208,0.851637150384734,0.9856122021591761,0.9256076485616174,0.9553626404470106,0.8295356097708267,0.9812893151598789,0.9460821334656387,0.014954806515121715,0.10675680670596192,1.0,0.0,5.077406157965854,9.871071014902187,6.386027428623663,1.6634241058596568,5,1.0,True
low_y_side,17,19,"primary performance rank: descending mean moderate-penalty whole-grid cosine; then descending mean light-penalty and raw whole-grid cosine, descending support cosine, ascending leakage, descending minimum moderate score, then ascending B/P/S. light_penalty_rank applies the same deterministic rule with the light score first.",b050_p01000_s150,50,1000,150,5,0.9416981880525375,0.9763553222442027,0.8506397421192569,0.9845658726981713,0.9331512300746093,0.9703728357456283,0.8200183506764428,0.9810610614245184,0.9248353197004825,0.9644270061319915,0.790499270314884,0.9775687264131497,0.9504844814594717,0.01911858899738705,0.2581827322859317,1.0,0.0,15.724130553150388,79.40531092811742,18.46612708948431,5.134430976930062,5,1.0,True
low_y_side,18,17,"primary performance rank: descending mean moderate-penalty whole-grid cosine; then descending mean light-penalty and raw whole-grid cosine, descending support cosine, ascending leakage, descending minimum moderate score, then ascending B/P/S. light_penalty_rank applies the same deterministic rule with the light score first.",b100_p01000_s250,100,1000,250,5,0.9430827996733374,0.9748893634477265,0.8504403807364298,0.98106884548763,0.9337568595757828,0.9693559700709299,0.8194738070920219,0.978623665087125,0.924671945154633,0.9638539837885283,0.7896348006527885,0.9772571889198932,0.952658371860783,0.020750450176892678,0.2452012236788869,1.0,0.0,16.332904258102598,84.41706765541278,20.199062196635555,5.35639916306261,5,1.0,True
low_y_side,19,22,"primary performance rank: descending mean moderate-penalty whole-grid cosine; then descending mean light-penalty and raw whole-grid cosine, descending support cosine, ascending leakage, descending minimum moderate score, then ascending B/P/S. light_penalty_rank applies the same deterministic rule with the light score first.",b100_p01000_s150,100,1000,150,5,0.9407743777562049,0.9751139377058079,0.8518329242368338,0.9836759960060534,0.9325260038558687,0.9699574585002978,0.8214580390261482,0.9804619149393967,0.9245025235654063,0.9648282471624374,0.7921662695595377,0.9772583356204141,0.9492556922750957,0.01848789000464892,0.2577785536646843,1.0,0.0,15.724130553150388,79.40531092811742,18.30719606991723,5.020250434893945,5,1.0,True
low_y_side,20,16,"primary performance rank: descending mean moderate-penalty whole-grid cosine; then descending mean light-penalty and raw whole-grid cosine, descending support cosine, ascending leakage, descending minimum moderate score, then ascending B/P/S. light_penalty_rank applies the same deterministic rule with the light score first.",b010_p01000_s250,10,1000,250,5,0.9447312023548594,0.9732591117287702,0.8516883556916477,0.9835652102185342,0.9342217496296374,0.9696910983417062,0.8184300544795364,0.9826384971259986,0.9240022195977928,0.9590494403880806,0.7864704848892956,0.9817126571806087,0.9555414234094165,0.023253222051049217,0.24052459077909588,1.0,0.0,16.332904258102598,84.41706765541278,13.194688088403018,4.7040281871710565,5,1.0,True
low_y_side,21,18,"primary performance rank: descending mean moderate-penalty whole-grid cosine; then descending mean light-penalty and raw whole-grid cosine, descending support cosine, ascending leakage, descending minimum moderate score, then ascending B/P/S. light_penalty_rank applies the same deterministic rule with the light score first.",b050_p01000_s200,50,1000,200,5,0.9437239259961581,0.9709985598682422,0.8658671469702174,0.9794929874055099,0.9336501120783305,0.9647620957110132,0.8301928863945841,0.9760873801542712,0.9238836990371123,0.9585656866957709,0.7959884273607591,0.9729322898841473,0.954117842812388,0.022232622063484118,0.25299813190475107,1.0,0.0,16.053469509800088,86.47094479779489,19.830892002970252,5.339021224604307,5,1.0,True
low_y_side,22,21,"primary performance rank: descending mean moderate-penalty whole-grid cosine; then descending mean light-penalty and raw whole-grid cosine, descending support cosine, ascending leakage, descending minimum moderate score, then ascending B/P/S. light_penalty_rank applies the same deterministic rule with the light score first.",b100_p01000_s200,100,1000,200,5,0.9424191852002849,0.9748452634382869,0.8563820048812048,0.9788231873073552,0.9327046996406508,0.9701808336304844,0.8207053518258087,0.9752282357949259,0.9232977783740861,0.9655387221394935,0.7865149789187346,0.9741661230865523,0.9524542015476672,0.021649729918297597,0.25397234300151467,1.0,0.0,16.053469509800088,86.47094479779489,19.755285755820918,5.090942702500996,5,1.0,True
low_y_side,23,25,"primary performance rank: descending mean moderate-penalty whole-grid cosine; then descending mean light-penalty and raw whole-grid cosine, descending support cosine, ascending leakage, descending minimum moderate score, then ascending B/P/S. light_penalty_rank applies the same deterministic rule with the light score first.",b100_p01000_s100,100,1000,100,5,0.9409060079948564,0.9719315936142883,0.8543039908105055,0.9829372566080965,0.9318678524743695,0.9702654887961624,0.8189871474103448,0.980272786307357,0.9231272653213802,0.9666719194715206,0.7851302988611601,0.9776155386466548,0.9502543407821438,0.020277962532435044,0.2715693364106119,1.0,0.0,15.11637675773961,76.07927821252676,18.058808087113984,4.77069572710216,5,1.0,True
low_y_side,24,20,"primary performance rank: descending mean moderate-penalty whole-grid cosine; then descending mean light-penalty and raw whole-grid cosine, descending support cosine, ascending leakage, descending minimum moderate score, then ascending B/P/S. light_penalty_rank applies the same deterministic rule with the light score first.",b010_p01000_s100,10,1000,100,5,0.9434216380228234,0.9726326497737772,0.864233608853282,0.9873286301951092,0.9330023424053525,0.9695676302320668,0.8311773141564205,0.9838415426973667,0.92286635736536,0.9665122693675491,0.799385398219991,0.9803667710373757,0.9541346203881375,0.023043056303574724,0.27318174187093974,1.0,0.0,15.11637675773961,76.07927821252676,12.756829539891811,4.33462411115392,5,1.0,True
low_y_side,25,26,"primary performance rank: descending mean moderate-penalty whole-grid cosine; then descending mean light-penalty and raw whole-grid cosine, descending support cosine, ascending leakage, descending minimum moderate score, then ascending B/P/S. light_penalty_rank applies the same deterministic rule with the light score first.",b050_p01000_s100,50,1000,100,5,0.9412336152239605,0.9723916822982546,0.8561051034015171,0.9804417366092906,0.9317146983582066,0.9689777235170108,0.8194421929682444,0.9766272922893363,0.922516658694299,0.965575750764414,0.7843493806410308,0.9738232271104078,0.9510874820790634,0.021286719734828076,0.27246427778154614,1.0,0.0,15.11637675773961,76.07927821252676,18.38532407201012,4.871130499908336,5,1.0,True
low_y_side,26,24,"primary performance rank: descending mean moderate-penalty whole-grid cosine; then descending mean light-penalty and raw whole-grid cosine, descending support cosine, ascending leakage, descending minimum moderate score, then ascending B/P/S. light_penalty_rank applies the same deterministic rule with the light score first.",b010_p01000_s200,10,1000,200,5,0.9420178052849829,0.964498666269747,0.8678610328818912,0.9760551406258697,0.9318932329776761,0.9564633237632865,0.8319095300409124,0.9733206902071289,0.9220836731978229,0.9484949245626636,0.7974473330997881,0.9705939004407235,0.952470386308757,0.022278377132224858,0.2645904734730721,1.0,0.0,16.053469509800088,86.47094479779489,17.632148917482844,6.335381499248321,5,1.0,True
low_y_side,27,27,"primary performance rank: descending mean moderate-penalty whole-grid cosine; then descending mean light-penalty and raw whole-grid cosine, descending support cosine, ascending leakage, descending minimum moderate score, then ascending B/P/S. light_penalty_rank applies the same deterministic rule with the light score first.",b500_p01000_s100,500,1000,100,5,0.9401085933529117,0.9732072066832149,0.8538459202422389,0.9801115043402963,0.9308500268305222,0.9693536495066799,0.8179747798807337,0.9761142179524189,0.9218999755881818,0.9654681527375243,0.7836106312144864,0.9721332340958309,0.9496889196215124,0.02075372402398208,0.2692428383231163,1.0,0.0,15.11637675773961,76.07927821252676,18.20390050285264,4.653149593805572,5,1.0,True
low_y_side,28,28,"primary performance rank: descending mean moderate-penalty whole-grid cosine; then descending mean light-penalty and raw whole-grid cosine, descending support cosine, ascending leakage, descending minimum moderate score, then ascending B/P/S. light_penalty_rank applies the same deterministic rule with the light score first.",b010_p01000_s050,10,1000,50,5,0.9336681188510771,0.9661510903744457,0.8516054308517179,0.9789015185895762,0.9238990507798522,0.9627021211291462,0.812940495542416,0.9749667016198829,0.914488008741164,0.959265464025264,0.7760310413142731,0.9710477011386623,0.943811936637893,0.021938823757185394,0.3183411108329892,1.0,0.0,12.585098251168185,55.329147829532204,10.674354382713334,3.5736914933374493,5,1.0,True
low_y_side,29,29,"primary performance rank: descending mean moderate-penalty whole-grid cosine; then descending mean light-penalty and raw whole-grid cosine, descending support cosine, ascending leakage, descending minimum moderate score, then ascending B/P/S. light_penalty_rank applies the same deterministic rule with the light score first.",b010_p00100_s250,10,100,250,5,0.9305681900850459,0.9718850812243174,0.8379170614141024,0.9821154434862122,0.9224336394207772,0.9669198815573937,0.837710611559339,0.9737813425364297,0.9144653421583794,0.960945915693011,0.8375042125706392,0.9703097555608609,0.9388734061914695,0.017515005946598623,0.1135763413523091,1.0,0.0,5.077406157965854,9.871071014902187,3.456243478929511,1.173376067011302,5,1.0,True
low_y_side,30,30,"primary performance rank: descending mean moderate-penalty whole-grid cosine; then descending mean light-penalty and raw whole-grid cosine, descending support cosine, ascending leakage, descending minimum moderate score, then ascending B/P/S. light_penalty_rank applies the same deterministic rule with the light score first.",b050_p01000_s050,50,1000,50,5,0.9324800654436707,0.9554467801816449,0.8490928511813375,0.9781209078045625,0.922268335257819,0.949292489842992,0.8110639957262381,0.974461434202299,0.912409225894821,0.9431778409478586,0.7747383625338311,0.970815651900302,0.9430604530983683,0.02293082740507486,0.31951053880155084,1.0,0.0,12.585098251168185,55.329147829532204,12.982885168450213,3.7783101959546777,5,1.0,True
low_y_side,31,31,"primary performance rank: descending mean moderate-penalty whole-grid cosine; then descending mean light-penalty and raw whole-grid cosine, descending support cosine, ascending leakage, descending minimum moderate score, then ascending B/P/S. light_penalty_rank applies the same deterministic rule with the light score first.",b100_p01000_s050,100,1000,50,5,0.9325491176610521,0.9539547238766379,0.8491458137500054,0.9800495140211463,0.9221388810787834,0.9467062447349607,0.8097171621532784,0.9767443020327348,0.9121085881734853,0.9395128420539921,0.7721193133957841,0.9734502368548997,0.9433572205290727,0.02338796034758426,0.32393952839076523,1.0,0.0,12.585098251168185,55.329147829532204,14.411944580944407,3.9010330342765984,5,1.0,True
low_y_side,32,32,"primary performance rank: descending mean moderate-penalty whole-grid cosine; then descending mean light-penalty and raw whole-grid cosine, descending support cosine, ascending leakage, descending minimum moderate score, then ascending B/P/S. light_penalty_rank applies the same deterministic rule with the light score first.",b100_p02500_s250,100,2500,250,5,0.9317155886183762,0.9529205501325618,0.8515483420607161,0.9727492103219736,0.9140420644338094,0.9397951697445991,0.8166481616455427,0.9682602456858689,0.8968325500230356,0.926850576317632,0.7831783434691872,0.9637919963618818,0.9498685857586558,0.03849997529393957,0.3018008664250374,1.0,0.0,27.064742873238714,213.36269355710874,30.270704131808788,8.044075921733683,5,1.0,True
low_y_side,33,33,"primary performance rank: descending mean moderate-penalty whole-grid cosine; then descending mean light-penalty and raw whole-grid cosine, descending support cosine, ascending leakage, descending minimum moderate score, then ascending B/P/S. light_penalty_rank applies the same deterministic rule with the light score first.",b050_p02500_s250,50,2500,250,5,0.9317699438798461,0.9524147858705836,0.8536647308528907,0.9718822490403971,0.9139639416369363,0.9393189186232459,0.8179328363835396,0.9675693543874493,0.8966346909683216,0.9264031218047845,0.7836965739067312,0.9632755989463821,0.9500689975491321,0.03877148061655744,0.301822816953063,1.0,0.0,27.064742873238714,213.36269355710874,28.80735202953924,8.026422960030017,5,1.0,True
low_y_side,34,34,"primary performance rank: descending mean moderate-penalty whole-grid cosine; then descending mean light-penalty and raw whole-grid cosine, descending support cosine, ascending leakage, descending minimum moderate score, then ascending B/P/S. light_penalty_rank applies the same deterministic rule with the light score first.",b100_p02500_s200,100,2500,200,5,0.9307220947202055,0.9474852041309524,0.8494617248442089,0.9706327009057754,0.9132129638230484,0.9306516703333676,0.813975863416203,0.9663812429189965,0.8961656064836852,0.9141172101876761,0.7799724070506718,0.9621484066982025,0.9487087222222892,0.038186428458170926,0.3087768065184355,1.0,0.0,26.383752547597357,214.32604145431606,30.93283423183842,8.120855365475409,5,1.0,True
low_y_side,35,35,"primary performance rank: descending mean moderate-penalty whole-grid cosine; then descending mean light-penalty and raw whole-grid cosine, descending support cosine, ascending leakage, descending minimum moderate score, then ascending B/P/S. light_penalty_rank applies the same deterministic rule with the light score first.",b100_p02500_s150,100,2500,150,5,0.9291047965628234,0.9421715237107082,0.8478457412919229,0.9693017598613276,0.9120906358764008,0.9249289655864396,0.8104954031160109,0.965725466997383,0.8955522523197066,0.908001961268656,0.7747904677461909,0.9621623690652732,0.9466123808173516,0.037218533305806475,0.3235883741080761,1.0,0.0,25.56942369606729,193.8943141003996,30.38090430749317,8.06250876202755,5,1.0,True
low_y_side,36,36,"primary performance rank: descending mean moderate-penalty whole-grid cosine; then descending mean light-penalty and raw whole-grid cosine, descending support cosine, ascending leakage, descending minimum moderate score, then ascending B/P/S. light_penalty_rank applies the same deterministic rule with the light score first.",b050_p02500_s200,50,2500,200,5,0.929681145481968,0.9459436626040202,0.8440017152943058,0.9691787934690959,0.9119601369036152,0.9295304185693162,0.8092659710488852,0.9653185530413899,0.8947047950612182,0.9134019637777699,0.7759598114908163,0.9614736879564588,0.947883287228473,0.038706898823555234,0.30953998902812596,1.0,0.0,26.383752547597357,214.32604145431606,30.661524998923408,8.243644691385695,5,1.0,True
low_y_side,37,37,"primary performance rank: descending mean moderate-penalty whole-grid cosine; then descending mean light-penalty and raw whole-grid cosine, descending support cosine, ascending leakage, descending minimum moderate score, then ascending B/P/S. light_penalty_rank applies the same deterministic rule with the light score first.",b050_p02500_s150,50,2500,150,5,0.9283791058199868,0.9399863707707321,0.8477234950947995,0.9684003797829209,0.9111904367486522,0.9226010899337579,0.8094944928074999,0.9640430103962625,0.8944904091190773,0.9055373541735835,0.772989468473317,0.9602225066689258,0.9460750733603154,0.03764885569303757,0.3250120021402836,1.0,0.0,25.56942369606729,193.8943141003996,30.793150156691574,8.338400542756558,5,1.0,True
low_y_side,38,38,"primary performance rank: descending mean moderate-penalty whole-grid cosine; then descending mean light-penalty and raw whole-grid cosine, descending support cosine, ascending leakage, descending minimum moderate score, then ascending B/P/S. light_penalty_rank applies the same deterministic rule with the light score first.",b010_p10000_s050,10,10000,50,5,0.8608212575921526,0.8938306262077824,0.7533547803767721,0.9377653937721977,0.8082817176550814,0.8283413605603306,0.6541204803781481,0.9270067443270699,0.760369303218088,0.7585294079476174,0.5679576396079262,0.9163715250475803,0.9185379113421192,0.12131901554300313,0.49681911416351693,1.0,0.0,40.69164276711894,582.9872861061881,37.89662998272454,12.548162104261923,5,1.0,True
low_y_side,39,39,"primary performance rank: descending mean moderate-penalty whole-grid cosine; then descending mean light-penalty and raw whole-grid cosine, descending support cosine, ascending leakage, descending minimum moderate score, then ascending B/P/S. light_penalty_rank applies the same deterministic rule with the light score first.",b050_p10000_s050,50,10000,50,5,0.8551150540914241,0.8902569810246802,0.735759314166034,0.9341270401589649,0.8008200973625851,0.8268638626809249,0.6320571076599479,0.9235247562084863,0.7515497151825249,0.7569608107608877,0.542971294622724,0.9130428075230563,0.9150749415327114,0.12661741681215516,0.5000209302827705,1.0,0.0,40.69164276711894,582.9872861061881,45.162176663933316,12.470637602619217,5,1.0,True
low_y_side,40,40,"primary performance rank: descending mean moderate-penalty whole-grid cosine; then descending mean light-penalty and raw whole-grid cosine, descending support cosine, ascending leakage, descending minimum moderate score, then ascending B/P/S. light_penalty_rank applies the same deterministic rule with the light score first.",b100_p10000_s050,100,10000,50,5,0.8549228975497314,0.8855830489070472,0.7371190256457277,0.9348627827051882,0.7999553524085317,0.8270462380933898,0.6324896179651173,0.9242295995018786,0.7501002851084582,0.7573004703886231,0.542711696368461,0.9137173587375309,0.9156575222424925,0.12807503546667848,0.5012196352705349,1.0,0.0,40.69164276711894,582.9872861061881,48.57493099416179,12.553478895769405,5,1.0,True
low_y_side,41,41,"primary performance rank: descending mean moderate-penalty whole-grid cosine; then descending mean light-penalty and raw whole-grid cosine, descending support cosine, ascending leakage, descending minimum moderate score, then ascending B/P/S. light_penalty_rank applies the same deterministic rule with the light score first.",b100_p10000_s150,100,10000,150,5,0.8598973907331775,0.8633725042549282,0.7571216036275198,0.953098217865983,0.797051891080914,0.7733212335423182,0.650285959742311,0.9422962040932401,0.7409261029605071,0.7300957567103373,0.5585256416035623,0.9316166157949755,0.9304145034309979,0.14401426227912878,0.42710621774196544,1.0,0.0,50.32365843687678,794.8558849033668,60.80592697506199,16.21731011592112,5,1.0,True
low_y_side,42,42,"primary performance rank: descending mean moderate-penalty whole-grid cosine; then descending mean light-penalty and raw whole-grid cosine, descending support cosine, ascending leakage, descending minimum moderate score, then ascending B/P/S. light_penalty_rank applies the same deterministic rule with the light score first.",b050_p10000_s150,50,10000,150,5,0.8589195044211232,0.8625275412829819,0.7562979290341421,0.9531355374851594,0.7955122642627439,0.7710256763418709,0.6496529791052819,0.9423761558672122,0.7388974491857644,0.7270737248149309,0.5580459459929513,0.9317382305251544,0.9300804533906947,0.14538494275134545,0.42731579057872215,1.0,0.0,50.32365843687678,794.8558849033668,62.426849096622256,16.237856303161767,5,1.0,True
low_y_side,43,43,"primary performance rank: descending mean moderate-penalty whole-grid cosine; then descending mean light-penalty and raw whole-grid cosine, descending support cosine, ascending leakage, descending minimum moderate score, then ascending B/P/S. light_penalty_rank applies the same deterministic rule with the light score first.",b010_p10000_s150,10,10000,150,5,0.8561014984818884,0.8621332897483441,0.7571293861444486,0.9538959134824739,0.7930263389817335,0.7614072664340753,0.6540241898249929,0.9427337215120474,0.7365908538740792,0.7167194662670784,0.5649597660638557,0.9317021460248488,0.92673185088445,0.14492780260509758,0.4263504278659812,1.0,0.0,50.32365843687678,794.8558849033668,50.239157317903754,16.749331905928386,5,1.0,True
low_y_side,44,44,"primary performance rank: descending mean moderate-penalty whole-grid cosine; then descending mean light-penalty and raw whole-grid cosine, descending support cosine, ascending leakage, descending minimum moderate score, then ascending B/P/S. light_penalty_rank applies the same deterministic rule with the light score first.",b100_p10000_s250,100,10000,250,5,0.8561602536771222,0.8714339125836189,0.7467221396593358,0.9571549994700947,0.7893810385163313,0.7743690118959715,0.6323353204726649,0.9472510608860223,0.7298919429064574,0.7309198788899813,0.5354708750160851,0.9374496010013574,0.9312764535641556,0.153447507251884,0.41959053926169804,1.0,0.0,52.352471234855884,840.2419815333267,58.99825104450756,16.311643742200232,5,1.0,True
low_y_side,45,47,"primary performance rank: descending mean moderate-penalty whole-grid cosine; then descending mean light-penalty and raw whole-grid cosine, descending support cosine, ascending leakage, descending minimum moderate score, then ascending B/P/S. light_penalty_rank applies the same deterministic rule with the light score first.",b100_p10000_s100,100,10000,100,5,0.8513449044997932,0.8754688266418852,0.7256342811782106,0.9456086222942474,0.7866515266201106,0.7935752771385743,0.6079536396771343,0.9324130576581399,0.7289339677643546,0.7390185717313725,0.5093580024865197,0.9194016314932355,0.924054734081405,0.1503144453923109,0.45070918522775083,1.0,0.0,45.963982864740515,722.1655106922601,55.29960359242193,14.673576003584149,5,1.0,True
low_y_side,46,48,"primary performance rank: descending mean moderate-penalty whole-grid cosine; then descending mean light-penalty and raw whole-grid cosine, descending support cosine, ascending leakage, descending minimum moderate score, then ascending B/P/S. light_penalty_rank applies the same deterministic rule with the light score first.",b010_p10000_s100,10,10000,100,5,0.850741721038211,0.8765376420073397,0.7254738333918045,0.9428464148780037,0.7860112479137705,0.7960467416310216,0.608828027389677,0.9286696379564414,0.7281689610503161,0.7324912835946975,0.5109371970071012,0.9147060251310801,0.9233723982883978,0.1504666344236562,0.44979107387363815,1.0,0.0,45.963982864740515,722.1655106922601,37.13233611475853,13.263104421689665,5,1.0,True
low_y_side,47,49,"primary performance rank: descending mean moderate-penalty whole-grid cosine; then descending mean light-penalty and raw whole-grid cosine, descending support cosine, ascending leakage, descending minimum moderate score, then ascending B/P/S. light_penalty_rank applies the same deterministic rule with the light score first.",b050_p10000_s100,50,10000,100,5,0.8513310093278976,0.8736977043683505,0.7275947924843958,0.9457517268182822,0.7858934883316405,0.7932599168885603,0.6091351057744155,0.9313130962018985,0.7275210891767745,0.7364881394813328,0.5099618371646963,0.917094897701222,0.924890010067711,0.1518716850382955,0.4503237306326618,1.0,0.0,45.963982864740515,722.1655106922601,54.24592462048891,15.150304874173838,5,1.0,True
low_y_side,48,45,"primary performance rank: descending mean moderate-penalty whole-grid cosine; then descending mean light-penalty and raw whole-grid cosine, descending support cosine, ascending leakage, descending minimum moderate score, then ascending B/P/S. light_penalty_rank applies the same deterministic rule with the light score first.",b050_p10000_s250,50,10000,250,5,0.8551036520451578,0.8724522566134154,0.7440708288464061,0.9574457224072876,0.7873514494355487,0.7746214599282453,0.626983879469083,0.9469624808447619,0.7271046221897117,0.7314204617968746,0.5283217267414856,0.9365940221373747,0.931462458312071,0.15583515448557234,0.41890117593109544,1.0,0.0,52.352471234855884,840.2419815333267,56.39639612263416,15.47052694172074,5,1.0,True
low_y_side,49,46,"primary performance rank: descending mean moderate-penalty whole-grid cosine; then descending mean light-penalty and raw whole-grid cosine, descending support cosine, ascending leakage, descending minimum moderate score, then ascending B/P/S. light_penalty_rank applies the same deterministic rule with the light score first.",b010_p10000_s200,10,10000,200,5,0.8543289025700297,0.8737245624044249,0.7548343777403362,0.9576976047455185,0.7868741354472847,0.7732099302070751,0.6439197971238081,0.9483256224716057,0.7266283401076222,0.7081425678953531,0.5493028899521059,0.9390453539613145,0.9299764800341854,0.15493270400521683,0.4271923776715987,1.0,0.0,50.37604006129099,813.6153855388886,61.89400283919961,19.876094562457332,5,1.0,True
low_y_side,50,50,"primary performance rank: descending mean moderate-penalty whole-grid cosine; then descending mean light-penalty and raw whole-grid cosine, descending support cosine, ascending leakage, descending minimum moderate score, then ascending B/P/S. light_penalty_rank applies the same deterministic rule with the light score first.",b050_p10000_s200,50,10000,200,5,0.8517102440211985,0.8632672157091713,0.7549124794458596,0.9551337622793991,0.7838185765859327,0.7785922109313855,0.6475312374545096,0.9445795237016834,0.7230859512490803,0.71365083274596,0.5554242576399737,0.9341419095763267,0.9277064962572089,0.1559714496761411,0.4271988217532627,1.0,0.0,50.37604006129099,813.6153855388886,63.084006139076294,17.480788718450057,5,1.0,True
low_y_side,51,51,"primary performance rank: descending mean moderate-penalty whole-grid cosine; then descending mean light-penalty and raw whole-grid cosine, descending support cosine, ascending leakage, descending minimum moderate score, then ascending B/P/S. light_penalty_rank applies the same deterministic rule with the light score first.",b010_p10000_s250,10,10000,250,5,0.8521631531893252,0.8661239135233836,0.7342538148300841,0.957999226249474,0.7837473250250374,0.7719434036216191,0.6169878586548095,0.9468285958331785,0.723081117951632,0.7290034118154686,0.5184501735486934,0.9357882191587216,0.9294998486360615,0.15811857277521932,0.42230823382735183,1.0,0.0,52.352471234855884,840.2419815333267,45.1394184897938,15.250053381813336,5,1.0,True
low_y_side,52,52,"primary performance rank: descending mean moderate-penalty whole-grid cosine; then descending mean light-penalty and raw whole-grid cosine, descending support cosine, ascending leakage, descending minimum moderate score, then ascending B/P/S. light_penalty_rank applies the same deterministic rule with the light score first.",b100_p10000_s200,100,10000,200,5,0.8509199047838125,0.8608529839139423,0.7554338364083835,0.9548936805345892,0.7815414324839483,0.7707248854414072,0.6468136086574435,0.9439919946108751,0.7196445452392566,0.7150545914692908,0.5538113653123384,0.9332147694081838,0.9287908947785659,0.1592902183252347,0.4261326526105396,1.0,0.0,50.37604006129099,813.6153855388886,63.69940091342903,16.925156334381064,5,1.0,True
perimeter,1,1,"primary performance rank: descending mean moderate-penalty whole-grid cosine; then descending mean light-penalty and raw whole-grid cosine, descending support cosine, ascending leakage, descending minimum moderate score, then ascending B/P/S. light_penalty_rank applies the same deterministic rule with the light score first.",b050_p02500_s250,50,2500,250,5,0.8406863497909883,0.8476566233887074,0.7582877615330628,0.914245919427052,0.7607314306594488,0.7539802426535378,0.690463687705132,0.8508252958725695,0.6887192541139175,0.6879241899147092,0.6287060509529051,0.7918041182511463,0.9295059596254385,0.1811418437578014,0.22136337412521243,1.0,0.0,26.089879955287433,102.38519337175693,33.739614416650305,9.590832143968544,5,1.0,True
perimeter,2,2,"primary performance rank: descending mean moderate-penalty whole-grid cosine; then descending mean light-penalty and raw whole-grid cosine, descending support cosine, ascending leakage, descending minimum moderate score, then ascending B/P/S. light_penalty_rank applies the same deterministic rule with the light score first.",b100_p02500_s250,100,2500,250,5,0.8402038243057224,0.8478799968748191,0.7595682669915219,0.9160326539089159,0.760032418103823,0.7480619341030967,0.6906675014229255,0.8549079344689657,0.6878594273726208,0.6822677997935115,0.6280167540584094,0.7978619247897094,0.9293047574911408,0.181858177394991,0.22284496111795304,1.0,0.0,26.089879955287433,102.38519337175693,34.62345089151895,9.37674709747289,5,1.0,True
perimeter,3,3,"primary performance rank: descending mean moderate-penalty whole-grid cosine; then descending mean light-penalty and raw whole-grid cosine, descending support cosine, ascending leakage, descending minimum moderate score, then ascending B/P/S. light_penalty_rank applies the same deterministic rule with the light score first.",b050_p02500_s200,50,2500,200,5,0.8392411303667522,0.8464619065565842,0.7537013517538855,0.9174120470239111,0.7586743084927459,0.7446486123098184,0.6800762340341526,0.8580713909074422,0.686200378940389,0.6783387504871067,0.6136431665165727,0.8025690465722021,0.9288483576821344,0.1832525628319644,0.2213003694824874,1.0,0.0,26.314134462765406,107.68807169512226,34.53703140263865,9.46868478921208,5,1.0,True
perimeter,4,4,"primary performance rank: descending mean moderate-penalty whole-grid cosine; then descending mean light-penalty and raw whole-grid cosine, descending support cosine, ascending leakage, descending minimum moderate score, then ascending B/P/S. light_penalty_rank applies the same deterministic rule with the light score first.",b100_p02500_s200,100,2500,200,5,0.8380862715540708,0.8464462319608063,0.7534851487438999,0.9136685188637116,0.75717703983793,0.7442490097952197,0.6801007911418282,0.8519909020144246,0.6844055986213193,0.6778476382205237,0.6138635736654062,0.7944768612779914,0.9280850596478707,0.1841222810322881,0.22150145994499323,1.0,0.0,26.314134462765406,107.68807169512226,35.32762438504429,9.510127591040918,5,1.0,True
perimeter,5,5,"primary performance rank: descending mean moderate-penalty whole-grid cosine; then descending mean light-penalty and raw whole-grid cosine, descending support cosine, ascending leakage, descending minimum moderate score, then ascending B/P/S. light_penalty_rank applies the same deterministic rule with the light score first.",b100_p02500_s150,100,2500,150,5,0.8327661478743117,0.8422720230590647,0.748174729897707,0.9075324899914619,0.7492498012831417,0.7378309726170206,0.6762748762619858,0.8452587739694377,0.6744997067798206,0.6691885315001861,0.6112846237478435,0.7872582005070018,0.9261284433094806,0.19063877032845516,0.2167207202129066,1.0,0.0,26.26569343647508,96.6464305408323,31.812643673433865,8.78201724278668,5,1.0,True
perimeter,6,6,"primary performance rank: descending mean moderate-penalty whole-grid cosine; then descending mean light-penalty and raw whole-grid cosine, descending support cosine, ascending leakage, descending minimum moderate score, then ascending B/P/S. light_penalty_rank applies the same deterministic rule with the light score first.",b050_p02500_s150,50,2500,150,5,0.8306288733879631,0.8402730101511315,0.7441167426454381,0.9091586547093136,0.7462397935118071,0.7305161759975176,0.6734273977331382,0.8478712389532456,0.6708439432905697,0.658230568514925,0.6094533747558953,0.7907152773835298,0.9251380942532027,0.1930427905922332,0.21596090672537685,1.0,0.0,26.26569343647508,96.6464305408323,31.00680623438396,9.070736803474166,5,1.0,True
perimeter,7,8,"primary performance rank: descending mean moderate-penalty whole-grid cosine; then descending mean light-penalty and raw whole-grid cosine, descending support cosine, ascending leakage, descending minimum moderate score, then ascending B/P/S. light_penalty_rank applies the same deterministic rule with the light score first.",b010_p10000_s250,10,10000,250,5,0.814505293671704,0.8389386751216319,0.7230304561636142,0.9201558472390737,0.7276143100848055,0.7438703844830536,0.6150554273455211,0.8676025921514288,0.6511353436121425,0.6595752053399383,0.5145738142311842,0.81805083363482,0.9133876995376633,0.2062933684255251,0.35183301579207177,1.0,0.0,55.48837805103957,399.35995135029475,47.97742773712597,16.136104606808168,5,1.0,True
perimeter,8,7,"primary performance rank: descending mean moderate-penalty whole-grid cosine; then descending mean light-penalty and raw whole-grid cosine, descending support cosine, ascending leakage, descending minimum moderate score, then ascending B/P/S. light_penalty_rank applies the same deterministic rule with the light score first.",b100_p10000_s250,100,10000,250,5,0.8155603910877932,0.8395246821812364,0.7259761734624834,0.9228745482052625,0.7277353213628046,0.7414807953784617,0.606216867341335,0.8716171686763297,0.6506294526037152,0.6548869635215641,0.5049784529480471,0.8232066754996996,0.915772799215131,0.20847663318452875,0.3498020303249359,1.0,0.0,55.48837805103957,399.35995135029475,74.66103414530741,19.936649129275303,5,1.0,True
perimeter,9,9,"primary performance rank: descending mean moderate-penalty whole-grid cosine; then descending mean light-penalty and raw whole-grid cosine, descending support cosine, ascending leakage, descending minimum moderate score, then ascending B/P/S. light_penalty_rank applies the same deterministic rule with the light score first.",b010_p10000_s150,10,10000,150,5,0.8115998663090839,0.8362976419433737,0.7147064609159537,0.9089438253570832,0.7243411791946655,0.7427003652059285,0.6185153540045664,0.853316516273407,0.6473279246900605,0.6595783663758902,0.5277266102929765,0.8010935952603303,0.910585742908576,0.20739117829078374,0.35260372780263416,1.0,0.0,53.399709879804824,357.9416581085867,52.33101292178405,17.94723048806336,5,1.0,True
perimeter,10,11,"primary performance rank: descending mean moderate-penalty whole-grid cosine; then descending mean light-penalty and raw whole-grid cosine, descending support cosine, ascending leakage, descending minimum moderate score, then ascending B/P/S. light_penalty_rank applies the same deterministic rule with the light score first.",b050_p10000_s250,50,10000,250,5,0.8120186708069884,0.8410826725767345,0.7120362630318403,0.9228785302733838,0.7222117877610349,0.7442923613559675,0.583097020364511,0.8711690404488754,0.6438457133582871,0.6586405085194545,0.47750676870058095,0.8223568672811092,0.915178073866751,0.21444544068467267,0.3490639098733663,1.0,0.0,55.48837805103957,399.35995135029475,75.86215966069602,19.76803086566951,5,1.0,True
perimeter,11,13,"primary performance rank: descending mean moderate-penalty whole-grid cosine; then descending mean light-penalty and raw whole-grid cosine, descending support cosine, ascending leakage, descending minimum moderate score, then ascending B/P/S. light_penalty_rank applies the same deterministic rule with the light score first.",b010_p10000_s200,10,10000,200,5,0.8099713124253197,0.8423851197817815,0.7186152635071344,0.9171030354039518,0.7189104968077232,0.7468317304740412,0.594579592342859,0.863071519893248,0.6393712264744498,0.6621171487304252,0.4914038200559102,0.812223294106471,0.9144216603177566,0.2171838434060306,0.35957058817148185,1.0,0.0,52.31674905731454,395.49223215196156,64.08581681490827,22.505888326744326,5,1.0,True
perimeter,12,10,"primary performance rank: descending mean moderate-penalty whole-grid cosine; then descending mean light-penalty and raw whole-grid cosine, descending support cosine, ascending leakage, descending minimum moderate score, then ascending B/P/S. light_penalty_rank applies the same deterministic rule with the light score first.",b100_p01000_s200,100,1000,200,5,0.8184030112133239,0.8378869230023376,0.7245773412771608,0.8824767951621998,0.7223857074899283,0.7145731690298407,0.6343174237166785,0.7908388460360644,0.6378652812901876,0.626006493602227,0.5553010991502378,0.7087167434070606,0.9275259364315851,0.2211427144556482,0.12948200874961913,1.0,0.0,16.180858186505766,39.885462131869886,19.912274329533506,5.256105279430518,5,1.0,True
perimeter,13,19,"primary performance rank: descending mean moderate-penalty whole-grid cosine; then descending mean light-penalty and raw whole-grid cosine, descending support cosine, ascending leakage, descending minimum moderate score, then ascending B/P/S. light_penalty_rank applies the same deterministic rule with the light score first.",b100_p10000_s150,100,10000,150,5,0.8048523701108306,0.8403589981344354,0.7015271580568807,0.9138520589712988,0.7149062310505195,0.7489840166430611,0.5741261023963129,0.8600736542320682,0.6363844863577656,0.6675445356474088,0.46986175469782093,0.8094600033366404,0.9081183363360747,0.21666397480955996,0.3545193117111921,1.0,0.0,53.399709879804824,357.9416581085867,66.19172237770064,17.450183811220498,5,1.0,True
perimeter,14,17,"primary performance rank: descending mean moderate-penalty whole-grid cosine; then descending mean light-penalty and raw whole-grid cosine, descending support cosine, ascending leakage, descending minimum moderate score, then ascending B/P/S. light_penalty_rank applies the same deterministic rule with the light score first.",b100_p10000_s200,100,10000,200,5,0.8058323863884436,0.8403055556767371,0.6900514128984697,0.9220604422115658,0.7150523966941568,0.7461622293071735,0.5585372850946468,0.8706856864866711,0.6362080729594043,0.66256621616201,0.4520879067989089,0.8221733955254334,0.9106495232106837,0.21922719113998917,0.36212517503648983,1.0,0.0,52.31674905731454,395.49223215196156,77.41469610737377,20.556053323523958,5,1.0,True
perimeter,15,18,"primary performance rank: descending mean moderate-penalty whole-grid cosine; then descending mean light-penalty and raw whole-grid cosine, descending support cosine, ascending leakage, descending minimum moderate score, then ascending B/P/S. light_penalty_rank applies the same deterministic rule with the light score first.",b050_p10000_s200,50,10000,200,5,0.8057449171223894,0.8399093993403007,0.6916622085158689,0.9198422951414654,0.714978425239302,0.745693960724541,0.561216881790905,0.8673604457643749,0.6360845294832119,0.6620469820885505,0.455373135222958,0.8178729624091424,0.9104536837937787,0.21904194519966672,0.3630362236499785,1.0,0.0,52.31674905731454,395.49223215196156,71.19941896040461,19.722456750112627,5,1.0,True
perimeter,16,20,"primary performance rank: descending mean moderate-penalty whole-grid cosine; then descending mean light-penalty and raw whole-grid cosine, descending support cosine, ascending leakage, descending minimum moderate score, then ascending B/P/S. light_penalty_rank applies the same deterministic rule with the light score first.",b050_p10000_s150,50,10000,150,5,0.8038172936120397,0.8402903696183781,0.6974251387008013,0.9127893741486958,0.7135594449035979,0.749653216771306,0.5673395251119426,0.8589869388122126,0.6349049527530027,0.6687925575902917,0.46151783022024123,0.8083557740120851,0.9076512105343341,0.21782850374841628,0.3557900324091315,1.0,0.0,53.399709879804824,357.9416581085867,64.52642163771522,17.22757077229864,5,1.0,True
perimeter,17,12,"primary performance rank: descending mean moderate-penalty whole-grid cosine; then descending mean light-penalty and raw whole-grid cosine, descending support cosine, ascending leakage, descending minimum moderate score, then ascending B/P/S. light_penalty_rank applies the same deterministic rule with the light score first.",b050_p01000_s250,50,1000,250,5,0.8149666756998272,0.8382486226466679,0.708023621717836,0.8820889597908167,0.7191242478508363,0.7122039812248778,0.6199833302336246,0.7924222214774881,0.6348304774913666,0.6241964143173825,0.5428905448591936,0.7118703506279328,0.9239942592208121,0.22169273614327997,0.129658013433218,1.0,0.0,16.695285333374006,38.73194965185602,20.948698721699976,5.84795681993709,5,1.0,True
perimeter,18,14,"primary performance rank: descending mean moderate-penalty whole-grid cosine; then descending mean light-penalty and raw whole-grid cosine, descending support cosine, ascending leakage, descending minimum moderate score, then ascending B/P/S. light_penalty_rank applies the same deterministic rule with the light score first.",b050_p01000_s200,50,1000,200,5,0.8159199207743055,0.8335627777460649,0.7204889289758226,0.8804584564955755,0.717829642088312,0.7043263797779978,0.6306590029743158,0.7870231838178319,0.6318231208174806,0.6207287984521094,0.5520289931421064,0.703503370655478,0.9278521453514579,0.22612173401028066,0.12951407564803957,1.0,0.0,16.180858186505766,39.885462131869886,19.4113295136729,5.382774867176569,5,1.0,True
perimeter,19,15,"primary performance rank: descending mean moderate-penalty whole-grid cosine; then descending mean light-penalty and raw whole-grid cosine, descending support cosine, ascending leakage, descending minimum moderate score, then ascending B/P/S. light_penalty_rank applies the same deterministic rule with the light score first.",b100_p01000_s250,100,1000,250,5,0.8147622951129122,0.838612139707771,0.7182971087025807,0.8852556482513196,0.7169483136183947,0.7136263086779261,0.6260785637987669,0.795789208574944,0.6311156846135437,0.6216199387617836,0.5456994930083009,0.7153645003398503,0.9262761207475905,0.22598260185588043,0.1295769099518657,1.0,0.0,16.695285333374006,38.73194965185602,21.258892137627214,5.796217361424909,5,1.0,True
perimeter,20,16,"primary performance rank: descending mean moderate-penalty whole-grid cosine; then descending mean light-penalty and raw whole-grid cosine, descending support cosine, ascending leakage, descending minimum moderate score, then ascending B/P/S. light_penalty_rank applies the same deterministic rule with the light score first.",b010_p01000_s250,10,1000,250,5,0.8155818582427212,0.8328527879563454,0.7474425656338861,0.8650967887562075,0.7166647647181639,0.7103724572934726,0.6588629918752055,0.7752580880722365,0.630036690169411,0.6355460125770215,0.5807810018079423,0.6947489702112329,0.9285914950302632,0.22738016188911753,0.12773252407088873,1.0,0.0,16.695285333374006,38.73194965185602,16.10377101352184,5.558151386571241,5,1.0,True
perimeter,21,23,"primary performance rank: descending mean moderate-penalty whole-grid cosine; then descending mean light-penalty and raw whole-grid cosine, descending support cosine, ascending leakage, descending minimum moderate score, then ascending B/P/S. light_penalty_rank applies the same deterministic rule with the light score first.",b010_p10000_s100,10,10000,100,5,0.7987910667479753,0.8356905526448261,0.7074085244420156,0.900549382384045,0.7078507203958553,0.7471676460043737,0.5832223574739279,0.8427492444343323,0.6284208687585172,0.6680217808720174,0.48027111463816013,0.788658904095231,0.9031087406178063,0.21954419527062613,0.3680561918765305,1.0,0.0,48.522787909588,341.82067190563396,55.956562028134364,18.604863581911143,5,1.0,True
perimeter,22,21,"primary performance rank: descending mean moderate-penalty whole-grid cosine; then descending mean light-penalty and raw whole-grid cosine, descending support cosine, ascending leakage, descending minimum moderate score, then ascending B/P/S. light_penalty_rank applies the same deterministic rule with the light score first.",b050_p01000_s150,50,1000,150,5,0.8109972969873812,0.839451203579865,0.7211487356597645,0.8645157290701635,0.713003025307511,0.7223783992963413,0.6252769771881114,0.7677699416263107,0.6269803170378283,0.6216329782417157,0.5421507088184938,0.6818507326626414,0.9226535140291015,0.22749219266397716,0.12572505977004766,1.0,0.0,16.507463812157958,37.53399582447976,18.703853314070557,5.154053340550038,5,1.0,True
perimeter,23,22,"primary performance rank: descending mean moderate-penalty whole-grid cosine; then descending mean light-penalty and raw whole-grid cosine, descending support cosine, ascending leakage, descending minimum moderate score, then ascending B/P/S. light_penalty_rank applies the same deterministic rule with the light score first.",b100_p01000_s150,100,1000,150,5,0.8089810895727678,0.8358135327623248,0.7078651599077496,0.8649785017205744,0.7106867971473009,0.7164625026117221,0.6157556580626188,0.7657805492984925,0.6244753698401081,0.6141543508540213,0.535631716195131,0.6842294393761583,0.9210782637376113,0.22859211743493418,0.12530925326049328,1.0,0.0,16.507463812157958,37.53399582447976,19.514573785193107,5.1400619012426585,5,1.0,True
perimeter,24,24,"primary performance rank: descending mean moderate-penalty whole-grid cosine; then descending mean light-penalty and raw whole-grid cosine, descending support cosine, ascending leakage, descending minimum moderate score, then ascending B/P/S. light_penalty_rank applies the same deterministic rule with the light score first.",b010_p01000_s200,10,1000,200,5,0.8066849062416273,0.8227187708206433,0.7109253850142904,0.8789632524539387,0.7043718733472042,0.6988309443592878,0.6222537750061176,0.7869653316759925,0.6153269360601884,0.616762568624708,0.544641911333045,0.704596502221075,0.9243054675531057,0.23744575201596163,0.1297053959220648,1.0,0.0,16.180858186505766,39.885462131869886,18.030343115943847,6.176893218038369,5,1.0,True
perimeter,25,28,"primary performance rank: descending mean moderate-penalty whole-grid cosine; then descending mean light-penalty and raw whole-grid cosine, descending support cosine, ascending leakage, descending minimum moderate score, then ascending B/P/S. light_penalty_rank applies the same deterministic rule with the light score first.",b100_p10000_s100,100,10000,100,5,0.7905072377552571,0.8336725202768379,0.6703084226074651,0.9030819848326056,0.6955421903595226,0.7436708265740837,0.5349884673165243,0.8466592866265681,0.6136545983506082,0.6633855438988566,0.42698651920310254,0.7937617621326822,0.9009731344927043,0.23245659854865663,0.36980928096920246,1.0,0.0,48.522787909588,341.82067190563396,66.85228270841921,17.339658584264047,5,1.0,True
perimeter,26,29,"primary performance rank: descending mean moderate-penalty whole-grid cosine; then descending mean light-penalty and raw whole-grid cosine, descending support cosine, ascending leakage, descending minimum moderate score, then ascending B/P/S. light_penalty_rank applies the same deterministic rule with the light score first.",b050_p10000_s100,50,10000,100,5,0.7890465451414361,0.8335641125679484,0.6620071165573836,0.904156793588023,0.693561216217198,0.7428689203259663,0.525610955135929,0.8468421971904029,0.611376104219465,0.6620417367611686,0.4173170789999453,0.7931607792232475,0.9003479118945965,0.23450090985136515,0.3646540162339806,1.0,0.0,48.522787909588,341.82067190563396,64.41830252084,17.631076701529157,5,1.0,True
perimeter,27,25,"primary performance rank: descending mean moderate-penalty whole-grid cosine; then descending mean light-penalty and raw whole-grid cosine, descending support cosine, ascending leakage, descending minimum moderate score, then ascending B/P/S. light_penalty_rank applies the same deterministic rule with the light score first.",b010_p01000_s150,10,1000,150,5,0.8042207058530269,0.835041794812054,0.7250714069410806,0.8687532889961701,0.7010721225933318,0.715754553087269,0.6259916921375808,0.7733721250093571,0.6112685708354497,0.6135077111684721,0.5404510436819843,0.6884629403044774,0.9227186789194958,0.24030547846399736,0.13106299437582494,1.0,0.0,16.507463812157958,37.53399582447976,15.3194149141577,5.658641018607334,5,1.0,True
perimeter,28,26,"primary performance rank: descending mean moderate-penalty whole-grid cosine; then descending mean light-penalty and raw whole-grid cosine, descending support cosine, ascending leakage, descending minimum moderate score, then ascending B/P/S. light_penalty_rank applies the same deterministic rule with the light score first.",b500_p01000_s100,500,1000,100,5,0.8010039748858067,0.8255279819404422,0.7269667656611393,0.8422087647620063,0.6987538601786404,0.7018794018990709,0.6362650380712759,0.7386875520498031,0.609675253982507,0.6064746697781833,0.5568799260082639,0.6478907871583649,0.9183981810482431,0.23844421498384802,0.12692358238622545,1.0,0.0,15.396444368002317,37.564321354126506,17.628213550962784,4.627809229809054,5,1.0,True
perimeter,29,27,"primary performance rank: descending mean moderate-penalty whole-grid cosine; then descending mean light-penalty and raw whole-grid cosine, descending support cosine, ascending leakage, descending minimum moderate score, then ascending B/P/S. light_penalty_rank applies the same deterministic rule with the light score first.",b100_p01000_s100,100,1000,100,5,0.7995341782566444,0.8295958130219319,0.7273087025486261,0.8362364656412604,0.6968626733198474,0.7096313696747245,0.634514395838414,0.7290990575686672,0.6074463340020837,0.6070144917825333,0.553559330605246,0.6385048718423687,0.9174401498209029,0.2399162270930475,0.12668248338624832,1.0,0.0,15.396444368002317,37.564321354126506,17.475986920730072,4.6758001179863244,5,1.0,True
perimeter,30,30,"primary performance rank: descending mean moderate-penalty whole-grid cosine; then descending mean light-penalty and raw whole-grid cosine, descending support cosine, ascending leakage, descending minimum moderate score, then ascending B/P/S. light_penalty_rank applies the same deterministic rule with the light score first.",b010_p01000_s050,10,1000,50,5,0.7895045470371764,0.7864452962768255,0.7112883938290647,0.8405711242853328,0.6875925854384927,0.6911166542972118,0.6200622413668868,0.7536538736564733,0.599337682293246,0.6124700733169267,0.5334586937656917,0.675724093853837,0.9073061032918327,0.24148989808499977,0.13012150437105438,1.0,0.0,12.704541913007057,29.186977489019352,12.021842478168628,4.32587611746461,5,1.0,True
perimeter,31,32,"primary performance rank: descending mean moderate-penalty whole-grid cosine; then descending mean light-penalty and raw whole-grid cosine, descending support cosine, ascending leakage, descending minimum moderate score, then ascending B/P/S. light_penalty_rank applies the same deterministic rule with the light score first.",b100_p01000_s050,100,1000,50,5,0.7899360401628845,0.804798985791832,0.7310783469329714,0.8495471166439317,0.6866572203229488,0.6738644954087063,0.6387638498515856,0.7503191545838427,0.597132598652508,0.5764642022160453,0.558106060162972,0.6626811188052941,0.9091384632334902,0.24358562496527042,0.13895189954899245,1.0,0.0,12.704541913007057,29.186977489019352,13.629725309731095,3.6972544562395315,5,1.0,True
perimeter,32,31,"primary performance rank: descending mean moderate-penalty whole-grid cosine; then descending mean light-penalty and raw whole-grid cosine, descending support cosine, ascending leakage, descending minimum moderate score, then ascending B/P/S. light_penalty_rank applies the same deterministic rule with the light score first.",b050_p01000_s100,50,1000,100,5,0.7934183481498412,0.8212196216772719,0.7254678129715593,0.829395314222325,0.686880167536547,0.6947672221059321,0.631875250629171,0.7201463802358601,0.5947650401360283,0.5944183804154138,0.5503570595672042,0.6268610256304815,0.91666303956349,0.24975863956592229,0.1276007212977856,1.0,0.0,15.396444368002317,37.564321354126506,16.561288962936548,4.6346435715288985,5,1.0,True
perimeter,33,33,"primary performance rank: descending mean moderate-penalty whole-grid cosine; then descending mean light-penalty and raw whole-grid cosine, descending support cosine, ascending leakage, descending minimum moderate score, then ascending B/P/S. light_penalty_rank applies the same deterministic rule with the light score first.",b050_p01000_s050,50,1000,50,5,0.7862093394392587,0.8037224675783379,0.7240916899173838,0.8366280316714055,0.6805053618652569,0.6736275302339967,0.6302156891590898,0.7331473787445258,0.5892727750128509,0.5887628208779487,0.548510389488909,0.6424660166910114,0.9087349708496012,0.24969606606174294,0.14018312590196721,1.0,0.0,12.704541913007057,29.186977489019352,13.565109339655368,3.8283552341744524,5,1.0,True
perimeter,34,34,"primary performance rank: descending mean moderate-penalty whole-grid cosine; then descending mean light-penalty and raw whole-grid cosine, descending support cosine, ascending leakage, descending minimum moderate score, then ascending B/P/S. light_penalty_rank applies the same deterministic rule with the light score first.",b010_p01000_s100,10,1000,100,5,0.7868341594209112,0.7788488131388409,0.7473722193431479,0.816770955593919,0.6772008532346826,0.6804404318315587,0.652314143293638,0.6970105730489354,0.5830388297192999,0.5812557245429627,0.5683633801169281,0.6014183117487023,0.9145255614683107,0.2582971443552227,0.12570779524743556,1.0,0.0,15.396444368002317,37.564321354126506,13.773402839153857,4.679700117713656,5,1.0,True
perimeter,35,35,"primary performance rank: descending mean moderate-penalty whole-grid cosine; then descending mean light-penalty and raw whole-grid cosine, descending support cosine, ascending leakage, descending minimum moderate score, then ascending B/P/S. light_penalty_rank applies the same deterministic rule with the light score first.",b050_p10000_s050,50,10000,50,5,0.7690354936365982,0.8118906268838021,0.6369424893415476,0.881723399580951,0.6677447551992877,0.7149728118431955,0.5036191972786623,0.8196644579263442,0.5815135337778912,0.6296243665689301,0.3982028206813487,0.7619734532473472,0.8883789327765307,0.2534385950135954,0.3817110294848679,1.0,0.0,41.98337271660314,268.93932837376013,49.4521234043638,13.12604829280745,5,1.0,True
perimeter,36,36,"primary performance rank: descending mean moderate-penalty whole-grid cosine; then descending mean light-penalty and raw whole-grid cosine, descending support cosine, ascending leakage, descending minimum moderate score, then ascending B/P/S. light_penalty_rank applies the same deterministic rule with the light score first.",b100_p10000_s050,100,10000,50,5,0.7682672687548242,0.8102248074123878,0.6327293425769778,0.8813858448896831,0.6667458056289955,0.71163007094992,0.4984829972881419,0.819524296378105,0.5804051946833251,0.6250331429588433,0.39271973316954073,0.7620046047348196,0.8880178024869748,0.25437000970852475,0.3820807476341723,1.0,0.0,41.98337271660314,268.93932837376013,49.720414459779455,13.045147671140308,5,1.0,True
perimeter,37,37,"primary performance rank: descending mean moderate-penalty whole-grid cosine; then descending mean light-penalty and raw whole-grid cosine, descending support cosine, ascending leakage, descending minimum moderate score, then ascending B/P/S. light_penalty_rank applies the same deterministic rule with the light score first.",b010_p10000_s050,10,10000,50,5,0.7643722971496537,0.8099314323029625,0.6386647924565236,0.8782635762538178,0.6613977326810525,0.7118423222040414,0.5033819588377003,0.8152149613615728,0.5741629235474246,0.6256325800815433,0.39675491662636103,0.7566924681796079,0.8863298923770906,0.2589871052940925,0.38408444482833143,1.0,0.0,41.98337271660314,268.93932837376013,42.09354328006158,13.699852362718957,5,1.0,True
perimeter,38,38,"primary performance rank: descending mean moderate-penalty whole-grid cosine; then descending mean light-penalty and raw whole-grid cosine, descending support cosine, ascending leakage, descending minimum moderate score, then ascending B/P/S. light_penalty_rank applies the same deterministic rule with the light score first.",b100_p00100_s150,100,100,150,5,0.691082841256679,0.6709711207470592,0.6598482653696511,0.7552157862002448,0.5904572412221848,0.5683120823030747,0.5413537002816787,0.6590287977969217,0.5047431150632536,0.4824273796289353,0.4441382120546903,0.5750925288663082,0.8092804165026278,0.27096970943638377,0.011017280048690736,0.4,0.118,4.849101918159614,5.3553031517939775,4.596791618462546,1.237468761439306,5,1.0,True
perimeter,39,39,"primary performance rank: descending mean moderate-penalty whole-grid cosine; then descending mean light-penalty and raw whole-grid cosine, descending support cosine, ascending leakage, descending minimum moderate score, then ascending B/P/S. light_penalty_rank applies the same deterministic rule with the light score first.",b100_p00100_s250,100,100,250,5,0.6695434183540343,0.6604920775206676,0.648337712608088,0.7067759211106203,0.572204719083002,0.5607940728526409,0.5418891501192825,0.6189048997006595,0.4891311886460149,0.47706914167754033,0.4529180476572126,0.541958580410568,0.7836224781372292,0.27004655536261746,0.00809361967490986,0.2,0.426,5.471795068753843,4.4062522394903,4.766286864734869,1.2833824679084693,5,1.0,True
perimeter,40,40,"primary performance rank: descending mean moderate-penalty whole-grid cosine; then descending mean light-penalty and raw whole-grid cosine, descending support cosine, ascending leakage, descending minimum moderate score, then ascending B/P/S. light_penalty_rank applies the same deterministic rule with the light score first.",b100_p00100_s050,100,100,50,5,0.6706683050863325,0.6573132714277427,0.6388548369131014,0.7170522184287884,0.5709390344836802,0.571104856567547,0.5245773505675106,0.6035765129340828,0.4862477090953766,0.49620290867791,0.43074166591284613,0.508058684713276,0.7881599392002487,0.2750337893138305,0.008321101320907473,0.6,0.1,4.264550573580368,4.934857726260807,3.491533935368622,0.9547713896479241,5,1.0,True
perimeter,41,41,"primary performance rank: descending mean moderate-penalty whole-grid cosine; then descending mean light-penalty and raw whole-grid cosine, descending support cosine, ascending leakage, descending minimum moderate score, then ascending B/P/S. light_penalty_rank applies the same deterministic rule with the light score first.",b050_p00100_s150,50,100,150,5,0.6704924952667615,0.6568678489248023,0.6517639383090744,0.7191676236336207,0.5655413158563107,0.5590480007941867,0.540933888489729,0.5890717759181205,0.47733034340671965,0.4757953486436442,0.44769298345870706,0.5170936981439754,0.7954376554780423,0.28747472353090026,0.01088392618112266,0.4,0.118,4.849101918159614,5.3553031517939775,4.647678109213118,1.3264856986886704,5,1.0,True
perimeter,42,43,"primary performance rank: descending mean moderate-penalty whole-grid cosine; then descending mean light-penalty and raw whole-grid cosine, descending support cosine, ascending leakage, descending minimum moderate score, then ascending B/P/S. light_penalty_rank applies the same deterministic rule with the light score first.",b050_p00100_s050,50,100,50,5,0.6438975012179871,0.6642810543310089,0.5462370142142707,0.6912977859733471,0.545931331889126,0.5747443574554156,0.4573028872255962,0.5905134622386357,0.4630848857548388,0.49727607655393974,0.3828483336408125,0.511296856571659,0.7598001837363827,0.2820860495580109,0.009282653219997883,0.6,0.1,4.264550573580368,4.934857726260807,3.5284123743662996,0.9899432612588349,5,1.0,True
perimeter,43,42,"primary performance rank: descending mean moderate-penalty whole-grid cosine; then descending mean light-penalty and raw whole-grid cosine, descending support cosine, ascending leakage, descending minimum moderate score, then ascending B/P/S. light_penalty_rank applies the same deterministic rule with the light score first.",b100_p00100_s100,100,100,100,5,0.6496500810328256,0.6430987755907118,0.5837961458500627,0.724088351168632,0.5479822397542282,0.5487714712568026,0.5081072497756073,0.5950408411968903,0.4627165783314924,0.4682797403691794,0.4097853361984935,0.4889922647158331,0.7709969094286638,0.285819799037344,0.006614955421537161,0.0,0.27199999999999996,4.945344028650353,3.7680456209606006,4.1166082034203075,1.132646771091133,5,1.0,True
perimeter,44,44,"primary performance rank: descending mean moderate-penalty whole-grid cosine; then descending mean light-penalty and raw whole-grid cosine, descending support cosine, ascending leakage, descending minimum moderate score, then ascending B/P/S. light_penalty_rank applies the same deterministic rule with the light score first.",b050_p00100_s200,50,100,200,5,0.6417682303246404,0.641947619516465,0.6264812669393803,0.6561628485291683,0.5443621730058844,0.5462464595324524,0.5253235242583209,0.5622048609441352,0.46192035673254106,0.47104875717336714,0.42988679566573984,0.48566983470251285,0.756904241716136,0.2803375931074474,0.007469351007603109,0.6,0.10400000000000001,5.407946817128119,5.4904916790745455,4.176374276731281,1.1600426579053849,5,1.0,True
perimeter,45,45,"primary performance rank: descending mean moderate-penalty whole-grid cosine; then descending mean light-penalty and raw whole-grid cosine, descending support cosine, ascending leakage, descending minimum moderate score, then ascending B/P/S. light_penalty_rank applies the same deterministic rule with the light score first.",b050_p00100_s100,50,100,100,5,0.6388325364405675,0.641270270592273,0.6110778941703596,0.6585166968010148,0.5337532059268428,0.5335456967010853,0.5003958471356819,0.5641115227519504,0.44626462230413777,0.44391736764176865,0.40976118792611715,0.4884695952082889,0.7651240247946467,0.3021631919656012,0.006212360290810466,0.0,0.27199999999999996,4.945344028650353,3.7680456209606006,3.9541446196732144,1.115013384621758,5,1.0,True
perimeter,46,46,"primary performance rank: descending mean moderate-penalty whole-grid cosine; then descending mean light-penalty and raw whole-grid cosine, descending support cosine, ascending leakage, descending minimum moderate score, then ascending B/P/S. light_penalty_rank applies the same deterministic rule with the light score first.",b100_p00100_s200,100,100,200,5,0.6345401548017444,0.650166769855717,0.6002674930182993,0.6570488939032337,0.5275907662143199,0.5378628085618604,0.45867832362726385,0.5663154221108596,0.43942756535804134,0.4466386311661553,0.35048675301013393,0.48811155500983744,0.7645642065310467,0.30881377752614114,0.007250466593541205,0.6,0.10400000000000001,5.407946817128119,5.4904916790745455,4.606503878370987,1.2520664320661918,5,1.0,True
perimeter,47,47,"primary performance rank: descending mean moderate-penalty whole-grid cosine; then descending mean light-penalty and raw whole-grid cosine, descending support cosine, ascending leakage, descending minimum moderate score, then ascending B/P/S. light_penalty_rank applies the same deterministic rule with the light score first.",b010_p00100_s100,10,100,100,5,0.6252441885231435,0.6242320057917791,0.5720216912994752,0.6691317873724991,0.5161615157300836,0.5210714460734973,0.43271756849737825,0.5877051827639577,0.4273382315065194,0.43495919689144114,0.3273381008697685,0.5161873764866256,0.7596166227172825,0.32046359540695046,0.004445567261427641,0.0,0.27199999999999996,4.945344028650353,3.7680456209606006,2.711488271319326,0.9476351543024011,5,1.0,True
perimeter,48,49,"primary performance rank: descending mean moderate-penalty whole-grid cosine; then descending mean light-penalty and raw whole-grid cosine, descending support cosine, ascending leakage, descending minimum moderate score, then ascending B/P/S. light_penalty_rank applies the same deterministic rule with the light score first.",b010_p00100_s200,10,100,200,5,0.6131949182902142,0.6334552479751724,0.5068515392527556,0.6691322544517183,0.5090012262280182,0.5438578143155012,0.3613239082743458,0.5877055528789557,0.4245399144019627,0.46693325714404205,0.257580290439925,0.5161876663198297,0.7426188632883605,0.31651863176391287,0.008844732798170298,0.6,0.10400000000000001,5.407946817128119,5.4904916790745455,2.9337962333551775,1.0389046775471542,5,1.0,True
perimeter,49,48,"primary performance rank: descending mean moderate-penalty whole-grid cosine; then descending mean light-penalty and raw whole-grid cosine, descending support cosine, ascending leakage, descending minimum moderate score, then ascending B/P/S. light_penalty_rank applies the same deterministic rule with the light score first.",b050_p00100_s250,50,100,250,5,0.6278551266737229,0.6484955710773362,0.542293551314842,0.6512715457943782,0.515195820240656,0.5409406423120297,0.38644886013093105,0.5582151922312084,0.42435415081232497,0.45127677056186905,0.27539092274728394,0.48050320578143885,0.7683730074542756,0.3296619049601417,0.008403536211699248,0.2,0.426,5.471795068753843,4.4062522394903,4.5757315448501785,1.3022124481181643,5,1.0,True
perimeter,50,50,"primary performance rank: descending mean moderate-penalty whole-grid cosine; then descending mean light-penalty and raw whole-grid cosine, descending support cosine, ascending leakage, descending minimum moderate score, then ascending B/P/S. light_penalty_rank applies the same deterministic rule with the light score first.",b010_p00100_s250,10,100,250,5,0.577529134228629,0.6217753233167088,0.38940605020102076,0.6348167430324907,0.4799823781783042,0.5154470101380463,0.3324909703822759,0.523715862625975,0.3990926856587286,0.4296400429847409,0.2838945243112653,0.44112124505520484,0.6952192704727652,0.30587664888101507,0.013070708285085858,0.2,0.426,5.471795068753843,4.4062522394903,4.504965993144987,1.5359274211170855,5,1.0,True
perimeter,51,51,"primary performance rank: descending mean moderate-penalty whole-grid cosine; then descending mean light-penalty and raw whole-grid cosine, descending support cosine, ascending leakage, descending minimum moderate score, then ascending B/P/S. light_penalty_rank applies the same deterministic rule with the light score first.",b010_p00100_s150,10,100,150,5,0.37760051104494013,0.627895835110864,-0.03715164651283304,0.6538414968311274,0.32511716445930566,0.5155506868736442,0.0,0.5611613765154764,0.2746295927789637,0.42330669495356166,0.0,0.4816183922539815,0.556021508018043,0.4389708494769504,0.007169210654683411,0.4,0.118,4.849101918159614,5.3553031517939775,3.457885398144826,1.1186313386211046,5,1.0,True
perimeter,52,52,"primary performance rank: descending mean moderate-penalty whole-grid cosine; then descending mean light-penalty and raw whole-grid cosine, descending support cosine, ascending leakage, descending minimum moderate score, then ascending B/P/S. light_penalty_rank applies the same deterministic rule with the light score first.",b010_p00100_s050,10,100,50,5,0.3373165315861894,0.5447732337390848,-0.1938489092081578,0.669131828773211,0.3096329413606257,0.4364635848617546,0.0,0.5877052077866173,0.25568060510048424,0.3496876298471244,0.0,0.5161873885042414,0.4118063021790855,0.3051012015955084,0.005812936532311142,0.6,0.1,4.264550573580368,4.934857726260807,2.853933117401259,0.9438084591143712,5,1.0,True
reference,1,1,"primary performance rank: descending mean moderate-penalty whole-grid cosine; then descending mean light-penalty and raw whole-grid cosine, descending support cosine, ascending leakage, descending minimum moderate score, then ascending B/P/S. light_penalty_rank applies the same deterministic rule with the light score first.",b010_p01000_s150,10,1000,150,5,0.9340990596519344,0.9335186821156658,0.9103978582635015,0.9605002209696395,0.9145206278130555,0.9126445311772645,0.880342965171772,0.9520925813686844,0.8954088194496521,0.892237141307224,0.851280271908454,0.9437585371736609,0.9541565671811479,0.04165724470423985,0.20359666150063277,1.0,0.0,15.661050564615156,56.24806630432406,12.888872315220109,4.357427626147408,5,1.0,True
reference,2,2,"primary performance rank: descending mean moderate-penalty whole-grid cosine; then descending mean light-penalty and raw whole-grid cosine, descending support cosine, ascending leakage, descending minimum moderate score, then ascending B/P/S. light_penalty_rank applies the same deterministic rule with the light score first.",b050_p02500_s250,50,2500,250,5,0.9315709109582349,0.9289236570502826,0.9070543133264493,0.9576893469975,0.9107612622541538,0.9075388906563482,0.8644656555064113,0.951576300097818,0.8905849493342352,0.8866464233122359,0.8238766505718337,0.9455022735156481,0.9530384579001858,0.04446995171676466,0.25555147472769024,1.0,0.0,25.016581093127044,151.87486500325548,29.575777619134534,8.163545176050544,5,1.0,True
reference,3,8,"primary performance rank: descending mean moderate-penalty whole-grid cosine; then descending mean light-penalty and raw whole-grid cosine, descending support cosine, ascending leakage, descending minimum moderate score, then ascending B/P/S. light_penalty_rank applies the same deterministic rule with the light score first.",b050_p01000_s050,50,1000,50,5,0.9268413228985052,0.9308323642604076,0.9021161615585559,0.9549633147486717,0.9084309721310785,0.9105425394163065,0.873344455812729,0.950367196112646,0.8904862055694119,0.8846650763811201,0.8454903825036097,0.9457931980190435,0.9457305258877617,0.03953704308387245,0.24282793514430523,1.0,0.0,12.228342560542043,41.9257002675755,14.355463394814194,4.054116314437214,5,1.0,True
reference,4,5,"primary performance rank: descending mean moderate-penalty whole-grid cosine; then descending mean light-penalty and raw whole-grid cosine, descending support cosine, ascending leakage, descending minimum moderate score, then ascending B/P/S. light_penalty_rank applies the same deterministic rule with the light score first.",b100_p02500_s250,100,2500,250,5,0.9303646894264903,0.927254808961569,0.9076289356879687,0.9566545823970057,0.9097863506511106,0.9058332043265469,0.8658374587849161,0.9504209187646198,0.8898234081118979,0.884906485391447,0.825970256740305,0.9442278743515392,0.9515817743010248,0.04402149193150056,0.257023599576205,1.0,0.0,25.016581093127044,151.87486500325548,30.645751390738393,7.933093814884041,5,1.0,True
reference,5,3,"primary performance rank: descending mean moderate-penalty whole-grid cosine; then descending mean light-penalty and raw whole-grid cosine, descending support cosine, ascending leakage, descending minimum moderate score, then ascending B/P/S. light_penalty_rank applies the same deterministic rule with the light score first.",b100_p01000_s250,100,1000,250,5,0.9306388707016529,0.9281296260475936,0.9138843282158889,0.9548648040655285,0.9098310999745663,0.905260046382051,0.8844215673208449,0.9464772177186836,0.8895429215455699,0.8829539846340496,0.8559086577940294,0.9381633084038399,0.9519803711532383,0.04437304895830309,0.19746570222079754,1.0,0.0,15.722963665950497,58.24093926473972,19.177473765170447,5.344690045368067,5,1.0,True
reference,6,11,"primary performance rank: descending mean moderate-penalty whole-grid cosine; then descending mean light-penalty and raw whole-grid cosine, descending support cosine, ascending leakage, descending minimum moderate score, then ascending B/P/S. light_penalty_rank applies the same deterministic rule with the light score first.",b100_p01000_s050,100,1000,50,5,0.9265444784664467,0.9291704082701648,0.9002598063753972,0.9551478803221913,0.9075092069447045,0.9134258038825124,0.8691842325575599,0.9507235389785988,0.8889700575789579,0.8884158538503114,0.8391813394050919,0.9463196916304683,0.9460905327751077,0.04089956671726478,0.24135735914111134,1.0,0.0,12.228342560542043,41.9257002675755,14.663468578998897,3.9734616207663445,5,1.0,True
reference,7,4,"primary performance rank: descending mean moderate-penalty whole-grid cosine; then descending mean light-penalty and raw whole-grid cosine, descending support cosine, ascending leakage, descending minimum moderate score, then ascending B/P/S. light_penalty_rank applies the same deterministic rule with the light score first.",b050_p02500_s200,50,2500,200,5,0.931667387514753,0.9297154512782184,0.9092327770849185,0.955381580265582,0.9098166287258718,0.9073622478506709,0.8645179512817881,0.948112495243847,0.8886638281512308,0.8855464838114722,0.82200213952324,0.9408987175444894,0.9542445970830974,0.046618374977578814,0.2557338893786073,1.0,0.0,25.717354565506678,155.21924241709797,27.83592192652596,7.377818527297704,5,1.0,True
reference,8,6,"primary performance rank: descending mean moderate-penalty whole-grid cosine; then descending mean light-penalty and raw whole-grid cosine, descending support cosine, ascending leakage, descending minimum moderate score, then ascending B/P/S. light_penalty_rank applies the same deterministic rule with the light score first.",b100_p02500_s200,100,2500,200,5,0.9305965709463042,0.9277461826922305,0.9073720764604053,0.9564150722916317,0.9087125140374577,0.9054616357758699,0.8626732465600013,0.949013066313475,0.8875292808792434,0.8837123656847142,0.8201763638500589,0.9416683468567126,0.953210114867144,0.04675767723843721,0.2565886842645705,1.0,0.0,25.717354565506678,155.21924241709797,28.83148078859487,7.726858746182285,5,1.0,True
reference,9,14,"primary performance rank: descending mean moderate-penalty whole-grid cosine; then descending mean light-penalty and raw whole-grid cosine, descending support cosine, ascending leakage, descending minimum moderate score, then ascending B/P/S. light_penalty_rank applies the same deterministic rule with the light score first.",b100_p02500_s150,100,2500,150,5,0.9276666120225503,0.9225522083506981,0.9030574796352175,0.9558339349176679,0.9071697387831549,0.9015859391592045,0.8622276287993831,0.9489838940541652,0.8872763993461102,0.8810961573034206,0.8232438140762774,0.9421829444167819,0.9487894128335947,0.04398390351190967,0.2644957317411899,1.0,0.0,24.406312984511665,145.8077854050238,27.074900125146748,7.059418731209293,5,1.0,True
reference,10,10,"primary performance rank: descending mean moderate-penalty whole-grid cosine; then descending mean light-penalty and raw whole-grid cosine, descending support cosine, ascending leakage, descending minimum moderate score, then ascending B/P/S. light_penalty_rank applies the same deterministic rule with the light score first.",b050_p01000_s200,50,1000,200,5,0.9301769890180818,0.930442969335781,0.9083454113455355,0.9569346815130692,0.9082649442132,0.9056333336088717,0.8755732961445823,0.9499766693075832,0.8869624740507961,0.886046131367639,0.8439835632415191,0.9430692498277943,0.9527175600858314,0.046743156561575835,0.19631654359400272,1.0,0.0,15.799672661725955,60.061786045335126,18.686312157021085,4.811018986100545,5,1.0,True
reference,11,7,"primary performance rank: descending mean moderate-penalty whole-grid cosine; then descending mean light-penalty and raw whole-grid cosine, descending support cosine, ascending leakage, descending minimum moderate score, then ascending B/P/S. light_penalty_rank applies the same deterministic rule with the light score first.",b050_p01000_s250,50,1000,250,5,0.930891463782683,0.9337195943381731,0.9076095650748868,0.956704758721476,0.9084926518242229,0.9098307759437593,0.8727175961025607,0.9483119449162094,0.8867159506967497,0.8865531427999728,0.8391670073289608,0.9399927581342515,0.9539318408741957,0.047746597362151436,0.19762195989489556,1.0,0.0,15.722963665950497,58.24093926473972,18.013481903194666,5.356839983279474,5,1.0,True
reference,12,12,"primary performance rank: descending mean moderate-penalty whole-grid cosine; then descending mean light-penalty and raw whole-grid cosine, descending support cosine, ascending leakage, descending minimum moderate score, then ascending B/P/S. light_penalty_rank applies the same deterministic rule with the light score first.",b100_p01000_s200,100,1000,200,5,0.9290754506477356,0.928904392907606,0.9059146047941738,0.9531984582409972,0.9074235944350866,0.9041257105435252,0.8710213883874507,0.9453628211757722,0.886369956791409,0.8866343458049755,0.8374721579864318,0.9375915958893191,0.9513444514092784,0.046257355424408696,0.19596440698951484,1.0,0.0,15.799672661725955,60.061786045335126,17.625014384221764,4.485350816837468,5,1.0,True
reference,13,9,"primary performance rank: descending mean moderate-penalty whole-grid cosine; then descending mean light-penalty and raw whole-grid cosine, descending support cosine, ascending leakage, descending minimum moderate score, then ascending B/P/S. light_penalty_rank applies the same deterministic rule with the light score first.",b010_p01000_s200,10,1000,200,5,0.9310803562038755,0.9312673772827101,0.9045348998768975,0.9608521783306777,0.9082769837789822,0.8989265764843629,0.8746122410916435,0.9523327279143381,0.8861382533128657,0.8694258776631456,0.8456794451728202,0.9438888156890266,0.9545700413579749,0.048573609642949864,0.19506487399339675,1.0,0.0,15.799672661725955,60.061786045335126,14.40439855907791,4.686960247390242,5,1.0,True
reference,14,13,"primary performance rank: descending mean moderate-penalty whole-grid cosine; then descending mean light-penalty and raw whole-grid cosine, descending support cosine, ascending leakage, descending minimum moderate score, then ascending B/P/S. light_penalty_rank applies the same deterministic rule with the light score first.",b100_p01000_s150,100,1000,150,5,0.9290133902745217,0.9295054092211564,0.9083758208288862,0.9578526614654604,0.9072435798924309,0.9072671796205894,0.8747555089897119,0.9498655786989268,0.8860627703282219,0.8834045000680669,0.8423795338471394,0.9419450964584302,0.9513900553092824,0.046526025493183715,0.1981577021256089,1.0,0.0,15.661050564615156,56.24806630432406,17.22334450490873,4.563610835396048,5,1.0,True
reference,15,17,"primary performance rank: descending mean moderate-penalty whole-grid cosine; then descending mean light-penalty and raw whole-grid cosine, descending support cosine, ascending leakage, descending minimum moderate score, then ascending B/P/S. light_penalty_rank applies the same deterministic rule with the light score first.",b050_p02500_s150,50,2500,150,5,0.9265904110297706,0.9185348056218441,0.9025829764275289,0.9554313307702166,0.905615271210182,0.8961058810216385,0.8621886145263913,0.9483125426520994,0.8852631374368913,0.8742246293627768,0.8236020692094511,0.941246795650218,0.9482114170221895,0.0450696095450701,0.2624532281048596,1.0,0.0,24.406312984511665,145.8077854050238,26.946000810417974,7.214368710166238,5,1.0,True
reference,16,15,"primary performance rank: descending mean moderate-penalty whole-grid cosine; then descending mean light-penalty and raw whole-grid cosine, descending support cosine, ascending leakage, descending minimum moderate score, then ascending B/P/S. light_penalty_rank applies the same deterministic rule with the light score first.",b050_p01000_s150,50,1000,150,5,0.9283174492746739,0.9257829895499162,0.9086495113674923,0.9601517341210984,0.9061725512454171,0.902883346129879,0.8737060898500609,0.9522093337440566,0.884643072438705,0.8805501353130373,0.8401064677757254,0.9443326331116567,0.9510970706740445,0.0473677421543158,0.19970407523214817,1.0,0.0,15.661050564615156,56.24806630432406,16.415826332273692,4.446256256770846,5,1.0,True
reference,17,18,"primary performance rank: descending mean moderate-penalty whole-grid cosine; then descending mean light-penalty and raw whole-grid cosine, descending support cosine, ascending leakage, descending minimum moderate score, then ascending B/P/S. light_penalty_rank applies the same deterministic rule with the light score first.",b500_p01000_s100,500,1000,100,5,0.9266726028926089,0.9242498094344135,0.9075812300819269,0.9512601160918824,0.9051249908461407,0.9042802657659911,0.8814171029867925,0.9437774512802927,0.8841455419866436,0.8847421884286994,0.8531934136438286,0.936353645524954,0.9488046409035273,0.04613490763224998,0.20991577798500657,1.0,0.0,14.894390649463446,53.23814657422395,17.742718153264523,4.440473775058892,5,1.0,True
reference,18,19,"primary performance rank: descending mean moderate-penalty whole-grid cosine; then descending mean light-penalty and raw whole-grid cosine, descending support cosine, ascending leakage, descending minimum moderate score, then ascending B/P/S. light_penalty_rank applies the same deterministic rule with the light score first.",b100_p01000_s100,100,1000,100,5,0.9265483167836048,0.9232195044097857,0.907880276148638,0.9509298045507395,0.9043599110229188,0.9014347341010797,0.8743995875026912,0.9429090894596167,0.8827803342943923,0.8801640086269295,0.8421535952607263,0.9349560259136082,0.949364103306289,0.0474937520075675,0.20955192168243228,1.0,0.0,14.894390649463446,53.23814657422395,17.290922225153516,4.550228901322903,5,1.0,True
reference,19,16,"primary performance rank: descending mean moderate-penalty whole-grid cosine; then descending mean light-penalty and raw whole-grid cosine, descending support cosine, ascending leakage, descending minimum moderate score, then ascending B/P/S. light_penalty_rank applies the same deterministic rule with the light score first.",b010_p01000_s250,10,1000,250,5,0.9293410236263651,0.9342326442322785,0.9108894726741855,0.9492106183047382,0.9056830554014805,0.9027080444423692,0.8878605340111143,0.940897788910431,0.8827020705026808,0.8722472058023719,0.8602945487050856,0.9326577601477289,0.9536969223638548,0.0503205478215885,0.19749576564878224,1.0,0.0,15.722963665950497,58.24093926473972,16.025394761823588,5.605135280791819,5,1.0,True
reference,20,20,"primary performance rank: descending mean moderate-penalty whole-grid cosine; then descending mean light-penalty and raw whole-grid cosine, descending support cosine, ascending leakage, descending minimum moderate score, then ascending B/P/S. light_penalty_rank applies the same deterministic rule with the light score first.",b010_p01000_s050,10,1000,50,5,0.9254674223671495,0.9300378452849464,0.8963020339213408,0.9548511386230614,0.9036508371372423,0.9069794445015832,0.8682014198345364,0.9501583908059164,0.8824848696157916,0.8751263170984899,0.8409818084479052,0.9454887061461417,0.9479562445389462,0.04680007806443596,0.24593193609267475,1.0,0.0,12.228342560542043,41.9257002675755,11.460486936374398,3.855928133411291,5,1.0,True
reference,21,21,"primary performance rank: descending mean moderate-penalty whole-grid cosine; then descending mean light-penalty and raw whole-grid cosine, descending support cosine, ascending leakage, descending minimum moderate score, then ascending B/P/S. light_penalty_rank applies the same deterministic rule with the light score first.",b050_p01000_s100,50,1000,100,5,0.9235978109269635,0.9194559730135141,0.903851783958307,0.9505768099355375,0.8993610922310568,0.8929536079313776,0.8687784255297056,0.9426533073260276,0.8758571552509234,0.8703153185551332,0.8350660651024292,0.9347958508192068,0.9485917339294871,0.05198249388028438,0.21020123660564421,1.0,0.0,14.894390649463446,53.23814657422395,15.338199983542046,4.312158694834195,5,1.0,True
reference,22,22,"primary performance rank: descending mean moderate-penalty whole-grid cosine; then descending mean light-penalty and raw whole-grid cosine, descending support cosine, ascending leakage, descending minimum moderate score, then ascending B/P/S. light_penalty_rank applies the same deterministic rule with the light score first.",b010_p01000_s100,10,1000,100,5,0.9170248739206937,0.913533259478846,0.8990213113829492,0.9489931907406182,0.8903473392015284,0.8809060852413111,0.8673204722718757,0.9401268638599839,0.8645869500094114,0.8456951293919627,0.8331779803115703,0.931343373982946,0.944654809559502,0.057540147878164714,0.20748132817447185,1.0,0.0,14.894390649463446,53.23814657422395,13.097983955684995,4.488230857042687,5,1.0,True
reference,23,23,"primary performance rank: descending mean moderate-penalty whole-grid cosine; then descending mean light-penalty and raw whole-grid cosine, descending support cosine, ascending leakage, descending minimum moderate score, then ascending B/P/S. light_penalty_rank applies the same deterministic rule with the light score first.",b010_p10000_s050,10,10000,50,5,0.8848222168059456,0.8796168483639104,0.8507338028650062,0.9369779674136193,0.8535410367400523,0.8485278818055174,0.7915141236801327,0.9288657242227671,0.823707857395504,0.8185377162119613,0.7364167332663755,0.9208237158633372,0.9176350611232102,0.07026230169938497,0.4826450560986995,1.0,0.0,39.12992517909299,425.3649234953288,44.51493559677973,14.847946124016923,5,1.0,True
reference,24,24,"primary performance rank: descending mean moderate-penalty whole-grid cosine; then descending mean light-penalty and raw whole-grid cosine, descending support cosine, ascending leakage, descending minimum moderate score, then ascending B/P/S. light_penalty_rank applies the same deterministic rule with the light score first.",b050_p10000_s050,50,10000,50,5,0.8844260264963697,0.8834739695381577,0.8508759703672231,0.9369861982742772,0.8527569655063016,0.8567473196987636,0.7885709252475045,0.927266571328739,0.8226060885581188,0.8308291982781649,0.7304032310477185,0.9176477688650708,0.917707426529595,0.0711252067378439,0.4739447556436061,1.0,0.0,39.12992517909299,425.3649234953288,46.75467313759069,13.158893676087619,5,1.0,True
reference,25,25,"primary performance rank: descending mean moderate-penalty whole-grid cosine; then descending mean light-penalty and raw whole-grid cosine, descending support cosine, ascending leakage, descending minimum moderate score, then ascending B/P/S. light_penalty_rank applies the same deterministic rule with the light score first.",b100_p10000_s050,100,10000,50,5,0.8832084760176109,0.8797101487397951,0.8503865212086144,0.9340282627726874,0.8510109248342357,0.852043153018549,0.7871648558171332,0.9247785571347801,0.8203812846432186,0.8252462878207896,0.728513253902104,0.9156204515670184,0.9170720827568368,0.07236801793147536,0.4723757772147654,1.0,0.0,39.12992517909299,425.3649234953288,47.82528837453824,12.72851129473271,5,1.0,True
reference,26,26,"primary performance rank: descending mean moderate-penalty whole-grid cosine; then descending mean light-penalty and raw whole-grid cosine, descending support cosine, ascending leakage, descending minimum moderate score, then ascending B/P/S. light_penalty_rank applies the same deterministic rule with the light score first.",b100_p10000_s250,100,10000,250,5,0.889540486703973,0.8800136343106174,0.853613571786467,0.9368096696111937,0.8474456582984834,0.8397126073130241,0.7830692864434213,0.9260765028889982,0.8081396872884513,0.8087680965821068,0.7183549180077957,0.9154663076428916,0.9346557808838579,0.09299963921104483,0.3581945572048425,1.0,0.0,51.19583118303299,594.0493269539413,65.06197725106111,16.580734130531148,5,1.0,True
reference,27,27,"primary performance rank: descending mean moderate-penalty whole-grid cosine; then descending mean light-penalty and raw whole-grid cosine, descending support cosine, ascending leakage, descending minimum moderate score, then ascending B/P/S. light_penalty_rank applies the same deterministic rule with the light score first.",b050_p10000_s250,50,10000,250,5,0.8888274852482795,0.8799210793628949,0.8553610168589278,0.9355597959426208,0.8469916471629659,0.8379215163107889,0.7862262259226668,0.9244857838030167,0.8078896072911208,0.8067105500466826,0.7226792735991032,0.9135428522692702,0.9336205882302364,0.09244813568204129,0.3579564010351895,1.0,0.0,51.19583118303299,594.0493269539413,58.63333672701792,16.13967660119584,5,1.0,True
reference,28,28,"primary performance rank: descending mean moderate-penalty whole-grid cosine; then descending mean light-penalty and raw whole-grid cosine, descending support cosine, ascending leakage, descending minimum moderate score, then ascending B/P/S. light_penalty_rank applies the same deterministic rule with the light score first.",b010_p10000_s250,10,10000,250,5,0.8874136754594273,0.8766973880961917,0.8569772852353505,0.9354829459937449,0.845702737396292,0.8359741817065612,0.7865929126339198,0.9239747387685789,0.8067740048291345,0.8058047309632294,0.7219892765722405,0.9126081042295902,0.9321406204307836,0.09226845903433677,0.35996286066249,1.0,0.0,51.19583118303299,594.0493269539413,40.0045042223707,14.05030190848087,5,1.0,True
reference,29,31,"primary performance rank: descending mean moderate-penalty whole-grid cosine; then descending mean light-penalty and raw whole-grid cosine, descending support cosine, ascending leakage, descending minimum moderate score, then ascending B/P/S. light_penalty_rank applies the same deterministic rule with the light score first.",b010_p10000_s200,10,10000,200,5,0.887950103349333,0.8821119468468959,0.844770571541653,0.9419128493849254,0.8454999652544242,0.8523939694335437,0.7703729936234986,0.933510795474067,0.805981061264861,0.8236771780767883,0.702527490063222,0.9251836895904779,0.9335864668406556,0.09433899175236224,0.371092014759779,1.0,0.0,49.73269878142084,587.9855359370836,50.60464621719134,17.958488874229936,5,1.0,True
reference,30,30,"primary performance rank: descending mean moderate-penalty whole-grid cosine; then descending mean light-penalty and raw whole-grid cosine, descending support cosine, ascending leakage, descending minimum moderate score, then ascending B/P/S. light_penalty_rank applies the same deterministic rule with the light score first.",b100_p10000_s150,100,10000,150,5,0.8880688992363946,0.8912855134123824,0.8422395246966332,0.9399090682413774,0.8455274258611951,0.8648191585961124,0.7654208567781879,0.9313333994194866,0.8059779071500583,0.8391387112435224,0.695608637224761,0.922835974438652,0.9338695866244047,0.09454908852078925,0.3800340987369418,1.0,0.0,49.232629918426554,566.4915706828546,57.5310900425276,15.066561502566785,5,1.0,True
reference,31,29,"primary performance rank: descending mean moderate-penalty whole-grid cosine; then descending mean light-penalty and raw whole-grid cosine, descending support cosine, ascending leakage, descending minimum moderate score, then ascending B/P/S. light_penalty_rank applies the same deterministic rule with the light score first.",b050_p10000_s150,50,10000,150,5,0.8883420311285445,0.8901983160046297,0.8420306941214614,0.9414223128002405,0.8455809489227075,0.8634648569209912,0.7649045571772107,0.9331261375612251,0.805844357460348,0.83753422774809,0.6948428194781082,0.9249030714069008,0.9343990751671216,0.09502344449109551,0.38012421073392033,1.0,0.0,49.232629918426554,566.4915706828546,56.41488045008748,15.350134694067762,5,1.0,True
reference,32,32,"primary performance rank: descending mean moderate-penalty whole-grid cosine; then descending mean light-penalty and raw whole-grid cosine, descending support cosine, ascending leakage, descending minimum moderate score, then ascending B/P/S. light_penalty_rank applies the same deterministic rule with the light score first.",b100_p10000_s200,100,10000,200,5,0.8873425479208145,0.8830633234892813,0.8446804084137598,0.9422044361510865,0.8443515664221974,0.8538962100216881,0.7710753609173759,0.9332579923614538,0.8043958348429794,0.8256924708505949,0.7038842221170857,0.9243964970749378,0.9336403889978339,0.0955708827801806,0.3680277852714061,1.0,0.0,49.73269878142084,587.9855359370836,61.728197529782605,16.65567577336253,5,1.0,True
reference,33,33,"primary performance rank: descending mean moderate-penalty whole-grid cosine; then descending mean light-penalty and raw whole-grid cosine, descending support cosine, ascending leakage, descending minimum moderate score, then ascending B/P/S. light_penalty_rank applies the same deterministic rule with the light score first.",b010_p10000_s150,10,10000,150,5,0.88650223464526,0.8859553480556377,0.83571326727492,0.9400533229559873,0.8438577856670333,0.860632422668926,0.7559005957800676,0.9326802794973676,0.8042644560874544,0.8360332928454426,0.6837102306199185,0.9253650644283884,0.932475772065455,0.09501964610497801,0.3780138876289129,1.0,0.0,49.232629918426554,566.4915706828546,50.94526766936858,17.49883951252585,5,1.0,True
reference,34,35,"primary performance rank: descending mean moderate-penalty whole-grid cosine; then descending mean light-penalty and raw whole-grid cosine, descending support cosine, ascending leakage, descending minimum moderate score, then ascending B/P/S. light_penalty_rank applies the same deterministic rule with the light score first.",b010_p10000_s100,10,10000,100,5,0.8823410855131314,0.8784673452125915,0.8413080745517015,0.9389593336973094,0.8420037586479541,0.8504414350621826,0.7772339457359542,0.9292718212195422,0.8041521341424467,0.8233096408331443,0.7180397106329643,0.9196842575836884,0.9253529245884989,0.09034786585494967,0.4185725861042737,1.0,0.0,43.09118608385957,526.2156435793119,38.66951015269448,12.75092765535663,5,1.0,True
reference,35,34,"primary performance rank: descending mean moderate-penalty whole-grid cosine; then descending mean light-penalty and raw whole-grid cosine, descending support cosine, ascending leakage, descending minimum moderate score, then ascending B/P/S. light_penalty_rank applies the same deterministic rule with the light score first.",b050_p10000_s200,50,10000,200,5,0.8869185412945487,0.8829396456372047,0.84360797302099,0.9418184030167109,0.8438508055854974,0.8538610382465077,0.7686725225673281,0.9331066363837615,0.8038499701230656,0.8257401015323517,0.7003933886899364,0.9244754530964164,0.9333301336267746,0.095783557720001,0.36903447866439815,1.0,0.0,49.73269878142084,587.9855359370836,57.67669983067101,16.30582771984662,5,1.0,True
reference,36,36,"primary performance rank: descending mean moderate-penalty whole-grid cosine; then descending mean light-penalty and raw whole-grid cosine, descending support cosine, ascending leakage, descending minimum moderate score, then ascending B/P/S. light_penalty_rank applies the same deterministic rule with the light score first.",b050_p10000_s100,50,10000,100,5,0.8820078070044852,0.8818302794922702,0.8455897156146005,0.9363888065849908,0.8400310459937825,0.8510810691480859,0.7829187883916834,0.9260489988917011,0.8007090685332214,0.8214040763935895,0.7198095709331439,0.91582336559091,0.9268466289889116,0.09383275719506028,0.42091838732361797,1.0,0.0,43.09118608385957,526.2156435793119,46.6193385623838,13.099902775521192,5,1.0,True
reference,37,37,"primary performance rank: descending mean moderate-penalty whole-grid cosine; then descending mean light-penalty and raw whole-grid cosine, descending support cosine, ascending leakage, descending minimum moderate score, then ascending B/P/S. light_penalty_rank applies the same deterministic rule with the light score first.",b100_p10000_s100,100,10000,100,5,0.8808380108926865,0.8804304942885002,0.8419957356814561,0.9364865812674827,0.8386960170541267,0.849606200086748,0.7792449733668311,0.9261063328470195,0.7992429162507497,0.819861079220313,0.7174719571267216,0.9158411416622133,0.925881290100372,0.09435609704746914,0.42080387048423284,1.0,0.0,43.09118608385957,526.2156435793119,50.12405293730158,13.470018962795795,5,1.0,True
reference,38,38,"primary performance rank: descending mean moderate-penalty whole-grid cosine; then descending mean light-penalty and raw whole-grid cosine, descending support cosine, ascending leakage, descending minimum moderate score, then ascending B/P/S. light_penalty_rank applies the same deterministic rule with the light score first.",b100_p00100_s150,100,100,150,5,0.8787413944840214,0.8795120849447259,0.8593777320258663,0.8987909411887539,0.8317414528036805,0.831827839256807,0.7994424900735515,0.8602046909512369,0.7876757793967367,0.7824375972392978,0.7331826318949506,0.8295838505781782,0.9288891786866612,0.10348768065863134,0.05479511541780084,0.8,0.024,4.661292501052473,6.486955428383479,5.235505866685833,1.4155874352527504,5,1.0,True
reference,39,39,"primary performance rank: descending mean moderate-penalty whole-grid cosine; then descending mean light-penalty and raw whole-grid cosine, descending support cosine, ascending leakage, descending minimum moderate score, then ascending B/P/S. light_penalty_rank applies the same deterministic rule with the light score first.",b100_p00100_s250,100,100,250,5,0.8746496590276136,0.877018610997314,0.8435072313724996,0.8934750254166606,0.8279627041573043,0.824668587357937,0.8060847125884902,0.8581413599427666,0.7843312160454696,0.7754433833525777,0.7441446744168289,0.8260060780975056,0.9246235635877473,0.1026679071094793,0.055093074976466594,0.8,0.12000000000000002,4.884925429018068,5.793256222823939,5.695115100358054,1.4946757872725838,5,1.0,True
reference,40,40,"primary performance rank: descending mean moderate-penalty whole-grid cosine; then descending mean light-penalty and raw whole-grid cosine, descending support cosine, ascending leakage, descending minimum moderate score, then ascending B/P/S. light_penalty_rank applies the same deterministic rule with the light score first.",b050_p00100_s100,50,100,100,5,0.8745430942192283,0.868466527745763,0.8614775930042416,0.8898659954416309,0.8238245487909879,0.8270159844513459,0.7959780873087171,0.8467224543947545,0.7764997485989136,0.7728184584448919,0.730023844067997,0.8322200375242343,0.9289152154753395,0.11199349597549839,0.05318806475494057,1.0,0.004,4.2978783225773665,5.789861099088325,4.7282578539174285,1.27326932790308,5,1.0,True
reference,41,41,"primary performance rank: descending mean moderate-penalty whole-grid cosine; then descending mean light-penalty and raw whole-grid cosine, descending support cosine, ascending leakage, descending minimum moderate score, then ascending B/P/S. light_penalty_rank applies the same deterministic rule with the light score first.",b100_p00100_s100,100,100,100,5,0.8744339765638006,0.8752938842506535,0.8578448256839049,0.8960724295336531,0.8230041044966805,0.8139270694312805,0.7961507887947451,0.8528658514496971,0.7750686513409077,0.755960849319367,0.7314112166584299,0.827518144681266,0.9296302458428546,0.11349279863566149,0.05457162759266794,1.0,0.004,4.2978783225773665,5.789861099088325,5.0187469436363,1.3254558436090682,5,1.0,True
reference,42,42,"primary performance rank: descending mean moderate-penalty whole-grid cosine; then descending mean light-penalty and raw whole-grid cosine, descending support cosine, ascending leakage, descending minimum moderate score, then ascending B/P/S. light_penalty_rank applies the same deterministic rule with the light score first.",b050_p00100_s150,50,100,150,5,0.8756110397926504,0.8786581151047637,0.8417720080549422,0.9061345025336109,0.8227889328714701,0.8204471079633784,0.799536228183964,0.8634238598704923,0.7735547542458705,0.7719710286625004,0.7366769242459051,0.8227263830139907,0.9323031873358145,0.11622319895666003,0.059026831202208994,0.8,0.024,4.661292501052473,6.486955428383479,4.874505889805745,1.399308215112407,5,1.0,True
reference,43,44,"primary performance rank: descending mean moderate-penalty whole-grid cosine; then descending mean light-penalty and raw whole-grid cosine, descending support cosine, ascending leakage, descending minimum moderate score, then ascending B/P/S. light_penalty_rank applies the same deterministic rule with the light score first.",b050_p00100_s200,50,100,200,5,0.8705037639377714,0.8728038565883997,0.8404618767496884,0.8909228388655249,0.8178690325574831,0.8223377676208276,0.7897157980033938,0.8361552814987722,0.768982971469287,0.7590325161230682,0.7197957933630026,0.8163571500279877,0.9271945301633477,0.11595018678292249,0.054059127503423954,1.0,0.002,5.029901675567475,6.853103545658405,5.132684505113309,1.3788930019923584,5,1.0,True
reference,44,45,"primary performance rank: descending mean moderate-penalty whole-grid cosine; then descending mean light-penalty and raw whole-grid cosine, descending support cosine, ascending leakage, descending minimum moderate score, then ascending B/P/S. light_penalty_rank applies the same deterministic rule with the light score first.",b100_p00100_s200,100,100,200,5,0.8690875859397369,0.8756410865640544,0.8279338886004846,0.8919255758260267,0.817120047213554,0.8192328883937333,0.8029555433525879,0.8289177160889255,0.7688284848665818,0.7621234506784,0.7363035089302953,0.8106233295516131,0.9250242828304236,0.11423992543964609,0.049820669321343304,1.0,0.002,5.029901675567475,6.853103545658405,5.324906777249135,1.3855994437802295,5,1.0,True
reference,45,43,"primary performance rank: descending mean moderate-penalty whole-grid cosine; then descending mean light-penalty and raw whole-grid cosine, descending support cosine, ascending leakage, descending minimum moderate score, then ascending B/P/S. light_penalty_rank applies the same deterministic rule with the light score first.",b050_p00100_s250,50,100,250,5,0.876983674611951,0.8781601991892025,0.8483980732172913,0.9010500018822355,0.8198316281392388,0.8193528344196894,0.7845485270688455,0.8600059400459532,0.7669648045251112,0.7644835963773129,0.7052542034115844,0.8208314914481165,0.9388069509890281,0.12522104251154936,0.05467561958357692,0.8,0.12000000000000002,4.884925429018068,5.793256222823939,5.634675437127115,1.540582738296631,5,1.0,True
reference,46,47,"primary performance rank: descending mean moderate-penalty whole-grid cosine; then descending mean light-penalty and raw whole-grid cosine, descending support cosine, ascending leakage, descending minimum moderate score, then ascending B/P/S. light_penalty_rank applies the same deterministic rule with the light score first.",b010_p00100_s150,10,100,150,5,0.8575490302391294,0.8557384311384597,0.8067543385550231,0.9201235431323344,0.8050187326348744,0.8019307680129671,0.7458123742463049,0.8802637082042214,0.7567987999682877,0.7522556169236527,0.6592044668597503,0.8421306049224782,0.9148319625608254,0.11704079048140141,0.057579520954750475,0.8,0.024,4.661292501052473,6.486955428383479,3.9860003132582933,1.3529822818649442,5,1.0,True
reference,47,48,"primary performance rank: descending mean moderate-penalty whole-grid cosine; then descending mean light-penalty and raw whole-grid cosine, descending support cosine, ascending leakage, descending minimum moderate score, then ascending B/P/S. light_penalty_rank applies the same deterministic rule with the light score first.",b010_p00100_s100,10,100,100,5,0.8563750277720104,0.8649635834777112,0.8277258400163491,0.8811182981271537,0.8033684435974697,0.81914413746713,0.7470298279847885,0.8261037978673906,0.7539737769119395,0.7687151629757151,0.6742009695963581,0.7889898463783269,0.9132873238332977,0.11988345445687018,0.05057047489099205,1.0,0.004,4.2978783225773665,5.789861099088325,3.1429851997337743,1.087228767344432,5,1.0,True
reference,48,46,"primary performance rank: descending mean moderate-penalty whole-grid cosine; then descending mean light-penalty and raw whole-grid cosine, descending support cosine, ascending leakage, descending minimum moderate score, then ascending B/P/S. light_penalty_rank applies the same deterministic rule with the light score first.",b100_p00100_s050,100,100,50,5,0.8754693954504645,0.869183107914438,0.8655863512215286,0.900558877764072,0.8080169398097834,0.7970756371290185,0.77766468168897,0.8414595169017852,0.7462413779001948,0.725710362043154,0.6957824555489861,0.8019608596499044,0.9491548351062106,0.14767593234528717,0.04216722561977804,0.6,0.22800000000000004,4.089468344344077,4.265483102094396,4.269357566277661,1.1028506878899191,5,1.0,True
reference,49,49,"primary performance rank: descending mean moderate-penalty whole-grid cosine; then descending mean light-penalty and raw whole-grid cosine, descending support cosine, ascending leakage, descending minimum moderate score, then ascending B/P/S. light_penalty_rank applies the same deterministic rule with the light score first.",b010_p00100_s200,10,100,200,5,0.8576283908646689,0.8663203395647014,0.8036533502996974,0.8865392345350979,0.7970810404603996,0.7924779997356011,0.7650419692635687,0.8323451877166624,0.741630606779296,0.7531874915002336,0.6915801942748434,0.7825385008220481,0.9237730955817269,0.13392996721832978,0.05782341549056582,1.0,0.002,5.029901675567475,6.853103545658405,3.3706560450977108,1.1887319563378902,5,1.0,True
reference,50,51,"primary performance rank: descending mean moderate-penalty whole-grid cosine; then descending mean light-penalty and raw whole-grid cosine, descending support cosine, ascending leakage, descending minimum moderate score, then ascending B/P/S. light_penalty_rank applies the same deterministic rule with the light score first.",b010_p00100_s050,10,100,50,5,0.856368994305791,0.8574823702190705,0.8232969097928421,0.8933954200539661,0.7917092891344231,0.7870566739193605,0.7234502739840015,0.8628164527260739,0.7326954432452273,0.7350122187723573,0.635712696965205,0.8332841364351704,0.927283854948857,0.14560443379532312,0.033448663372546435,0.6,0.22800000000000004,4.089468344344077,4.265483102094396,3.866336842589677,1.31259258182825,5,1.0,True
reference,51,50,"primary performance rank: descending mean moderate-penalty whole-grid cosine; then descending mean light-penalty and raw whole-grid cosine, descending support cosine, ascending leakage, descending minimum moderate score, then ascending B/P/S. light_penalty_rank applies the same deterministic rule with the light score first.",b050_p00100_s050,50,100,50,5,0.871185144284617,0.8697944885902485,0.8552130755724815,0.8964668936272473,0.7953666339014498,0.7787748680847987,0.760789504596586,0.8355391382214938,0.7267525545884079,0.697395843020012,0.6714621575461834,0.8001891071649316,0.9550143871400966,0.16613522054542645,0.03981773615814745,0.6,0.22800000000000004,4.089468344344077,4.265483102094396,4.124336157419516,1.0993067895759125,5,1.0,True
reference,52,52,"primary performance rank: descending mean moderate-penalty whole-grid cosine; then descending mean light-penalty and raw whole-grid cosine, descending support cosine, ascending leakage, descending minimum moderate score, then ascending B/P/S. light_penalty_rank applies the same deterministic rule with the light score first.",b010_p00100_s250,10,100,250,5,0.8597088849455712,0.8542390913578742,0.8382115959880866,0.9050297333167687,0.7851582537070673,0.7884408464270821,0.706409444101654,0.8576353416673543,0.7189963958764602,0.721297361890671,0.5953321394077924,0.812722888762191,0.9438931718730101,0.16446115159459723,0.04477326523934607,0.8,0.12000000000000002,4.884925429018068,5.793256222823939,4.981751861031568,1.7788491887006117,5,1.0,True
